Threads,Dim,CheckSym,MatTranspose,Version,Sym,Trans
1,4,1e-06,0.0,SEQ,4e-07,2e-07
1,4,0.0,0.0,IMP,4e-07,4e-07
1,4,1.7e-05,7e-06,OMP,2e-05,4.6e-06
2,4,0.000159,9e-06,OMP,0.000137,1.1e-05
3,4,8.7e-05,1.1e-05,OMP,9e-05,1.04e-05
4,4,0.000107,1.1e-05,OMP,0.0001288,1.12e-05
5,4,0.000119,1.2e-05,OMP,0.0001518,1.84e-05
6,4,0.000137,9e-06,OMP,0.0001836,1.32e-05
7,4,0.000154,1.4e-05,OMP,0.0001484,1.22e-05
8,4,0.000174,1e-05,OMP,0.0001676,1.08e-05
9,4,0.000457,1.4e-05,OMP,0.000251,1.22e-05
10,4,0.000197,1e-05,OMP,0.0002208,1.2e-05
11,4,0.000216,1.3e-05,OMP,0.0002238,1.56e-05
12,4,0.000238,1e-05,OMP,0.00028,1.16e-05
13,4,0.000285,1.2e-05,OMP,0.0002688,1.62e-05
14,4,0.000316,1.7e-05,OMP,0.000411,0.0001096
15,4,0.000596,2.8e-05,OMP,0.0004888,2.24e-05
16,4,0.000635,2.4e-05,OMP,0.0004362,1.78e-05
17,4,0.000358,1.9e-05,OMP,0.0004646,1.88e-05
18,4,0.000739,1.7e-05,OMP,0.0004402,2e-05
19,4,0.000347,1.9e-05,OMP,0.0004096,1.88e-05
20,4,0.000367,1.5e-05,OMP,0.000389,1.5e-05
21,4,0.000448,1.4e-05,OMP,0.0004652,1.5e-05
22,4,0.000446,2.4e-05,OMP,0.0005574,2e-05
23,4,0.00045,2e-05,OMP,0.000513,1.78e-05
24,4,0.000432,1.5e-05,OMP,0.000631,1.72e-05
25,4,0.00048,1.7e-05,OMP,0.0004644,1.84e-05
26,4,0.001032,2e-05,OMP,0.0008248,1.96e-05
27,4,0.000508,1.9e-05,OMP,0.0004974,2.22e-05
28,4,0.000524,2.2e-05,OMP,0.000687,2.18e-05
29,4,0.00051,1.8e-05,OMP,0.0006394,2.08e-05
30,4,0.00059,2e-05,OMP,0.000689,2.08e-05
31,4,0.000975,1.8e-05,OMP,0.0007176,2.1e-05
32,4,0.00058,2.4e-05,OMP,0.0008182,2.6e-05
33,4,0.000984,3.5e-05,OMP,0.0006738,2.46e-05
34,4,0.000667,1.6e-05,OMP,0.0006142,2.08e-05
35,4,0.000927,2.1e-05,OMP,0.0006912,2.62e-05
36,4,0.000649,2.4e-05,OMP,0.0007296,2.12e-05
37,4,0.000699,1.9e-05,OMP,0.000715,2.36e-05
38,4,0.000715,1.9e-05,OMP,0.0007966,2.38e-05
39,4,0.000823,2.4e-05,OMP,0.0008966,2.64e-05
40,4,0.001302,2.2e-05,OMP,0.0008886,3.4e-05
41,4,0.000749,1.8e-05,OMP,0.000895,3.52e-05
42,4,0.000802,1.7e-05,OMP,0.0008102,2.54e-05
43,4,0.00075,2.8e-05,OMP,0.0010042,2.8e-05
44,4,0.000846,2.5e-05,OMP,0.0008244,2.42e-05
45,4,0.000832,3.3e-05,OMP,0.0008944,2.9e-05
46,4,0.000824,3e-05,OMP,0.0010166,2.78e-05
47,4,0.000892,4.3e-05,OMP,0.0009964,3.04e-05
48,4,0.000836,3e-05,OMP,0.0008836,3.14e-05
49,4,0.001229,3.1e-05,OMP,0.0011392,3.32e-05
50,4,0.001529,3.1e-05,OMP,0.0010286,3.88e-05
51,4,0.001243,6.6e-05,OMP,0.0009558,3.9e-05
52,4,0.000945,2.5e-05,OMP,0.0009228,3.24e-05
53,4,0.000901,4.3e-05,OMP,0.0009842,3.3e-05
54,4,0.000908,2.6e-05,OMP,0.0009408,3.34e-05
55,4,0.001056,2.3e-05,OMP,0.0010564,3.92e-05
56,4,0.00094,2.5e-05,OMP,0.0009562,3.58e-05
57,4,0.0015,2.3e-05,OMP,0.0011442,3.38e-05
58,4,0.001551,2.9e-05,OMP,0.0014002,3.3e-05
59,4,0.00105,4.3e-05,OMP,0.0010536,3.56e-05
60,4,0.001123,2.9e-05,OMP,0.0010852,3.7e-05
61,4,0.001014,3e-05,OMP,0.0011006,3.92e-05
62,4,0.001044,3.7e-05,OMP,0.001086,3.22e-05
63,4,0.001507,5.1e-05,OMP,0.001291,3.7e-05
64,4,0.001154,5e-05,OMP,0.0011268,3.86e-05
65,4,0.001145,2.8e-05,OMP,0.0012502,3.18e-05
66,4,0.001198,2.7e-05,OMP,0.0013306,5.72e-05
67,4,0.001211,2.7e-05,OMP,0.0012014,3.58e-05
68,4,0.001196,2.6e-05,OMP,0.0013084,4.14e-05
69,4,0.001259,4.7e-05,OMP,0.001229,4.74e-05
70,4,0.0014,9.5e-05,OMP,0.0013342,4.36e-05
71,4,0.001444,4.1e-05,OMP,0.0013162,4.02e-05
72,4,0.001372,3.5e-05,OMP,0.0013918,3.7e-05
73,4,0.001375,3.6e-05,OMP,0.0013482,4.4e-05
74,4,0.001459,7.5e-05,OMP,0.0013584,5.14e-05
75,4,0.001366,7.2e-05,OMP,0.0013774,4.4e-05
76,4,0.001358,6.2e-05,OMP,0.001388,4.56e-05
77,4,0.001386,3.5e-05,OMP,0.0013686,4.14e-05
78,4,0.002077,4.1e-05,OMP,0.0016766,4.08e-05
79,4,0.001447,5.7e-05,OMP,0.0014592,5.48e-05
80,4,0.001682,4.5e-05,OMP,0.0014938,4.48e-05
81,4,0.001409,4.9e-05,OMP,0.001503,5.32e-05
82,4,0.00149,3.4e-05,OMP,0.0016558,5.02e-05
83,4,0.001704,0.000116,OMP,0.001785,6.14e-05
84,4,0.001575,3.8e-05,OMP,0.001812,7.4e-05
85,4,0.002153,9.6e-05,OMP,0.0018676,6.4e-05
86,4,0.001844,3.8e-05,OMP,0.0018314,5.52e-05
87,4,0.001795,7.6e-05,OMP,0.0016232,5.06e-05
88,4,0.004175,5.4e-05,OMP,0.0023658,5.4e-05
89,4,0.001618,5.5e-05,OMP,0.0025694,5.52e-05
90,4,0.001608,7e-05,OMP,0.0053556,0.001958
91,4,0.002015,7.1e-05,OMP,0.0059734,0.001965
92,4,0.001773,6.3e-05,OMP,0.0039894,5.54e-05
93,4,0.009692,0.00954,OMP,0.0072244,0.0038176
94,4,0.005791,5.4e-05,OMP,0.0088736,0.0019492
95,4,0.009817,9.9e-05,OMP,0.0087752,0.004805
96,4,0.009772,0.008547,OMP,0.009482,0.006993
1,8,1e-06,0.0,SEQ,8e-07,2e-07
1,8,2e-06,1e-06,IMP,6e-07,8e-07
1,8,1.5e-05,3e-06,OMP,1.32e-05,2.6e-06
2,8,0.000126,1e-05,OMP,8.98e-05,8.8e-06
3,8,8.9e-05,1e-05,OMP,9.54e-05,9.4e-06
4,8,0.000113,1.2e-05,OMP,0.0001296,1.3e-05
5,8,0.00026,1e-05,OMP,0.0001594,1.08e-05
6,8,0.000179,1e-05,OMP,0.0002076,1.54e-05
7,8,0.0002,1.2e-05,OMP,0.0001918,1.14e-05
8,8,0.000188,9e-06,OMP,0.0001696,1.1e-05
9,8,0.00046,1.7e-05,OMP,0.0003116,1.54e-05
10,8,0.000436,1.7e-05,OMP,0.00031,1.4e-05
11,8,0.0002,1.6e-05,OMP,0.00025,1.46e-05
12,8,0.000228,1e-05,OMP,0.0002332,1.16e-05
13,8,0.000275,1.4e-05,OMP,0.000259,1.58e-05
14,8,0.000586,1.2e-05,OMP,0.0003322,1.26e-05
15,8,0.000292,1.3e-05,OMP,0.0002776,1.56e-05
16,8,0.000322,1.3e-05,OMP,0.0003752,1.84e-05
17,8,0.000352,1.3e-05,OMP,0.000398,1.84e-05
18,8,0.000401,1.2e-05,OMP,0.0003538,1.66e-05
19,8,0.000755,1.5e-05,OMP,0.0005198,2.1e-05
20,8,0.000379,1.3e-05,OMP,0.0003666,1.78e-05
21,8,0.000479,1.9e-05,OMP,0.0004686,1.58e-05
22,8,0.000437,1.4e-05,OMP,0.0004356,1.58e-05
23,8,0.000404,1.3e-05,OMP,0.000689,2.48e-05
24,8,0.000408,2.2e-05,OMP,0.0004268,2.72e-05
25,8,0.000465,1.6e-05,OMP,0.0005552,1.82e-05
26,8,0.0005,1.5e-05,OMP,0.0005438,2.3e-05
27,8,0.000476,1.7e-05,OMP,0.0006016,2.08e-05
28,8,0.000488,1.7e-05,OMP,0.0005652,2.06e-05
29,8,0.000526,2.7e-05,OMP,0.000723,2.66e-05
30,8,0.000932,2.2e-05,OMP,0.0006948,2.44e-05
31,8,0.000577,1.9e-05,OMP,0.0006672,1.94e-05
32,8,0.000572,3.6e-05,OMP,0.0005752,2.58e-05
33,8,0.000582,1.9e-05,OMP,0.0005878,2.36e-05
34,8,0.000658,2.1e-05,OMP,0.000722,2.94e-05
35,8,0.000655,2.4e-05,OMP,0.0006194,2.78e-05
36,8,0.000627,6.3e-05,OMP,0.0007604,3.3e-05
37,8,0.000664,2.6e-05,OMP,0.0007626,2.42e-05
38,8,0.000728,1.9e-05,OMP,0.000674,2.56e-05
39,8,0.000728,2.8e-05,OMP,0.0009478,2.7e-05
40,8,0.000691,2.9e-05,OMP,0.0008428,3.72e-05
41,8,0.000705,3.3e-05,OMP,0.0006918,3.3e-05
42,8,0.001402,2.1e-05,OMP,0.0008468,3.06e-05
43,8,0.000757,2e-05,OMP,0.0008826,2.82e-05
44,8,0.000796,2.8e-05,OMP,0.000895,2.78e-05
45,8,0.000767,2.5e-05,OMP,0.0009014,2.98e-05
46,8,0.000858,3e-05,OMP,0.000888,3.26e-05
47,8,0.000835,3.5e-05,OMP,0.000834,3.06e-05
48,8,0.000818,2.2e-05,OMP,0.0008166,2.76e-05
49,8,0.000857,3.8e-05,OMP,0.0008492,3.58e-05
50,8,0.000974,3.1e-05,OMP,0.000878,3.12e-05
51,8,0.001573,2.8e-05,OMP,0.001161,2.58e-05
52,8,0.0009,3.3e-05,OMP,0.001165,3.18e-05
53,8,0.000974,4.9e-05,OMP,0.0009346,3.68e-05
54,8,0.000955,3.1e-05,OMP,0.000924,3.42e-05
55,8,0.001027,3.9e-05,OMP,0.0009686,3.44e-05
56,8,0.001045,3.7e-05,OMP,0.0011348,3.56e-05
57,8,0.000955,2.8e-05,OMP,0.0009834,3.86e-05
58,8,0.001018,3.8e-05,OMP,0.00113,4.92e-05
59,8,0.001647,2.6e-05,OMP,0.0012728,3.9e-05
60,8,0.001016,2.7e-05,OMP,0.0011444,3.52e-05
61,8,0.001005,0.0001,OMP,0.001151,4.82e-05
62,8,0.00112,3.6e-05,OMP,0.001197,4.92e-05
63,8,0.001082,2.5e-05,OMP,0.0012274,5.66e-05
64,8,0.001076,3.7e-05,OMP,0.0012572,3.58e-05
65,8,0.00189,3.1e-05,OMP,0.0014346,3.5e-05
66,8,0.001187,7e-05,OMP,0.0013038,4.36e-05
67,8,0.001181,2.5e-05,OMP,0.0011888,3.48e-05
68,8,0.001231,0.000174,OMP,0.0012022,5.98e-05
69,8,0.001127,2.7e-05,OMP,0.0013432,3.82e-05
70,8,0.001206,3.8e-05,OMP,0.0013356,4.54e-05
71,8,0.001597,4.1e-05,OMP,0.001427,4.86e-05
72,8,0.001712,3.7e-05,OMP,0.0015402,3.78e-05
73,8,0.001407,5e-05,OMP,0.0015604,4.08e-05
74,8,0.00149,3.8e-05,OMP,0.0016016,4.38e-05
75,8,0.001527,4e-05,OMP,0.0013816,3.14e-05
76,8,0.001737,5.5e-05,OMP,0.0015632,4.32e-05
77,8,0.001728,6.7e-05,OMP,0.0014908,4.34e-05
78,8,0.001425,6.2e-05,OMP,0.0014804,5.9e-05
79,8,0.001454,5e-05,OMP,0.0014654,4.74e-05
80,8,0.001456,5.6e-05,OMP,0.00165,4.24e-05
81,8,0.001453,5.7e-05,OMP,0.0015052,4.34e-05
82,8,0.001456,2.8e-05,OMP,0.0016596,5.3e-05
83,8,0.001614,3.5e-05,OMP,0.0016644,4.78e-05
84,8,0.001597,6.8e-05,OMP,0.0016264,5.2e-05
85,8,0.001594,3.9e-05,OMP,0.001797,5.08e-05
86,8,0.00214,0.000111,OMP,0.002067,5.86e-05
87,8,0.001598,4.9e-05,OMP,0.0016908,4.1e-05
88,8,0.001558,5.7e-05,OMP,0.004087,0.0009624
89,8,0.009714,0.004817,OMP,0.0038706,0.0010014
90,8,0.010582,0.009456,OMP,0.0041832,0.0019352
91,8,0.006624,6.3e-05,OMP,0.0059956,5.48e-05
92,8,0.010899,0.004776,OMP,0.0077052,0.0014474
93,8,0.009661,0.009465,OMP,0.0086394,0.0038278
94,8,0.009848,0.009475,OMP,0.0098862,0.003865
95,8,0.005115,5.2e-05,OMP,0.0082608,0.0038416
96,8,0.01011,0.009474,OMP,0.0101126,0.0057446
1,16,1e-06,1e-06,SEQ,1.6e-06,1e-06
1,16,2e-06,0.0,IMP,1.6e-06,8e-07
1,16,1.8e-05,3e-06,OMP,2.16e-05,4.2e-06
2,16,0.000117,6e-06,OMP,0.0001082,8e-06
3,16,9.4e-05,7e-06,OMP,9.04e-05,8e-06
4,16,0.000198,1.5e-05,OMP,0.0001418,1.24e-05
5,16,0.000108,1e-05,OMP,0.0001512,1.08e-05
6,16,0.000176,1e-05,OMP,0.0001644,1.02e-05
7,16,0.000148,9e-06,OMP,0.000214,1.18e-05
8,16,0.000191,1e-05,OMP,0.0002052,1.32e-05
9,16,0.000227,1.2e-05,OMP,0.000285,1.44e-05
10,16,0.000257,1.3e-05,OMP,0.0002696,1.64e-05
11,16,0.000194,1.2e-05,OMP,0.0002688,1.46e-05
12,16,0.00024,1.1e-05,OMP,0.0002396,1.44e-05
13,16,0.000296,1.2e-05,OMP,0.0002752,1.24e-05
14,16,0.000286,1.6e-05,OMP,0.0003294,1.48e-05
15,16,0.000607,1.5e-05,OMP,0.0004096,1.54e-05
16,16,0.000599,1.6e-05,OMP,0.0004676,1.46e-05
17,16,0.000352,1.5e-05,OMP,0.0003176,2.18e-05
18,16,0.000316,2.1e-05,OMP,0.000343,1.6e-05
19,16,0.000327,1.3e-05,OMP,0.0003918,2.2e-05
20,16,0.000751,1.6e-05,OMP,0.0005084,1.46e-05
21,16,0.00085,1.9e-05,OMP,0.0006486,1.86e-05
22,16,0.000725,1.4e-05,OMP,0.000611,1.76e-05
23,16,0.000445,1.4e-05,OMP,0.0004228,1.68e-05
24,16,0.000891,1.8e-05,OMP,0.0005246,1.76e-05
25,16,0.000964,2e-05,OMP,0.000541,2.08e-05
26,16,0.000507,2.2e-05,OMP,0.0006176,2.02e-05
27,16,0.000506,1.6e-05,OMP,0.0004946,2.4e-05
28,16,0.000765,2.5e-05,OMP,0.0005756,2.18e-05
29,16,0.000574,2.8e-05,OMP,0.0007236,2.26e-05
30,16,0.000567,2.1e-05,OMP,0.0007352,1.94e-05
31,16,0.000548,2.4e-05,OMP,0.0005602,2.3e-05
32,16,0.000586,2.7e-05,OMP,0.0008154,2.44e-05
33,16,0.000605,2.4e-05,OMP,0.0005918,2.12e-05
34,16,0.000641,2.5e-05,OMP,0.000738,2.86e-05
35,16,0.000935,2.2e-05,OMP,0.000861,2.7e-05
36,16,0.000967,2.2e-05,OMP,0.0008338,2.64e-05
37,16,0.000921,3.3e-05,OMP,0.0006956,2.92e-05
38,16,0.000642,2.9e-05,OMP,0.0007478,2.12e-05
39,16,0.00148,8.9e-05,OMP,0.000946,4.02e-05
40,16,0.001071,3.3e-05,OMP,0.0009736,2.6e-05
41,16,0.000666,2.8e-05,OMP,0.0006934,2.6e-05
42,16,0.001487,2e-05,OMP,0.0010126,2.2e-05
43,16,0.000796,4e-05,OMP,0.000916,2.84e-05
44,16,0.000857,0.000131,OMP,0.0009024,4.92e-05
45,16,0.001068,2.3e-05,OMP,0.0011032,2.1e-05
46,16,0.000826,1.8e-05,OMP,0.0010386,2.26e-05
47,16,0.001262,2.4e-05,OMP,0.0009306,3.86e-05
48,16,0.00086,3.6e-05,OMP,0.00096,2.5e-05
49,16,0.000823,3.6e-05,OMP,0.0010612,3.3e-05
50,16,0.001636,2.3e-05,OMP,0.0010404,3.28e-05
51,16,0.000934,2.6e-05,OMP,0.0009016,3.72e-05
52,16,0.001205,3.8e-05,OMP,0.0010344,3.32e-05
53,16,0.00094,4.7e-05,OMP,0.0009194,3.24e-05
54,16,0.000977,3.1e-05,OMP,0.0009552,2.64e-05
55,16,0.000934,2.2e-05,OMP,0.0011058,2.96e-05
56,16,0.000993,4.3e-05,OMP,0.0009856,3.1e-05
57,16,0.001047,4.1e-05,OMP,0.0009938,3e-05
58,16,0.000994,3e-05,OMP,0.0012146,2.88e-05
59,16,0.001083,2.7e-05,OMP,0.001195,3.9e-05
60,16,0.001388,2.4e-05,OMP,0.0012804,3.42e-05
61,16,0.001298,2.5e-05,OMP,0.0011596,3.68e-05
62,16,0.001167,3.1e-05,OMP,0.001174,2.92e-05
63,16,0.001171,5.4e-05,OMP,0.0011832,4.44e-05
64,16,0.001362,2.2e-05,OMP,0.0013304,3.22e-05
65,16,0.001078,3.7e-05,OMP,0.0011524,4.42e-05
66,16,0.001505,5.3e-05,OMP,0.0012026,5.78e-05
67,16,0.001335,2.7e-05,OMP,0.0013706,3.58e-05
68,16,0.001251,3.3e-05,OMP,0.0012442,3.74e-05
69,16,0.001272,4.7e-05,OMP,0.0013684,5.12e-05
70,16,0.001848,5.5e-05,OMP,0.0014628,4.62e-05
71,16,0.001279,2.8e-05,OMP,0.0012756,3.5e-05
72,16,0.00155,7.2e-05,OMP,0.0014078,7.28e-05
73,16,0.001293,2.5e-05,OMP,0.0013508,3.7e-05
74,16,0.00135,3.1e-05,OMP,0.0014106,4.38e-05
75,16,0.001878,4.6e-05,OMP,0.0015966,3.94e-05
76,16,0.001539,2.9e-05,OMP,0.001384,3.6e-05
77,16,0.001355,4.1e-05,OMP,0.0013876,4.14e-05
78,16,0.001384,5.6e-05,OMP,0.0014926,5.26e-05
79,16,0.001522,4.1e-05,OMP,0.0017002,5.22e-05
80,16,0.001397,6.2e-05,OMP,0.001407,4.82e-05
81,16,0.001548,6.5e-05,OMP,0.0014894,4.96e-05
82,16,0.001442,7e-05,OMP,0.0016214,7.18e-05
83,16,0.001495,5.3e-05,OMP,0.0017616,5.02e-05
84,16,0.001559,7.1e-05,OMP,0.0015596,4.3e-05
85,16,0.001558,7e-05,OMP,0.001634,6.04e-05
86,16,0.001608,6.7e-05,OMP,0.001732,4.78e-05
87,16,0.001951,4.6e-05,OMP,0.001961,5.16e-05
88,16,0.002208,4.8e-05,OMP,0.0017082,4.9e-05
89,16,0.002067,3.4e-05,OMP,0.0017002,5.3e-05
90,16,0.001631,4.3e-05,OMP,0.0017432,4.74e-05
91,16,0.004332,5.7e-05,OMP,0.0061674,0.0010168
92,16,0.008412,5.5e-05,OMP,0.0066476,5.46e-05
93,16,0.002699,3.5e-05,OMP,0.0063152,0.0019514
94,16,0.010327,0.00953,OMP,0.0111434,0.0057428
95,16,0.014764,0.004784,OMP,0.0093066,0.0038394
96,16,0.010071,0.009469,OMP,0.009162,0.006662
1,32,3e-06,3e-06,SEQ,6.4e-06,4.2e-06
1,32,3e-06,1e-06,IMP,2.6e-06,1.4e-06
1,32,1.9e-05,5e-06,OMP,2.4e-05,7e-06
2,32,7.2e-05,2.1e-05,OMP,9.64e-05,1.48e-05
3,32,0.000108,1.4e-05,OMP,9.74e-05,1.2e-05
4,32,0.000209,2.4e-05,OMP,0.0001544,1.7e-05
5,32,0.00011,1e-05,OMP,0.000152,1.36e-05
6,32,0.000175,1.2e-05,OMP,0.0001516,1.26e-05
7,32,0.000143,1.3e-05,OMP,0.000152,1.6e-05
8,32,0.000166,1.1e-05,OMP,0.0001656,1.24e-05
9,32,0.00023,2.1e-05,OMP,0.0002378,2.16e-05
10,32,0.000242,1.1e-05,OMP,0.000344,2.2e-05
11,32,0.000258,1.4e-05,OMP,0.0002308,1.4e-05
12,32,0.000253,1.2e-05,OMP,0.0004376,2.4e-05
13,32,0.000557,1.3e-05,OMP,0.0004436,1.94e-05
14,32,0.000336,2.4e-05,OMP,0.000414,1.78e-05
15,32,0.000622,2.1e-05,OMP,0.0005038,1.7e-05
16,32,0.000289,2.3e-05,OMP,0.000368,1.74e-05
17,32,0.000437,1.9e-05,OMP,0.0004894,2.2e-05
18,32,0.000635,2.1e-05,OMP,0.0005924,1.78e-05
19,32,0.000409,1.6e-05,OMP,0.0004584,1.96e-05
20,32,0.00041,2.2e-05,OMP,0.000612,2.12e-05
21,32,0.000704,1.3e-05,OMP,0.000525,1.52e-05
22,32,0.000465,2e-05,OMP,0.0005016,2.78e-05
23,32,0.000388,2.8e-05,OMP,0.0004112,2.14e-05
24,32,0.000419,2.7e-05,OMP,0.0004454,2.48e-05
25,32,0.000446,1.7e-05,OMP,0.0004366,2.1e-05
26,32,0.000501,1.7e-05,OMP,0.0005018,2.14e-05
27,32,0.000479,2.3e-05,OMP,0.0005984,2.06e-05
28,32,0.000541,2.8e-05,OMP,0.0006124,2.52e-05
29,32,0.000567,2.8e-05,OMP,0.0005824,2.32e-05
30,32,0.000595,2e-05,OMP,0.0005536,2.16e-05
31,32,0.000862,3.9e-05,OMP,0.000667,2.76e-05
32,32,0.000564,2.6e-05,OMP,0.0005552,2.94e-05
33,32,0.00062,2.4e-05,OMP,0.000576,2.16e-05
34,32,0.000877,2e-05,OMP,0.0006562,2.64e-05
35,32,0.000656,6.2e-05,OMP,0.0006862,3.24e-05
36,32,0.000916,2.5e-05,OMP,0.0006794,3.3e-05
37,32,0.000647,2.7e-05,OMP,0.0006298,2.8e-05
38,32,0.000611,4.3e-05,OMP,0.0006452,3.36e-05
39,32,0.001305,1.8e-05,OMP,0.0008438,2.58e-05
40,32,0.000757,3.2e-05,OMP,0.0009168,2.64e-05
41,32,0.001002,3.7e-05,OMP,0.0009458,3.74e-05
42,32,0.001055,3.3e-05,OMP,0.0008586,2.88e-05
43,32,0.000784,4e-05,OMP,0.0008916,3.42e-05
44,32,0.001368,2.5e-05,OMP,0.0009958,2.78e-05
45,32,0.000778,3.6e-05,OMP,0.000992,2.82e-05
46,32,0.000824,2.6e-05,OMP,0.0009446,5.2e-05
47,32,0.000824,2.8e-05,OMP,0.0009592,3.56e-05
48,32,0.000893,2.9e-05,OMP,0.0008658,3.04e-05
49,32,0.001421,2.9e-05,OMP,0.0010954,3.26e-05
50,32,0.000939,0.000108,OMP,0.0011138,5e-05
51,32,0.001278,4.6e-05,OMP,0.0009916,3.48e-05
52,32,0.000898,3.4e-05,OMP,0.0009122,3.28e-05
53,32,0.001001,4.7e-05,OMP,0.0011938,4.04e-05
54,32,0.001624,2.6e-05,OMP,0.001251,3.4e-05
55,32,0.000954,3e-05,OMP,0.0010214,3.92e-05
56,32,0.001046,3.7e-05,OMP,0.0010038,3.28e-05
57,32,0.001051,4.3e-05,OMP,0.0010294,5.02e-05
58,32,0.001047,4e-05,OMP,0.0010166,2.82e-05
59,32,0.001036,3e-05,OMP,0.0010718,3.04e-05
60,32,0.001762,5e-05,OMP,0.001327,4.78e-05
61,32,0.001037,4.2e-05,OMP,0.001077,4.34e-05
62,32,0.001158,2.8e-05,OMP,0.0011712,3.18e-05
63,32,0.001195,6.4e-05,OMP,0.0011088,4.2e-05
64,32,0.00113,3.8e-05,OMP,0.0011296,4.96e-05
65,32,0.001526,3.6e-05,OMP,0.001243,3.2e-05
66,32,0.00115,6.2e-05,OMP,0.0011738,4.4e-05
67,32,0.001129,2.9e-05,OMP,0.0012652,3.7e-05
68,32,0.001224,3.5e-05,OMP,0.0012128,4.52e-05
69,32,0.001272,2.9e-05,OMP,0.0012424,4e-05
70,32,0.001931,4.1e-05,OMP,0.0016738,5.48e-05
71,32,0.001217,5e-05,OMP,0.0014016,7.36e-05
72,32,0.001428,3.6e-05,OMP,0.001435,4.04e-05
73,32,0.001239,4.2e-05,OMP,0.0015518,4.18e-05
74,32,0.001258,3.5e-05,OMP,0.0014868,4.36e-05
75,32,0.001344,4.3e-05,OMP,0.0014074,6.56e-05
76,32,0.001949,3.6e-05,OMP,0.0016642,4.54e-05
77,32,0.001323,2.9e-05,OMP,0.0015012,4.82e-05
78,32,0.001783,4.7e-05,OMP,0.0017236,4.5e-05
79,32,0.001457,3.9e-05,OMP,0.0016962,4.44e-05
80,32,0.001702,3.9e-05,OMP,0.001483,4.84e-05
81,32,0.001909,5.4e-05,OMP,0.001535,5.54e-05
82,32,0.001479,3.8e-05,OMP,0.0015308,4.6e-05
83,32,0.001501,5.2e-05,OMP,0.0014914,4.42e-05
84,32,0.00146,5.7e-05,OMP,0.0014838,4.48e-05
85,32,0.003075,3.8e-05,OMP,0.003574,5.4e-05
86,32,0.004456,3.8e-05,OMP,0.0023204,5.38e-05
87,32,0.002254,5.4e-05,OMP,0.0021966,5.32e-05
88,32,0.001888,7.8e-05,OMP,0.0027308,6.36e-05
89,32,0.001874,0.000116,OMP,0.0024552,6.76e-05
90,32,0.001698,7.4e-05,OMP,0.0050634,5.92e-05
91,32,0.006069,4.3e-05,OMP,0.0061596,0.0010376
92,32,0.007335,6.1e-05,OMP,0.0074864,0.0019278
93,32,0.002046,5.8e-05,OMP,0.0047276,0.0019484
94,32,0.00966,5.5e-05,OMP,0.0074824,0.0019664
95,32,0.009791,0.00951,OMP,0.0098534,0.0075994
96,32,0.009645,0.009456,OMP,0.0091152,0.0075872
1,64,1.1e-05,1.1e-05,SEQ,1.28e-05,1.16e-05
1,64,8e-06,8e-06,IMP,9e-06,8.6e-06
1,64,9.2e-05,6.4e-05,OMP,4.16e-05,2.56e-05
2,64,0.000131,2e-05,OMP,0.0001002,2.04e-05
3,64,0.000231,6e-05,OMP,0.0001526,3.74e-05
4,64,0.000114,2.2e-05,OMP,0.0001158,2.2e-05
5,64,0.000118,2.4e-05,OMP,0.000136,2.16e-05
6,64,0.000357,2.2e-05,OMP,0.0002184,2.16e-05
7,64,0.000151,2.3e-05,OMP,0.0001908,2.82e-05
8,64,0.000178,2.3e-05,OMP,0.0001874,2.5e-05
9,64,0.000432,5.6e-05,OMP,0.0002992,3e-05
10,64,0.00052,6.1e-05,OMP,0.0003382,3.42e-05
11,64,0.000217,2.7e-05,OMP,0.0004056,4.38e-05
12,64,0.000466,2.8e-05,OMP,0.0003294,2.82e-05
13,64,0.000553,2.4e-05,OMP,0.0004156,3.42e-05
14,64,0.000297,2.7e-05,OMP,0.0003826,3.94e-05
15,64,0.000321,2.5e-05,OMP,0.0003086,2.9e-05
16,64,0.000311,2.7e-05,OMP,0.0003004,2.86e-05
17,64,0.000358,2.9e-05,OMP,0.0003432,2.94e-05
18,64,0.000412,3.5e-05,OMP,0.0005626,4.92e-05
19,64,0.000534,2.8e-05,OMP,0.00044,3.02e-05
20,64,0.000376,2.6e-05,OMP,0.000413,3.14e-05
21,64,0.000422,2.9e-05,OMP,0.0005008,3.58e-05
22,64,0.000443,2.8e-05,OMP,0.0004646,3.7e-05
23,64,0.000435,3.6e-05,OMP,0.0004346,3.46e-05
24,64,0.000621,3.7e-05,OMP,0.0005672,3.92e-05
25,64,0.000436,3.1e-05,OMP,0.0004628,3.3e-05
26,64,0.000497,3.9e-05,OMP,0.0007152,3.78e-05
27,64,0.00104,6.5e-05,OMP,0.0008368,5.54e-05
28,64,0.000498,3.6e-05,OMP,0.0005156,3.48e-05
29,64,0.000758,4.1e-05,OMP,0.0007278,4.24e-05
30,64,0.000597,3.6e-05,OMP,0.0005658,3.38e-05
31,64,0.000889,3.4e-05,OMP,0.0006228,3.64e-05
32,64,0.000546,4.5e-05,OMP,0.0007274,4.14e-05
33,64,0.000555,3.7e-05,OMP,0.0006242,3.86e-05
34,64,0.000838,3.4e-05,OMP,0.0008762,4e-05
35,64,0.000657,4e-05,OMP,0.0006892,3.92e-05
36,64,0.001218,4.2e-05,OMP,0.0007632,4.26e-05
37,64,0.00069,3.8e-05,OMP,0.0007858,3.94e-05
38,64,0.00072,3.4e-05,OMP,0.000706,3.92e-05
39,64,0.000749,3.9e-05,OMP,0.0008356,4.6e-05
40,64,0.000735,5.4e-05,OMP,0.0007196,4.06e-05
41,64,0.000705,5.6e-05,OMP,0.0007258,4.68e-05
42,64,0.00089,4.1e-05,OMP,0.0007966,4.06e-05
43,64,0.000754,4.6e-05,OMP,0.0007654,4.24e-05
44,64,0.000818,4.4e-05,OMP,0.0009348,4.4e-05
45,64,0.00079,5.3e-05,OMP,0.0007802,4.5e-05
46,64,0.000937,4.3e-05,OMP,0.0009566,4.72e-05
47,64,0.001034,4.3e-05,OMP,0.0009236,4.58e-05
48,64,0.000863,4.1e-05,OMP,0.0008574,4.46e-05
49,64,0.000911,4.1e-05,OMP,0.000931,4.4e-05
50,64,0.000805,5.5e-05,OMP,0.0008662,4.28e-05
51,64,0.001325,4.5e-05,OMP,0.0010018,4.8e-05
52,64,0.001267,4.8e-05,OMP,0.0010308,4.52e-05
53,64,0.001056,9.4e-05,OMP,0.0012024,5.8e-05
54,64,0.00103,4.9e-05,OMP,0.0010602,5.44e-05
55,64,0.000995,4.1e-05,OMP,0.0011974,5.1e-05
56,64,0.00115,6.4e-05,OMP,0.001245,4.94e-05
57,64,0.001272,5e-05,OMP,0.001346,4.7e-05
58,64,0.001288,4.8e-05,OMP,0.0012426,5.28e-05
59,64,0.00112,4.9e-05,OMP,0.001059,5.22e-05
60,64,0.001041,6.9e-05,OMP,0.0012294,5.4e-05
61,64,0.0011,4.6e-05,OMP,0.0010906,4.96e-05
62,64,0.001092,4.2e-05,OMP,0.001076,4.48e-05
63,64,0.001109,4.3e-05,OMP,0.001226,4.42e-05
64,64,0.001255,6.3e-05,OMP,0.00114,5.54e-05
65,64,0.001109,6.1e-05,OMP,0.0013878,5.18e-05
66,64,0.001287,4.4e-05,OMP,0.0013936,5.36e-05
67,64,0.001191,4.3e-05,OMP,0.0011832,5.58e-05
68,64,0.001642,4.3e-05,OMP,0.0012918,5.12e-05
69,64,0.001201,4.6e-05,OMP,0.0012562,6.62e-05
70,64,0.001174,6e-05,OMP,0.0013068,6.56e-05
71,64,0.001354,5.2e-05,OMP,0.0014084,5.28e-05
72,64,0.001399,4.7e-05,OMP,0.001314,5.32e-05
73,64,0.001405,4.4e-05,OMP,0.001334,5.4e-05
74,64,0.001356,8e-05,OMP,0.0014018,6.88e-05
75,64,0.001371,5.1e-05,OMP,0.0015752,5.66e-05
76,64,0.00173,6.3e-05,OMP,0.0014954,5.66e-05
77,64,0.001373,7.2e-05,OMP,0.001411,6.2e-05
78,64,0.001451,6.4e-05,OMP,0.0015962,6.06e-05
79,64,0.001393,5.2e-05,OMP,0.0014088,6.9e-05
80,64,0.001769,5e-05,OMP,0.001615,5.38e-05
81,64,0.001457,6.2e-05,OMP,0.0015994,5.3e-05
82,64,0.001955,5.7e-05,OMP,0.0016718,5.32e-05
83,64,0.001583,7.3e-05,OMP,0.0016496,6.66e-05
84,64,0.001566,6.8e-05,OMP,0.0015818,6.48e-05
85,64,0.001505,4.7e-05,OMP,0.0032536,7.18e-05
86,64,0.002312,7.1e-05,OMP,0.001888,6.66e-05
87,64,0.00156,6e-05,OMP,0.0017276,5.64e-05
88,64,0.001917,0.000103,OMP,0.0020828,9.86e-05
89,64,0.002518,6e-05,OMP,0.0018892,6.76e-05
90,64,0.009681,0.000131,OMP,0.0048722,0.001024
91,64,0.003456,0.000123,OMP,0.0049284,8.04e-05
92,64,0.009783,0.000112,OMP,0.0080646,0.0012166
93,64,0.009922,0.000128,OMP,0.009454,0.0038346
94,64,0.003679,8.9e-05,OMP,0.0065942,0.0038308
95,64,0.009812,0.009505,OMP,0.0091068,0.0067034
96,64,0.01015,0.009506,OMP,0.0115084,0.0060474
1,128,4.6e-05,5.6e-05,SEQ,4.68e-05,5.58e-05
1,128,3.2e-05,4.3e-05,IMP,6.28e-05,6.7e-05
1,128,7.8e-05,6.1e-05,OMP,7.58e-05,6e-05
2,128,0.000187,7.8e-05,OMP,0.0001528,9.4e-05
3,128,0.00016,9.4e-05,OMP,0.0001716,9.28e-05
4,128,0.000171,8e-05,OMP,0.0002094,9.54e-05
5,128,0.000298,0.000105,OMP,0.0002096,0.0001094
6,128,0.000234,0.000102,OMP,0.0002104,9.9e-05
7,128,0.000587,6e-05,OMP,0.000311,9.5e-05
8,128,0.000217,8.9e-05,OMP,0.0002312,9.54e-05
9,128,0.000301,9.7e-05,OMP,0.0002634,0.0001006
10,128,0.000275,8.6e-05,OMP,0.000313,9.62e-05
11,128,0.000308,8.6e-05,OMP,0.000269,9.82e-05
12,128,0.000273,0.000121,OMP,0.0003328,0.0001006
13,128,0.000296,8.7e-05,OMP,0.0002778,9.8e-05
14,128,0.000362,9.4e-05,OMP,0.0003156,9.86e-05
15,128,0.000361,9.1e-05,OMP,0.0003364,9.82e-05
16,128,0.00062,9.2e-05,OMP,0.0005054,9.5e-05
17,128,0.0004,9.4e-05,OMP,0.0003398,0.0001106
18,128,0.000418,0.000103,OMP,0.0003846,0.0001066
19,128,0.000372,9.6e-05,OMP,0.000374,0.0001022
20,128,0.000346,0.000105,OMP,0.000375,0.0001006
21,128,0.0005,0.000104,OMP,0.0004296,0.0001022
22,128,0.000474,9.1e-05,OMP,0.0005268,0.000101
23,128,0.000506,0.000112,OMP,0.0004566,0.0001086
24,128,0.000482,0.000122,OMP,0.0005196,0.0001136
25,128,0.000492,0.000145,OMP,0.0004912,0.0001292
26,128,0.000482,0.000112,OMP,0.0006386,0.0001052
27,128,0.000516,0.000128,OMP,0.0005216,0.0001058
28,128,0.000536,9.5e-05,OMP,0.0006182,0.0001064
29,128,0.000603,7.7e-05,OMP,0.0005658,0.0001032
30,128,0.000626,8.2e-05,OMP,0.0006834,0.0001024
31,128,0.000588,9.1e-05,OMP,0.0005884,0.0001082
32,128,0.000586,0.000109,OMP,0.0007366,9.7e-05
33,128,0.000919,9.8e-05,OMP,0.0006686,0.0001026
34,128,0.000606,0.000101,OMP,0.0006338,0.0001068
35,128,0.000671,0.000107,OMP,0.000646,0.0001078
36,128,0.001073,9.3e-05,OMP,0.0008292,9.48e-05
37,128,0.000618,0.000116,OMP,0.0007912,9.64e-05
38,128,0.000746,0.000111,OMP,0.000808,0.0001068
39,128,0.00079,7.9e-05,OMP,0.0008484,9.78e-05
40,128,0.000715,0.000103,OMP,0.0008504,0.0001036
41,128,0.000794,0.00011,OMP,0.0008386,9.58e-05
42,128,0.000824,0.000125,OMP,0.0007632,0.0001098
43,128,0.000782,9.6e-05,OMP,0.0008526,9.82e-05
44,128,0.000912,0.000125,OMP,0.0008336,0.000105
45,128,0.000811,8.8e-05,OMP,0.0008328,9.24e-05
46,128,0.000781,0.000123,OMP,0.0007886,9.3e-05
47,128,0.000801,8.5e-05,OMP,0.0009174,0.0001
48,128,0.000846,8.6e-05,OMP,0.0008466,9.64e-05
49,128,0.00085,0.000125,OMP,0.0008704,0.000105
50,128,0.000892,8.3e-05,OMP,0.000922,8.72e-05
51,128,0.000855,0.000115,OMP,0.0009316,9.54e-05
52,128,0.000928,7.9e-05,OMP,0.0010008,0.0001044
53,128,0.000975,9.4e-05,OMP,0.0009934,9.16e-05
54,128,0.000948,8.7e-05,OMP,0.0010286,0.0001012
55,128,0.001001,9e-05,OMP,0.0010174,8.04e-05
56,128,0.000938,0.000101,OMP,0.000979,0.0001022
57,128,0.001157,8.2e-05,OMP,0.0010806,8.34e-05
58,128,0.001054,9.8e-05,OMP,0.0011014,9.96e-05
59,128,0.001036,8.2e-05,OMP,0.0010706,8.72e-05
60,128,0.001396,9.1e-05,OMP,0.0011234,0.000101
61,128,0.001103,8.4e-05,OMP,0.0010946,8.44e-05
62,128,0.001144,9.5e-05,OMP,0.001168,9.08e-05
63,128,0.001098,0.000106,OMP,0.001128,9.9e-05
64,128,0.001105,0.0001,OMP,0.001122,9.38e-05
65,128,0.001184,0.000111,OMP,0.0012006,9.54e-05
66,128,0.00111,9.1e-05,OMP,0.0011442,8.84e-05
67,128,0.001226,8.5e-05,OMP,0.0011996,8.62e-05
68,128,0.001167,8.6e-05,OMP,0.0012394,8.56e-05
69,128,0.00132,7.9e-05,OMP,0.0012648,9.52e-05
70,128,0.001221,0.000115,OMP,0.0013762,9.72e-05
71,128,0.001383,9.1e-05,OMP,0.001441,9.3e-05
72,128,0.001449,0.000106,OMP,0.001396,9.88e-05
73,128,0.001444,8.3e-05,OMP,0.0013342,9.68e-05
74,128,0.001335,9.1e-05,OMP,0.0013638,9.46e-05
75,128,0.001305,0.0001,OMP,0.0013366,9.1e-05
76,128,0.001693,8.1e-05,OMP,0.0015354,9.02e-05
77,128,0.001364,9.1e-05,OMP,0.0014004,8.8e-05
78,128,0.001718,8.3e-05,OMP,0.0015542,9.28e-05
79,128,0.001481,9.1e-05,OMP,0.001538,9.88e-05
80,128,0.001528,9.6e-05,OMP,0.0015172,0.0001044
81,128,0.001451,8.7e-05,OMP,0.0015076,8.68e-05
82,128,0.001513,8.2e-05,OMP,0.0014962,9.78e-05
83,128,0.001585,8.4e-05,OMP,0.00159,9.46e-05
84,128,0.001554,8.8e-05,OMP,0.0015654,9.18e-05
85,128,0.001555,0.000102,OMP,0.0015888,9.86e-05
86,128,0.00231,9.2e-05,OMP,0.0034256,9.96e-05
87,128,0.001916,9.5e-05,OMP,0.004086,0.0001152
88,128,0.00159,9.4e-05,OMP,0.002032,9.88e-05
89,128,0.001934,9.9e-05,OMP,0.0021784,0.0001156
90,128,0.001689,0.00011,OMP,0.0025894,0.0001032
91,128,0.010025,0.009493,OMP,0.0056464,0.0019816
92,128,0.010065,0.000101,OMP,0.0076396,0.0010532
93,128,0.00975,0.000732,OMP,0.0091458,0.0039874
94,128,0.01001,0.009647,OMP,0.0099724,0.0067338
95,128,0.010006,0.009415,OMP,0.0089438,0.0038614
96,128,0.01053,0.009506,OMP,0.0089788,0.0066634
1,256,0.000172,0.000422,SEQ,0.0001804,0.0004342
1,256,0.000116,0.000248,IMP,0.0001188,0.0002496
1,256,0.000253,0.000434,OMP,0.0002508,0.0004198
2,256,0.000341,0.000328,OMP,0.0003456,0.0003966
3,256,0.000349,0.000582,OMP,0.000343,0.0004836
4,256,0.000339,0.000585,OMP,0.0003178,0.0006004
5,256,0.000399,0.000509,OMP,0.000336,0.0004456
6,256,0.000291,0.000417,OMP,0.0002828,0.0004416
7,256,0.000327,0.000471,OMP,0.0002956,0.0004216
8,256,0.000329,0.000478,OMP,0.0003062,0.0004934
9,256,0.000366,0.000446,OMP,0.0003326,0.0004384
10,256,0.000352,0.000396,OMP,0.000349,0.0004382
11,256,0.000335,0.000437,OMP,0.0003208,0.0004572
12,256,0.000364,0.000491,OMP,0.000345,0.0004878
13,256,0.000363,0.000364,OMP,0.0003886,0.0004486
14,256,0.000385,0.000412,OMP,0.0004006,0.0004886
15,256,0.000406,0.000521,OMP,0.0003942,0.000481
16,256,0.000404,0.000569,OMP,0.0003894,0.000489
17,256,0.00047,0.000593,OMP,0.000421,0.0004804
18,256,0.000466,0.000437,OMP,0.0004708,0.0004784
19,256,0.000471,0.000371,OMP,0.0004606,0.0004384
20,256,0.00047,0.000599,OMP,0.0004668,0.0004682
21,256,0.000522,0.000542,OMP,0.000502,0.0005178
22,256,0.0005,0.000448,OMP,0.0005378,0.0005174
23,256,0.000531,0.000394,OMP,0.0005064,0.0004256
24,256,0.000544,0.000353,OMP,0.0005296,0.0004362
25,256,0.000573,0.000425,OMP,0.0005544,0.0003786
26,256,0.000627,0.000418,OMP,0.0005832,0.0004316
27,256,0.000578,0.000379,OMP,0.0005764,0.0004192
28,256,0.000588,0.000515,OMP,0.000578,0.0004254
29,256,0.000584,0.000579,OMP,0.0006098,0.0004594
30,256,0.000677,0.000431,OMP,0.000645,0.0004586
31,256,0.000626,0.000358,OMP,0.000635,0.0004112
32,256,0.000663,0.000505,OMP,0.0006496,0.0004434
33,256,0.000636,0.000502,OMP,0.0006716,0.0004496
34,256,0.000714,0.000428,OMP,0.000695,0.0004244
35,256,0.0007,0.000442,OMP,0.0007066,0.0003956
36,256,0.000724,0.000427,OMP,0.0007158,0.0004468
37,256,0.000759,0.000412,OMP,0.0007528,0.0003758
38,256,0.00078,0.000321,OMP,0.000763,0.0003788
39,256,0.000972,0.000387,OMP,0.0008244,0.0004012
40,256,0.000809,0.000359,OMP,0.0007864,0.0004004
41,256,0.000866,0.000436,OMP,0.0008164,0.00045
42,256,0.000801,0.000494,OMP,0.0008254,0.0004172
43,256,0.000841,0.00052,OMP,0.0008332,0.0004502
44,256,0.000874,0.000458,OMP,0.0008402,0.0004278
45,256,0.000835,0.000351,OMP,0.0008558,0.000423
46,256,0.000885,0.000522,OMP,0.0008768,0.0004692
47,256,0.000899,0.000448,OMP,0.000885,0.000441
48,256,0.000912,0.000426,OMP,0.0008926,0.00044
49,256,0.000889,0.000435,OMP,0.0009282,0.000455
50,256,0.000966,0.000446,OMP,0.0009388,0.0004276
51,256,0.000929,0.000498,OMP,0.000944,0.0004486
52,256,0.000968,0.00043,OMP,0.0009828,0.0004102
53,256,0.000971,0.000448,OMP,0.0009798,0.000447
54,256,0.000971,0.000485,OMP,0.0009928,0.0004256
55,256,0.001053,0.000432,OMP,0.0010182,0.000442
56,256,0.001041,0.000509,OMP,0.0010622,0.0004676
57,256,0.001061,0.000495,OMP,0.0010578,0.0004416
58,256,0.001112,0.000437,OMP,0.001116,0.000451
59,256,0.001146,0.000472,OMP,0.001114,0.0004684
60,256,0.001067,0.000408,OMP,0.001123,0.0003996
61,256,0.00118,0.000471,OMP,0.0011314,0.0004464
62,256,0.001115,0.000413,OMP,0.0011306,0.0004404
63,256,0.001259,0.000468,OMP,0.0011618,0.0004698
64,256,0.001143,0.00036,OMP,0.0011944,0.000423
65,256,0.001211,0.000462,OMP,0.0012056,0.0004666
66,256,0.001234,0.000456,OMP,0.0012682,0.000459
67,256,0.001216,0.000485,OMP,0.0012344,0.0004778
68,256,0.001281,0.000473,OMP,0.0012924,0.000468
69,256,0.001341,0.000499,OMP,0.0012844,0.0004738
70,256,0.001334,0.000452,OMP,0.00133,0.0004586
71,256,0.001254,0.000438,OMP,0.0013132,0.0004604
72,256,0.001326,0.000363,OMP,0.0013404,0.0004342
73,256,0.001367,0.000456,OMP,0.0013182,0.000463
74,256,0.001367,0.000452,OMP,0.0013634,0.0004484
75,256,0.001334,0.000477,OMP,0.001377,0.0004522
76,256,0.001495,0.000463,OMP,0.0014574,0.0004688
77,256,0.001425,0.000463,OMP,0.0014356,0.0004776
78,256,0.001511,0.000429,OMP,0.0014958,0.0004886
79,256,0.001544,0.000445,OMP,0.0015164,0.0004644
80,256,0.00161,0.000464,OMP,0.00152,0.0004778
81,256,0.001523,0.000377,OMP,0.0015808,0.0004464
82,256,0.001556,0.000497,OMP,0.0015818,0.0004874
83,256,0.001625,0.0005,OMP,0.0016126,0.000472
84,256,0.001654,0.000451,OMP,0.001635,0.0004638
85,256,0.001617,0.000479,OMP,0.0034824,0.0004828
86,256,0.001623,0.00052,OMP,0.002258,0.0005056
87,256,0.002066,0.000469,OMP,0.0023962,0.0004364
88,256,0.001665,0.000449,OMP,0.0032626,0.0014244
89,256,0.005955,0.000407,OMP,0.00294,0.0004624
90,256,0.001714,0.000469,OMP,0.002237,0.0004642
91,256,0.002923,0.00047,OMP,0.0045484,0.0004706
92,256,0.005594,0.000493,OMP,0.0051942,0.001388
93,256,0.00978,0.000503,OMP,0.0071448,0.0022974
94,256,0.009758,0.009512,OMP,0.0084844,0.0050422
95,256,0.010487,0.005107,OMP,0.0100408,0.0068104
96,256,0.010461,0.009496,OMP,0.0087706,0.0076676
1,512,0.001137,0.002876,SEQ,0.0011562,0.0029034
1,512,0.00046,0.000988,IMP,0.0004616,0.0009488
1,512,0.000967,0.002005,OMP,0.0009854,0.0020102
2,512,0.000964,0.001705,OMP,0.000973,0.0016854
3,512,0.000753,0.001035,OMP,0.0008388,0.0010756
4,512,0.001036,0.001843,OMP,0.0007626,0.0017944
5,512,0.000616,0.000757,OMP,0.0006812,0.0008184
6,512,0.000604,0.00094,OMP,0.000656,0.0008936
7,512,0.000629,0.000723,OMP,0.000631,0.0006672
8,512,0.0006,0.00232,OMP,0.0005552,0.0021744
9,512,0.000488,0.00072,OMP,0.000545,0.0007188
10,512,0.00059,0.000759,OMP,0.0005844,0.000928
11,512,0.000537,0.001121,OMP,0.0005292,0.001181
12,512,0.000632,0.000754,OMP,0.0005528,0.0008224
13,512,0.000582,0.000925,OMP,0.000544,0.0008138
14,512,0.000501,0.000748,OMP,0.0005764,0.0008332
15,512,0.000545,0.001427,OMP,0.0005184,0.0013306
16,512,0.000546,0.002451,OMP,0.000545,0.002354
17,512,0.000548,0.001527,OMP,0.000616,0.0012852
18,512,0.000582,0.001093,OMP,0.000596,0.0010432
19,512,0.000611,0.000914,OMP,0.0005974,0.001066
20,512,0.000601,0.001132,OMP,0.000578,0.0010676
21,512,0.000635,0.001085,OMP,0.0006234,0.0009888
22,512,0.000654,0.001002,OMP,0.0006396,0.0011276
23,512,0.000705,0.001134,OMP,0.0006548,0.001149
24,512,0.000718,0.001196,OMP,0.0006768,0.001149
25,512,0.000683,0.001241,OMP,0.000672,0.0011608
26,512,0.000742,0.00134,OMP,0.0007084,0.0012922
27,512,0.000695,0.001123,OMP,0.0006978,0.001244
28,512,0.000754,0.001317,OMP,0.0007164,0.0013466
29,512,0.000751,0.001598,OMP,0.0007508,0.0014394
30,512,0.000774,0.001567,OMP,0.0007838,0.0017188
31,512,0.000805,0.00219,OMP,0.0008086,0.0020758
32,512,0.000836,0.002687,OMP,0.000814,0.0026422
33,512,0.000851,0.00204,OMP,0.000814,0.0023042
34,512,0.000843,0.001578,OMP,0.0008626,0.0017436
35,512,0.000866,0.001365,OMP,0.0008814,0.001465
36,512,0.000834,0.001304,OMP,0.0008496,0.0014724
37,512,0.000972,0.001521,OMP,0.0009044,0.001563
38,512,0.000875,0.001466,OMP,0.000889,0.0015678
39,512,0.000957,0.001411,OMP,0.0009426,0.0015484
40,512,0.000956,0.001718,OMP,0.0009054,0.001708
41,512,0.000923,0.001827,OMP,0.000929,0.0016262
42,512,0.000966,0.001767,OMP,0.000946,0.001772
43,512,0.000982,0.001485,OMP,0.0010038,0.0017494
44,512,0.000971,0.001998,OMP,0.00097,0.0017838
45,512,0.000994,0.002026,OMP,0.0010078,0.0018696
46,512,0.001021,0.001834,OMP,0.0010354,0.001927
47,512,0.001066,0.001808,OMP,0.0010564,0.001866
48,512,0.001022,0.002155,OMP,0.0010622,0.0020532
49,512,0.001078,0.002143,OMP,0.0011174,0.0021096
50,512,0.001127,0.002089,OMP,0.0010984,0.002074
51,512,0.001151,0.002246,OMP,0.0011292,0.002093
52,512,0.001106,0.001981,OMP,0.0011302,0.0021226
53,512,0.00114,0.002027,OMP,0.0011214,0.0020624
54,512,0.00113,0.002104,OMP,0.0011574,0.0020628
55,512,0.001108,0.001959,OMP,0.0011712,0.0021724
56,512,0.001198,0.002403,OMP,0.0011936,0.0022604
57,512,0.001242,0.002377,OMP,0.0012112,0.0023286
58,512,0.001223,0.00264,OMP,0.0012254,0.0024338
59,512,0.001283,0.002596,OMP,0.001277,0.0024104
60,512,0.001323,0.002315,OMP,0.0012902,0.0024282
61,512,0.001275,0.002523,OMP,0.0012832,0.0024084
62,512,0.001354,0.002318,OMP,0.0013222,0.002561
63,512,0.001309,0.002802,OMP,0.0013248,0.002714
64,512,0.001287,0.002578,OMP,0.0013526,0.0025982
65,512,0.001339,0.002826,OMP,0.0013632,0.0026606
66,512,0.001432,0.002647,OMP,0.0013686,0.002579
67,512,0.001397,0.002783,OMP,0.0014116,0.0027142
68,512,0.00129,0.002638,OMP,0.0013964,0.0025314
69,512,0.001417,0.00258,OMP,0.0014402,0.0026392
70,512,0.001373,0.002554,OMP,0.0014306,0.002629
71,512,0.001506,0.002802,OMP,0.0014864,0.0025132
72,512,0.001565,0.002582,OMP,0.001533,0.002515
73,512,0.001504,0.002726,OMP,0.0015382,0.002721
74,512,0.00152,0.002583,OMP,0.001534,0.002516
75,512,0.001509,0.002712,OMP,0.001548,0.0025922
76,512,0.001575,0.002816,OMP,0.0015906,0.002798
77,512,0.001607,0.002788,OMP,0.0015968,0.0028462
78,512,0.001615,0.002596,OMP,0.0015988,0.0026526
79,512,0.001588,0.002398,OMP,0.0016298,0.0024346
80,512,0.001777,0.002639,OMP,0.0016958,0.0026956
81,512,0.001707,0.00272,OMP,0.0016936,0.002633
82,512,0.001647,0.002749,OMP,0.0017068,0.002704
83,512,0.001785,0.002445,OMP,0.0017238,0.0025588
84,512,0.001696,0.002814,OMP,0.0017708,0.00269
85,512,0.001704,0.00248,OMP,0.0018314,0.0026618
86,512,0.001862,0.00252,OMP,0.0018034,0.0026614
87,512,0.004472,0.002569,OMP,0.0025528,0.0025404
88,512,0.00765,0.002314,OMP,0.0035022,0.0025772
89,512,0.004242,0.00236,OMP,0.0041348,0.0025428
90,512,0.001954,0.002538,OMP,0.0021672,0.0027532
91,512,0.001933,0.002763,OMP,0.0030606,0.0032996
92,512,0.002117,0.002811,OMP,0.004413,0.002703
93,512,0.009753,0.009501,OMP,0.0093094,0.00729
94,512,0.009891,0.007282,OMP,0.0091752,0.006363
95,512,0.009759,0.007236,OMP,0.0072522,0.0062612
96,512,0.009807,0.00946,OMP,0.0098842,0.0094966
1,1024,0.005232,0.023883,SEQ,0.0051918,0.0209824
1,1024,0.002046,0.003295,IMP,0.0019428,0.0033154
1,1024,0.004106,0.00994,OMP,0.0039328,0.009744
2,1024,0.003338,0.008076,OMP,0.0028634,0.0077892
3,1024,0.002247,0.00489,OMP,0.0023488,0.0049014
4,1024,0.001803,0.007269,OMP,0.0019046,0.006562
5,1024,0.001502,0.003283,OMP,0.0016148,0.003397
6,1024,0.001614,0.003252,OMP,0.0016222,0.0034004
7,1024,0.001407,0.002633,OMP,0.0013364,0.0027532
8,1024,0.001357,0.010756,OMP,0.0014148,0.0087648
9,1024,0.00136,0.00226,OMP,0.0012624,0.0026792
10,1024,0.001114,0.002145,OMP,0.001133,0.0022458
11,1024,0.001165,0.002845,OMP,0.0011702,0.0025174
12,1024,0.001158,0.00341,OMP,0.001135,0.0031018
13,1024,0.00109,0.004513,OMP,0.0010772,0.0031948
14,1024,0.00109,0.002315,OMP,0.001087,0.0023264
15,1024,0.001125,0.001693,OMP,0.0010898,0.0017846
16,1024,0.001357,0.019456,OMP,0.0011592,0.0160354
17,1024,0.001084,0.001934,OMP,0.001,0.0018006
18,1024,0.001143,0.002717,OMP,0.0010192,0.0027836
19,1024,0.000972,0.002325,OMP,0.00096,0.0024564
20,1024,0.000995,0.001718,OMP,0.0010538,0.0017656
21,1024,0.00095,0.005451,OMP,0.0009902,0.0053212
22,1024,0.001044,0.003145,OMP,0.0010168,0.0042966
23,1024,0.001049,0.002269,OMP,0.0010696,0.002032
24,1024,0.001071,0.001655,OMP,0.0010582,0.001878
25,1024,0.001008,0.003138,OMP,0.0009838,0.0034754
26,1024,0.001003,0.003755,OMP,0.0010314,0.0036208
27,1024,0.000983,0.003455,OMP,0.0010674,0.0026786
28,1024,0.001066,0.002003,OMP,0.001021,0.0023134
29,1024,0.001182,0.002358,OMP,0.0010778,0.0023782
30,1024,0.00101,0.002249,OMP,0.0010972,0.002224
31,1024,0.001228,0.005375,OMP,0.0010952,0.004316
32,1024,0.001034,0.016252,OMP,0.0011264,0.0136406
33,1024,0.001127,0.004175,OMP,0.001095,0.004636
34,1024,0.001162,0.002237,OMP,0.0011318,0.0024236
35,1024,0.001128,0.002706,OMP,0.0011548,0.0026934
36,1024,0.001231,0.002378,OMP,0.001186,0.0025858
37,1024,0.001228,0.002848,OMP,0.0011598,0.0026808
38,1024,0.001252,0.002856,OMP,0.0011866,0.0027578
39,1024,0.001223,0.002883,OMP,0.001201,0.0028244
40,1024,0.001101,0.002684,OMP,0.0011852,0.0028008
41,1024,0.001267,0.004365,OMP,0.0012836,0.0042684
42,1024,0.00124,0.006018,OMP,0.0012658,0.0055882
43,1024,0.001296,0.006174,OMP,0.0012882,0.0059594
44,1024,0.001206,0.006686,OMP,0.0012688,0.0058076
45,1024,0.001406,0.004211,OMP,0.0013374,0.0040864
46,1024,0.001257,0.003122,OMP,0.0013056,0.0032776
47,1024,0.001359,0.003218,OMP,0.0013628,0.0033396
48,1024,0.001331,0.003746,OMP,0.0013408,0.0034698
49,1024,0.001358,0.00355,OMP,0.0013836,0.0034842
50,1024,0.001322,0.003612,OMP,0.0013786,0.0034906
51,1024,0.001369,0.003789,OMP,0.001377,0.0037636
52,1024,0.001287,0.003803,OMP,0.0013764,0.003637
53,1024,0.001472,0.003562,OMP,0.0014294,0.0037878
54,1024,0.001438,0.003982,OMP,0.0014802,0.0039624
55,1024,0.001498,0.003867,OMP,0.0014664,0.003811
56,1024,0.001499,0.003847,OMP,0.0014966,0.0040616
57,1024,0.00149,0.003855,OMP,0.0015026,0.003998
58,1024,0.001511,0.004357,OMP,0.0015206,0.0042518
59,1024,0.001646,0.004328,OMP,0.0015898,0.0039992
60,1024,0.001593,0.004345,OMP,0.0015606,0.0041638
61,1024,0.001611,0.005461,OMP,0.001592,0.0061362
62,1024,0.001656,0.009638,OMP,0.0016156,0.0098816
63,1024,0.001615,0.013148,OMP,0.0016244,0.0123566
64,1024,0.001714,0.016645,OMP,0.001678,0.01729
65,1024,0.001624,0.012945,OMP,0.0016604,0.012118
66,1024,0.001617,0.010831,OMP,0.001706,0.0106232
67,1024,0.001698,0.008624,OMP,0.001726,0.008045
68,1024,0.001735,0.004565,OMP,0.0018128,0.004768
69,1024,0.001694,0.005231,OMP,0.0017408,0.0050508
70,1024,0.00158,0.004942,OMP,0.0017894,0.0049028
71,1024,0.001756,0.004835,OMP,0.001864,0.0048786
72,1024,0.001844,0.004969,OMP,0.0018722,0.0051418
73,1024,0.001859,0.004763,OMP,0.0018568,0.0051866
74,1024,0.001993,0.005055,OMP,0.0019034,0.0053814
75,1024,0.001815,0.005287,OMP,0.0019034,0.0053016
76,1024,0.00196,0.00523,OMP,0.0019774,0.0053566
77,1024,0.001929,0.005671,OMP,0.0019514,0.0056004
78,1024,0.00191,0.00569,OMP,0.001967,0.0054778
79,1024,0.002092,0.005726,OMP,0.0020312,0.0058074
80,1024,0.002069,0.005593,OMP,0.0020642,0.0058442
81,1024,0.002046,0.005679,OMP,0.0020284,0.0058038
82,1024,0.001938,0.005537,OMP,0.0020746,0.0060486
83,1024,0.002066,0.006262,OMP,0.0021196,0.006135
84,1024,0.002176,0.006311,OMP,0.0021612,0.006211
85,1024,0.002163,0.005972,OMP,0.0021592,0.0061018
86,1024,0.00219,0.00645,OMP,0.0021486,0.0062672
87,1024,0.002292,0.006337,OMP,0.0021872,0.0063998
88,1024,0.002237,0.006364,OMP,0.0037624,0.0063656
89,1024,0.009749,0.006398,OMP,0.0068216,0.008399
90,1024,0.005545,0.006526,OMP,0.0045108,0.0075808
91,1024,0.009874,0.011305,OMP,0.0065034,0.0086104
92,1024,0.009924,0.011283,OMP,0.0055664,0.0075316
93,1024,0.00997,0.006691,OMP,0.0058166,0.0079848
94,1024,0.014645,0.00698,OMP,0.010275,0.0068012
95,1024,0.005222,0.006719,OMP,0.0090406,0.0107944
96,1024,0.005314,0.006845,OMP,0.0091192,0.012611
1,2048,0.028239,0.077022,SEQ,0.0312388,0.0872846
1,2048,0.008371,0.017434,IMP,0.0084136,0.0185508
1,2048,0.016492,0.044195,OMP,0.0167768,0.0493268
2,2048,0.01138,0.02668,OMP,0.0107836,0.0251434
3,2048,0.009095,0.018129,OMP,0.0084336,0.0180944
4,2048,0.006653,0.019775,OMP,0.0066892,0.019733
5,2048,0.005597,0.011072,OMP,0.0054946,0.0115944
6,2048,0.004806,0.010535,OMP,0.0048052,0.010303
7,2048,0.004308,0.009712,OMP,0.0043146,0.0090334
8,2048,0.003915,0.025212,OMP,0.0038922,0.0248216
9,2048,0.003577,0.007426,OMP,0.0035868,0.0078022
10,2048,0.003169,0.006823,OMP,0.0033424,0.0070332
11,2048,0.003043,0.01099,OMP,0.0029844,0.010602
12,2048,0.00275,0.007285,OMP,0.002821,0.0076768
13,2048,0.00254,0.007059,OMP,0.0026652,0.0069712
14,2048,0.002701,0.005463,OMP,0.0025672,0.0056398
15,2048,0.002531,0.005555,OMP,0.0025956,0.005303
16,2048,0.002277,0.03901,OMP,0.0023664,0.0399964
17,2048,0.00229,0.005277,OMP,0.0024374,0.0049542
18,2048,0.002222,0.004613,OMP,0.0023012,0.0046916
19,2048,0.002562,0.005298,OMP,0.002318,0.0058642
20,2048,0.002317,0.005135,OMP,0.002279,0.0055248
21,2048,0.002132,0.007478,OMP,0.0022084,0.0074832
22,2048,0.002113,0.005371,OMP,0.0021572,0.0056016
23,2048,0.002062,0.004844,OMP,0.0021304,0.0049304
24,2048,0.002098,0.007957,OMP,0.0020834,0.0077848
25,2048,0.002154,0.004397,OMP,0.0020958,0.0044034
26,2048,0.001941,0.00603,OMP,0.0020542,0.006001
27,2048,0.002042,0.003804,OMP,0.0020276,0.0038816
28,2048,0.00225,0.003975,OMP,0.002075,0.004039
29,2048,0.00216,0.004062,OMP,0.0020404,0.003903
30,2048,0.002122,0.003719,OMP,0.0020894,0.0037434
31,2048,0.001969,0.023233,OMP,0.0020622,0.025713
32,2048,0.002044,0.083767,OMP,0.0020658,0.0800676
33,2048,0.002021,0.027001,OMP,0.0020894,0.027208
34,2048,0.00211,0.003503,OMP,0.002122,0.0036832
35,2048,0.002048,0.003609,OMP,0.0020862,0.0036412
36,2048,0.002123,0.003652,OMP,0.0021398,0.0039672
37,2048,0.002044,0.004098,OMP,0.002096,0.0042912
38,2048,0.002234,0.003583,OMP,0.002203,0.0033024
39,2048,0.002289,0.003568,OMP,0.0021932,0.0034608
40,2048,0.002322,0.003768,OMP,0.0021786,0.0037872
41,2048,0.002206,0.003389,OMP,0.002237,0.003643
42,2048,0.002244,0.008427,OMP,0.0022156,0.0111812
43,2048,0.00238,0.011126,OMP,0.0023108,0.0119596
44,2048,0.00233,0.004484,OMP,0.0023088,0.0051636
45,2048,0.00219,0.004824,OMP,0.0023066,0.0043678
46,2048,0.002338,0.003837,OMP,0.0023298,0.0042536
47,2048,0.002251,0.004946,OMP,0.0022676,0.0046556
48,2048,0.002376,0.005232,OMP,0.0023308,0.005346
49,2048,0.002366,0.005364,OMP,0.0024216,0.0056294
50,2048,0.002276,0.007997,OMP,0.0024568,0.0076102
51,2048,0.002432,0.007703,OMP,0.0024204,0.0080212
52,2048,0.002385,0.01034,OMP,0.0024392,0.0087444
53,2048,0.002483,0.004907,OMP,0.0023968,0.0049486
54,2048,0.002684,0.004173,OMP,0.0024994,0.003943
55,2048,0.002443,0.004166,OMP,0.0024628,0.0042476
56,2048,0.002464,0.006055,OMP,0.002578,0.004837
57,2048,0.002559,0.003571,OMP,0.0024794,0.0036938
58,2048,0.002558,0.0047,OMP,0.0025184,0.0044252
59,2048,0.002629,0.00421,OMP,0.0026166,0.0035452
60,2048,0.002545,0.003836,OMP,0.0025558,0.0038722
61,2048,0.002532,0.004969,OMP,0.0025048,0.0051366
62,2048,0.002637,0.030595,OMP,0.0025908,0.0300378
63,2048,0.002441,0.036642,OMP,0.0026222,0.0368208
64,2048,0.002699,0.072827,OMP,0.0026514,0.0706602
65,2048,0.002667,0.03824,OMP,0.0026386,0.0294084
66,2048,0.002773,0.023027,OMP,0.0026734,0.0299278
67,2048,0.00279,0.007454,OMP,0.0027902,0.0067604
68,2048,0.002641,0.003838,OMP,0.0026812,0.0038658
69,2048,0.002776,0.003417,OMP,0.0027774,0.0033688
70,2048,0.002916,0.004035,OMP,0.00276,0.0036174
71,2048,0.002795,0.004427,OMP,0.002823,0.0046762
72,2048,0.003012,0.004868,OMP,0.002933,0.0053712
73,2048,0.002674,0.006136,OMP,0.002854,0.0064714
74,2048,0.00288,0.007957,OMP,0.0028588,0.0062256
75,2048,0.002832,0.005188,OMP,0.0028416,0.00534
76,2048,0.002819,0.005755,OMP,0.0028314,0.0051202
77,2048,0.002886,0.004652,OMP,0.0029216,0.0046568
78,2048,0.002848,0.004835,OMP,0.0029212,0.0044126
79,2048,0.010298,0.003396,OMP,0.0044986,0.0033042
80,2048,0.00291,0.004578,OMP,0.0030778,0.0043872
81,2048,0.002995,0.007535,OMP,0.0030666,0.0073526
82,2048,0.002969,0.010167,OMP,0.0030196,0.0085434
83,2048,0.002994,0.010198,OMP,0.0031902,0.0102724
84,2048,0.002934,0.016116,OMP,0.0031342,0.0160858
85,2048,0.003184,0.014808,OMP,0.0031606,0.014964
86,2048,0.003508,0.01834,OMP,0.0032484,0.0168286
87,2048,0.003076,0.016585,OMP,0.0050818,0.015445
88,2048,0.002971,0.010746,OMP,0.003104,0.009093
89,2048,0.003221,0.006536,OMP,0.0038414,0.0079092
90,2048,0.003098,0.007479,OMP,0.004711,0.009814
91,2048,0.003273,0.007566,OMP,0.0047602,0.008471
92,2048,0.008729,0.003227,OMP,0.007305,0.004527
93,2048,0.003299,0.00371,OMP,0.0071278,0.0062706
94,2048,0.010619,0.013108,OMP,0.0082414,0.0091038
95,2048,0.01058,0.013417,OMP,0.0108578,0.0097284
96,2048,0.010706,0.009944,OMP,0.0105978,0.0116928
1,4096,0.201233,0.347776,SEQ,0.1949686,0.3555672
1,4096,0.044054,0.081482,IMP,0.0469736,0.0815596
1,4096,0.080506,0.187434,OMP,0.0802318,0.1874654
2,4096,0.048018,0.101675,OMP,0.048028,0.1041648
3,4096,0.035133,0.074384,OMP,0.0363126,0.0727788
4,4096,0.027888,0.052189,OMP,0.0287878,0.0514598
5,4096,0.023647,0.048146,OMP,0.0233206,0.049034
6,4096,0.020161,0.040221,OMP,0.020159,0.040872
7,4096,0.018146,0.039689,OMP,0.0177704,0.0389562
8,4096,0.015834,0.043631,OMP,0.0159316,0.044954
9,4096,0.014562,0.033547,OMP,0.0143748,0.034705
10,4096,0.012717,0.027129,OMP,0.013057,0.027897
11,4096,0.012309,0.026863,OMP,0.0119386,0.0278642
12,4096,0.011685,0.024593,OMP,0.011377,0.024678
13,4096,0.010885,0.028149,OMP,0.0105192,0.029009
14,4096,0.010601,0.025707,OMP,0.0100582,0.0245464
15,4096,0.009905,0.020375,OMP,0.0097066,0.0205088
16,4096,0.00946,0.05699,OMP,0.0091862,0.0580346
17,4096,0.008517,0.018198,OMP,0.0090556,0.018765
18,4096,0.008333,0.02211,OMP,0.0086938,0.0212262
19,4096,0.008467,0.018106,OMP,0.008515,0.0187846
20,4096,0.008035,0.016746,OMP,0.007984,0.0168302
21,4096,0.007549,0.035314,OMP,0.007861,0.034499
22,4096,0.008036,0.034475,OMP,0.0077562,0.0317528
23,4096,0.007815,0.015255,OMP,0.0076778,0.0157402
24,4096,0.00746,0.019287,OMP,0.0077234,0.0203414
25,4096,0.007192,0.017333,OMP,0.0072648,0.0169434
26,4096,0.007314,0.020558,OMP,0.0073326,0.0199058
27,4096,0.007006,0.014504,OMP,0.0071682,0.0152722
28,4096,0.007392,0.013516,OMP,0.0072848,0.0139694
29,4096,0.007335,0.014459,OMP,0.0070638,0.0145706
30,4096,0.007129,0.013131,OMP,0.0070384,0.0130566
31,4096,0.007206,0.044892,OMP,0.0070158,0.0499698
32,4096,0.007252,0.113733,OMP,0.0070022,0.1106752
33,4096,0.006967,0.048907,OMP,0.0068606,0.053976
34,4096,0.007218,0.012214,OMP,0.007002,0.0122492
35,4096,0.006859,0.012283,OMP,0.0069216,0.012683
36,4096,0.006937,0.012545,OMP,0.0070118,0.0120176
37,4096,0.006961,0.013772,OMP,0.0070012,0.0133722
38,4096,0.006981,0.0153,OMP,0.0069538,0.0157678
39,4096,0.006912,0.013347,OMP,0.0068974,0.0142046
40,4096,0.007085,0.013258,OMP,0.0069608,0.0135106
41,4096,0.006875,0.011623,OMP,0.007,0.0118654
42,4096,0.007193,0.026328,OMP,0.0070442,0.0209546
43,4096,0.006787,0.031678,OMP,0.006991,0.0327274
44,4096,0.007162,0.011038,OMP,0.0070628,0.0108178
45,4096,0.006766,0.011567,OMP,0.0070644,0.0113276
46,4096,0.007285,0.012653,OMP,0.0071482,0.0133536
47,4096,0.006996,0.011447,OMP,0.0070624,0.0110928
48,4096,0.007419,0.021593,OMP,0.0072616,0.0234862
49,4096,0.006811,0.011583,OMP,0.0070694,0.0117164
50,4096,0.006934,0.012307,OMP,0.0070782,0.0118334
51,4096,0.007042,0.031656,OMP,0.0072544,0.0303684
52,4096,0.007307,0.011181,OMP,0.0073128,0.0111168
53,4096,0.007402,0.01333,OMP,0.0072918,0.0138172
54,4096,0.007171,0.011002,OMP,0.0073882,0.0114578
55,4096,0.00795,0.012808,OMP,0.0075484,0.0116226
56,4096,0.007359,0.011986,OMP,0.0076154,0.0124092
57,4096,0.008168,0.021539,OMP,0.0077076,0.0163558
58,4096,0.007398,0.010863,OMP,0.0076392,0.0110794
59,4096,0.008251,0.010497,OMP,0.0077376,0.0103518
60,4096,0.007148,0.010122,OMP,0.007428,0.0101044
61,4096,0.008045,0.03824,OMP,0.007683,0.0393282
62,4096,0.007435,0.079962,OMP,0.0077402,0.0850044
63,4096,0.007867,0.12234,OMP,0.0077292,0.1249326
64,4096,0.007485,0.240733,OMP,0.0076152,0.229063
65,4096,0.007928,0.122061,OMP,0.007956,0.1223526
66,4096,0.007337,0.090743,OMP,0.0077314,0.0900012
67,4096,0.008348,0.046604,OMP,0.0079124,0.0461228
68,4096,0.007581,0.016976,OMP,0.0078754,0.016851
69,4096,0.008356,0.009323,OMP,0.0081624,0.0101016
70,4096,0.008201,0.009763,OMP,0.0079358,0.0108836
71,4096,0.008375,0.009456,OMP,0.008023,0.0107718
72,4096,0.007683,0.010556,OMP,0.0079688,0.0116312
73,4096,0.00825,0.031682,OMP,0.008005,0.027777
74,4096,0.007753,0.014684,OMP,0.0080514,0.0149676
75,4096,0.008302,0.011784,OMP,0.0081064,0.0129002
76,4096,0.007428,0.009864,OMP,0.0078586,0.010041
77,4096,0.008546,0.012368,OMP,0.0082172,0.0112076
78,4096,0.008255,0.010578,OMP,0.0079812,0.0111972
79,4096,0.007932,0.010994,OMP,0.0079322,0.0115416
80,4096,0.008007,0.012981,OMP,0.007855,0.0132944
81,4096,0.007685,0.01249,OMP,0.009969,0.0147772
82,4096,0.008239,0.010933,OMP,0.0087478,0.0112344
83,4096,0.007953,0.011654,OMP,0.0079402,0.0110794
84,4096,0.007929,0.017287,OMP,0.0080232,0.0166948
85,4096,0.007927,0.043778,OMP,0.0083884,0.0563948
86,4096,0.011902,0.044005,OMP,0.0087922,0.042442
87,4096,0.008109,0.011124,OMP,0.0079022,0.0109004
88,4096,0.007991,0.010814,OMP,0.0086064,0.011411
89,4096,0.007942,0.011706,OMP,0.009265,0.0115668
90,4096,0.014754,0.012008,OMP,0.0127434,0.0128982
91,4096,0.008366,0.010878,OMP,0.0103308,0.0105994
92,4096,0.014739,0.010562,OMP,0.0118408,0.0126814
93,4096,0.008317,0.010408,OMP,0.0092704,0.0106816
94,4096,0.014868,0.026065,OMP,0.014202,0.0250712
95,4096,0.015126,0.030557,OMP,0.013728,0.0300548
96,4096,0.015953,0.038507,OMP,0.0162642,0.0385778
