Threads/Proc,Dim,Version,RollingMean_CheckSym,RollingMean_MatTranspose
1,16,SEQ,1e-06,4e-07
1,16,OMP,2.26e-05,3.4e-06
2,16,OMP,8.76e-05,9.400000000000001e-06
3,16,OMP,0.0001036,1.28e-05
4,16,OMP,0.0001242,1.32e-05
5,16,OMP,0.00016580000000000002,1.4400000000000001e-05
6,16,OMP,0.0001702,1.34e-05
7,16,OMP,0.0002016,1.3000000000000001e-05
8,16,OMP,0.00019520000000000003,1.5000000000000002e-05
9,16,OMP,0.00019319999999999998,1.4199999999999998e-05
10,16,OMP,0.0002144,1.4200000000000001e-05
11,16,OMP,0.0002222,1.4599999999999999e-05
12,16,OMP,0.00023700000000000001,1.5000000000000002e-05
13,16,OMP,0.00033720000000000006,1.4400000000000001e-05
14,16,OMP,0.00029820000000000004,1.56e-05
15,16,OMP,0.0002784,1.72e-05
16,16,OMP,0.0003548,1.5799999999999998e-05
17,16,OMP,0.0004295999999999999,1.74e-05
18,16,OMP,0.0004234,1.7800000000000002e-05
19,16,OMP,0.0003578,1.98e-05
20,16,OMP,0.000436,1.98e-05
21,16,OMP,0.000475,2.0599999999999996e-05
22,16,OMP,0.0004092,2e-05
23,16,OMP,0.00044859999999999995,1.92e-05
24,16,OMP,0.0005132,2.1799999999999998e-05
25,16,OMP,0.0006207999999999999,2.52e-05
26,16,OMP,0.00064,2.0200000000000003e-05
27,16,OMP,0.0004947999999999999,2.1000000000000002e-05
28,16,OMP,0.0005806,1.96e-05
29,16,OMP,0.0007724,1.98e-05
30,16,OMP,0.0006907999999999999,2.2999999999999997e-05
31,16,OMP,0.000552,2.34e-05
32,16,OMP,0.0005488,2.38e-05
33,16,OMP,0.0006494,2.8199999999999998e-05
34,16,OMP,0.0007428,2.46e-05
35,16,OMP,0.0006254,2.4e-05
36,16,OMP,0.0007469999999999999,2.32e-05
37,16,OMP,0.0007746000000000001,2.48e-05
38,16,OMP,0.0009552,2.3600000000000004e-05
39,16,OMP,0.0007518000000000001,2.64e-05
40,16,OMP,0.0007458000000000001,2.3800000000000003e-05
41,16,OMP,0.0007132,2.5e-05
42,16,OMP,0.0008014000000000001,3.16e-05
43,16,OMP,0.0008704,2.82e-05
44,16,OMP,0.0007338,2.7800000000000005e-05
45,16,OMP,0.0010171999999999998,3.2200000000000003e-05
46,16,OMP,0.0009968,2.8800000000000002e-05
47,16,OMP,0.0008834,2.9800000000000003e-05
48,16,OMP,0.0008872000000000001,2.76e-05
49,16,OMP,0.0009233999999999999,2.68e-05
50,16,OMP,0.0009536,3.2e-05
51,16,OMP,0.0010103999999999998,3.34e-05
52,16,OMP,0.0009745999999999999,2.9000000000000007e-05
53,16,OMP,0.0009548000000000001,3.26e-05
54,16,OMP,0.001127,4.32e-05
55,16,OMP,0.0011581999999999999,3.2399999999999995e-05
56,16,OMP,0.0012504,3.76e-05
57,16,OMP,0.0010463999999999998,3.74e-05
58,16,OMP,0.001007,3.7199999999999996e-05
59,16,OMP,0.0011392000000000002,3.74e-05
60,16,OMP,0.0012676,3.56e-05
61,16,OMP,0.0013361999999999998,3.7999999999999995e-05
62,16,OMP,0.0012844000000000002,4.1400000000000003e-05
63,16,OMP,0.0013362,4.24e-05
64,16,OMP,0.0014075999999999997,3.48e-05
65,16,OMP,0.0015238,3.94e-05
66,16,OMP,0.0014533999999999999,3.539999999999999e-05
67,16,OMP,0.0012798,4.1e-05
68,16,OMP,0.0013592,4.14e-05
69,16,OMP,0.0015926,4.14e-05
70,16,OMP,0.0012205999999999999,4.62e-05
71,16,OMP,0.0013180000000000002,4.2000000000000004e-05
72,16,OMP,0.0013852,4.54e-05
73,16,OMP,0.001539,4.1599999999999995e-05
74,16,OMP,0.0015068,4.98e-05
75,16,OMP,0.0013062,4.039999999999999e-05
76,16,OMP,0.0015012,4.44e-05
77,16,OMP,0.0015298,4.22e-05
78,16,OMP,0.0017068,4.26e-05
79,16,OMP,0.0016452,4.9399999999999995e-05
80,16,OMP,0.0015408000000000002,4.4200000000000004e-05
81,16,OMP,0.001753,4.68e-05
82,16,OMP,0.0018657999999999997,4.64e-05
83,16,OMP,0.0017908,4.64e-05
84,16,OMP,0.0016961999999999997,4.3400000000000005e-05
85,16,OMP,0.0019530000000000003,4.8400000000000004e-05
86,16,OMP,0.002087,4.66e-05
87,16,OMP,0.0022492,5.0199999999999994e-05
88,16,OMP,0.0022554,5.560000000000001e-05
89,16,OMP,0.002156,4.7600000000000005e-05
90,16,OMP,0.0025507999999999998,5.9399999999999994e-05
91,16,OMP,0.0038818,5.04e-05
92,16,OMP,0.0055969999999999995,6.34e-05
93,16,OMP,0.006991,0.0038453999999999997
94,16,OMP,0.0089836,0.0029234000000000005
95,16,OMP,0.0088594,0.0038646
96,16,OMP,0.0100488,0.007054999999999999
1,16,MPI DT,2.26e-05,1e-06
2,16,MPI DT,0.00029820000000000004,3.44e-05
3,16,MPI DT,0.0002874,4.1599999999999995e-05
4,16,MPI DT,0.00038439999999999997,3.72e-05
5,16,MPI DT,0.0007218,4.5600000000000004e-05
6,16,MPI DT,0.000528,4.5600000000000004e-05
7,16,MPI DT,0.0005628,4.460000000000001e-05
8,16,MPI DT,0.0004886,6.680000000000001e-05
9,16,MPI DT,0.0002426,4.96e-05
10,16,MPI DT,0.00032319999999999994,0.00014419999999999998
11,16,MPI DT,0.0004864,6.6e-05
12,16,MPI DT,0.00032900000000000003,0.0001362
13,16,MPI DT,0.000427,0.0001382
14,16,MPI DT,0.0006676,0.0001446
15,16,MPI DT,0.0005984,0.000528
16,16,MPI DT,0.0003742,0.00033000000000000005
17,16,MPI DT,0.00028859999999999997,0.0003778
18,16,MPI DT,0.0003976,0.0003402
19,16,MPI DT,0.00035299999999999996,0.0004436
20,16,MPI DT,0.0003246,0.00044980000000000004
21,16,MPI DT,0.0003058,0.0005001999999999999
22,16,MPI DT,0.0003816,0.0017013999999999998
23,16,MPI DT,0.0004262,0.0005226
24,16,MPI DT,0.0007016,0.000387
25,16,MPI DT,0.000539,0.0005006
26,16,MPI DT,0.0007146,0.0008271999999999999
27,16,MPI DT,0.0004986,0.0005346
28,16,MPI DT,0.00020219999999999998,0.0006110000000000001
29,16,MPI DT,0.0002974,0.0005626000000000001
30,16,MPI DT,0.000455,0.0005551999999999999
31,16,MPI DT,0.0007602,0.0005424
32,16,MPI DT,0.000557,0.00047840000000000003
33,16,MPI DT,0.0006606,0.0009611999999999999
34,16,MPI DT,0.0001912,0.0005855999999999999
35,16,MPI DT,0.0004696,0.0003394
36,16,MPI DT,0.0005448,0.0005688
37,16,MPI DT,0.00040940000000000003,0.0006008000000000001
38,16,MPI DT,0.0005494,0.0015908000000000003
39,16,MPI DT,0.00030960000000000004,0.0005444
40,16,MPI DT,0.0005389999999999999,0.0008196
41,16,MPI DT,0.0002522,0.000572
42,16,MPI DT,0.0002814,0.0007928000000000001
43,16,MPI DT,0.0003476,0.0006858000000000001
44,16,MPI DT,0.0003928,0.0006604
45,16,MPI DT,0.0004974,0.0006087999999999999
46,16,MPI DT,0.0003104,0.0009781999999999998
47,16,MPI DT,0.000454,0.0006022
48,16,MPI DT,0.0001798,0.0006656000000000001
49,16,MPI DT,0.0003112,0.000647
50,16,MPI DT,0.0005702000000000001,0.0007984
51,16,MPI DT,0.0006952,0.0009257999999999998
52,16,MPI DT,0.00047840000000000003,0.0006306
53,16,MPI DT,0.0004898,0.0006577999999999999
54,16,MPI DT,0.0004156,0.0006254
55,16,MPI DT,0.00056,0.0006588
56,16,MPI DT,0.0007918,0.0006546
57,16,MPI DT,0.0010945999999999998,0.0005772
58,16,MPI DT,0.0007984,0.0006801999999999999
59,16,MPI DT,0.0006506000000000001,0.0007636
60,16,MPI DT,0.0006806000000000001,0.0006646
61,16,MPI DT,0.0004038,0.0006458
62,16,MPI DT,0.00045620000000000003,0.0007514
63,16,MPI DT,0.00046719999999999997,0.0007773999999999999
64,16,MPI DT,0.0005324,0.0006612
65,16,MPI DT,0.0008421999999999999,0.0017288000000000002
66,16,MPI DT,0.0009464,0.0006996
67,16,MPI DT,0.0009729999999999999,0.0008112
68,16,MPI DT,0.0007665999999999999,0.0006617999999999999
69,16,MPI DT,0.0011918,0.000559
70,16,MPI DT,0.0006586,0.0009509999999999999
71,16,MPI DT,0.0008871999999999998,0.0007136
72,16,MPI DT,0.0009548000000000001,0.0007236
73,16,MPI DT,0.0007532000000000001,0.0007358
74,16,MPI DT,0.0008566000000000001,0.0007886000000000001
75,16,MPI DT,0.0027339999999999995,0.0008628
76,16,MPI DT,0.0006864,0.0008318
77,16,MPI DT,0.0057966,0.005846400000000001
78,16,MPI DT,0.0009429999999999999,0.0008150000000000001
79,16,MPI DT,0.0008836,0.0007616
80,16,MPI DT,0.0030728,0.0031913999999999996
81,16,MPI DT,0.0011765999999999999,0.000758
82,16,MPI DT,0.0007467999999999999,0.0007554
83,16,MPI DT,0.0029506000000000003,0.0031106000000000003
84,16,MPI DT,0.0007614,0.0016621999999999997
85,16,MPI DT,0.0032232,0.0064102
86,16,MPI DT,0.0012014,0.000802
87,16,MPI DT,0.0054704,0.0056896
88,16,MPI DT,0.0033291999999999996,0.0024438000000000003
89,16,MPI DT,0.0030902000000000004,0.0033418
90,16,MPI DT,0.0028958,0.0033248
91,16,MPI DT,0.0076289999999999995,0.006011399999999999
92,16,MPI DT,0.005798,0.0058097999999999995
93,16,MPI DT,0.0008642000000000001,0.0009815999999999998
94,16,MPI DT,0.015560599999999999,0.007877799999999999
95,16,MPI DT,0.0088418,0.006678000000000001
96,16,MPI DT,0.0153068,0.0109908
1,32,SEQ,3.2000000000000007e-06,2.2e-06
1,32,OMP,3.2000000000000005e-05,1.1e-05
2,32,OMP,0.0001262,1.76e-05
3,32,OMP,0.0001856,1.8599999999999998e-05
4,32,OMP,0.00017980000000000003,2.22e-05
5,32,OMP,0.00021980000000000003,2.02e-05
6,32,OMP,0.00019779999999999998,2.3999999999999997e-05
7,32,OMP,0.00027180000000000005,2.44e-05
8,32,OMP,0.00031340000000000003,2.6199999999999996e-05
9,32,OMP,0.00034599999999999995,2.48e-05
10,32,OMP,0.0003226,2.52e-05
11,32,OMP,0.000362,2.6000000000000002e-05
12,32,OMP,0.00038239999999999997,2.5600000000000006e-05
13,32,OMP,0.0005358,2.64e-05
14,32,OMP,0.0004086,3.22e-05
15,32,OMP,0.000428,2.7400000000000005e-05
16,32,OMP,0.0005629999999999999,3.26e-05
17,32,OMP,0.0005428000000000001,2.7800000000000005e-05
18,32,OMP,0.0005696,2.5e-05
19,32,OMP,0.0005430000000000001,2.9e-05
20,32,OMP,0.0005497999999999999,2.68e-05
21,32,OMP,0.0004744,3.26e-05
22,32,OMP,0.0007148,2.94e-05
23,32,OMP,0.0008473999999999999,2.82e-05
24,32,OMP,0.0005947999999999999,2.9599999999999998e-05
25,32,OMP,0.0005551999999999999,2.82e-05
26,32,OMP,0.0007328,2.7600000000000003e-05
27,32,OMP,0.0006968,2.86e-05
28,32,OMP,0.000801,2.8199999999999998e-05
29,32,OMP,0.000755,2.68e-05
30,32,OMP,0.0008198000000000001,2.7800000000000005e-05
31,32,OMP,0.0008613999999999998,3.04e-05
32,32,OMP,0.0008680000000000001,2.94e-05
33,32,OMP,0.0008324,2.9400000000000003e-05
34,32,OMP,0.0008280000000000001,3.2200000000000003e-05
35,32,OMP,0.0007719999999999999,3.44e-05
36,32,OMP,0.0007440000000000001,2.9199999999999998e-05
37,32,OMP,0.0008038,3.52e-05
38,32,OMP,0.000776,3.76e-05
39,32,OMP,0.000946,3.36e-05
40,32,OMP,0.0008964000000000001,3.04e-05
41,32,OMP,0.0008392,3.0200000000000002e-05
42,32,OMP,0.0009364000000000001,3.66e-05
43,32,OMP,0.0009282,3.7199999999999996e-05
44,32,OMP,0.0009417999999999999,3.3199999999999994e-05
45,32,OMP,0.0011757999999999998,3.34e-05
46,32,OMP,0.0010792,3.2e-05
47,32,OMP,0.0010742,3.34e-05
48,32,OMP,0.0009446,3.6400000000000004e-05
49,32,OMP,0.0011872,3.3e-05
50,32,OMP,0.0009672,3.4e-05
51,32,OMP,0.0010574,3.58e-05
52,32,OMP,0.0010554,3.56e-05
53,32,OMP,0.0011732,3.7e-05
54,32,OMP,0.0010932000000000001,3.4200000000000005e-05
55,32,OMP,0.0010630000000000001,3.72e-05
56,32,OMP,0.0011458,3.64e-05
57,32,OMP,0.0012490000000000001,3.540000000000001e-05
58,32,OMP,0.0012216000000000002,4.2000000000000004e-05
59,32,OMP,0.0012074000000000002,3.66e-05
60,32,OMP,0.0011866,3.9e-05
61,32,OMP,0.0010858,3.92e-05
62,32,OMP,0.0012148,3.6400000000000004e-05
63,32,OMP,0.0011742,4.22e-05
64,32,OMP,0.0013291999999999998,3.680000000000001e-05
65,32,OMP,0.001294,3.88e-05
66,32,OMP,0.0012636,3.78e-05
67,32,OMP,0.0013495999999999998,4.32e-05
68,32,OMP,0.0014491999999999999,4.66e-05
69,32,OMP,0.0012407999999999998,3.96e-05
70,32,OMP,0.0015048000000000001,3.7199999999999996e-05
71,32,OMP,0.0013200000000000002,4.4999999999999996e-05
72,32,OMP,0.0014583999999999999,4.2000000000000004e-05
73,32,OMP,0.0014486000000000002,4.4999999999999996e-05
74,32,OMP,0.0015596,3.5600000000000005e-05
75,32,OMP,0.0014464,4.28e-05
76,32,OMP,0.0014994000000000001,4.36e-05
77,32,OMP,0.0016562,4.24e-05
78,32,OMP,0.0016167999999999998,4.3e-05
79,32,OMP,0.0016858,5.26e-05
80,32,OMP,0.0017749999999999999,4.2600000000000005e-05
81,32,OMP,0.0016988000000000003,4.3200000000000007e-05
82,32,OMP,0.0017474000000000003,4.8200000000000006e-05
83,32,OMP,0.0017588,4.7999999999999994e-05
84,32,OMP,0.0018172000000000002,4.64e-05
85,32,OMP,0.0020666,4.52e-05
86,32,OMP,0.0026533999999999998,5.1599999999999994e-05
87,32,OMP,0.0018599999999999999,4.3799999999999994e-05
88,32,OMP,0.0036228000000000002,0.0019378
89,32,OMP,0.0018486000000000002,5.12e-05
90,32,OMP,0.0030548000000000007,4.6e-05
91,32,OMP,0.002477,4.52e-05
92,32,OMP,0.0067802,6.26e-05
93,32,OMP,0.0065566,0.0028956000000000003
94,32,OMP,0.0065582,0.003659999999999999
95,32,OMP,0.010009,0.009453
96,32,OMP,0.0102194,0.008534
1,32,MPI DT,2.3599999999999998e-05,2.2e-06
2,32,MPI DT,0.0003866000000000001,3.7199999999999996e-05
3,32,MPI DT,0.00041460000000000005,3.9000000000000006e-05
4,32,MPI DT,0.0003904,4.32e-05
5,32,MPI DT,0.0003616,4.4200000000000004e-05
6,32,MPI DT,0.000146,4.26e-05
7,32,MPI DT,0.0005223999999999999,5.08e-05
8,32,MPI DT,0.00021700000000000002,4.76e-05
9,32,MPI DT,0.0004874,5.9199999999999996e-05
10,32,MPI DT,0.0004112,5.4199999999999996e-05
11,32,MPI DT,0.00032900000000000003,6.440000000000001e-05
12,32,MPI DT,0.0006219999999999999,0.0001344
13,32,MPI DT,0.0003592,0.00013680000000000002
14,32,MPI DT,0.0004776,0.0002104
15,32,MPI DT,0.0005128000000000001,7.9e-05
16,32,MPI DT,0.00045000000000000004,0.00015460000000000002
17,32,MPI DT,0.0001938,0.0001494
18,32,MPI DT,0.0003678,0.0001646
19,32,MPI DT,0.00039559999999999997,0.0003258
20,32,MPI DT,0.0006265999999999999,0.000404
21,32,MPI DT,0.0006994,0.0003528
22,32,MPI DT,0.00033840000000000004,0.0004158
23,32,MPI DT,0.0002718,0.0005164
24,32,MPI DT,0.00031,0.00035959999999999996
25,32,MPI DT,0.0004712,0.0002862
26,32,MPI DT,0.00039959999999999996,0.000566
27,32,MPI DT,0.0005926,0.0005422
28,32,MPI DT,0.0002756,0.0004772
29,32,MPI DT,0.00033620000000000004,0.0005704
30,32,MPI DT,0.0002658,0.0005654
31,32,MPI DT,0.00037079999999999996,0.00044980000000000004
32,32,MPI DT,0.00033,0.0005696
33,32,MPI DT,0.0006598,0.0005369999999999999
34,32,MPI DT,0.0004272,0.0004874
35,32,MPI DT,0.000355,0.0005512000000000001
36,32,MPI DT,0.0003022,0.0005646
37,32,MPI DT,0.0002664,0.0005682
38,32,MPI DT,0.0003828,0.0005964
39,32,MPI DT,0.00027220000000000006,0.0006276000000000001
40,32,MPI DT,0.0006877999999999999,0.0005652000000000001
41,32,MPI DT,0.00043359999999999997,0.0005884
42,32,MPI DT,0.00029560000000000003,0.0005888000000000001
43,32,MPI DT,0.0004744,0.0006008
44,32,MPI DT,0.0002634,0.0006206
45,32,MPI DT,0.00044419999999999996,0.0006078
46,32,MPI DT,0.0005958,0.000563
47,32,MPI DT,0.00043099999999999996,0.00041919999999999994
48,32,MPI DT,0.0003742,0.0006567999999999999
49,32,MPI DT,0.00043960000000000006,0.0006278
50,32,MPI DT,0.0005138,0.0005708
51,32,MPI DT,0.0006885999999999999,0.0006678
52,32,MPI DT,0.000518,0.0006393999999999999
53,32,MPI DT,0.0008484,0.0006412
54,32,MPI DT,0.0005912,0.0006748
55,32,MPI DT,0.000563,0.0007015999999999999
56,32,MPI DT,0.000665,0.0005614000000000001
57,32,MPI DT,0.0007778,0.0006417999999999999
58,32,MPI DT,0.001151,0.0006554
59,32,MPI DT,0.0011206,0.0007023999999999999
60,32,MPI DT,0.0005054,0.0006306
61,32,MPI DT,0.0007325999999999999,0.0006762
62,32,MPI DT,0.00108,0.0007012
63,32,MPI DT,0.0005851999999999999,0.0007865999999999999
64,32,MPI DT,0.0007601999999999999,0.0006058000000000001
65,32,MPI DT,0.000499,0.0007052000000000001
66,32,MPI DT,0.00048059999999999997,0.0009061999999999999
67,32,MPI DT,0.0007996000000000001,0.0013366
68,32,MPI DT,0.000777,0.000724
69,32,MPI DT,0.0007574,0.0006972
70,32,MPI DT,0.0005420000000000001,0.0007508
71,32,MPI DT,0.0009585999999999999,0.0006184000000000001
72,32,MPI DT,0.0011806,0.0007070000000000001
73,32,MPI DT,0.0008618,0.0007524000000000001
74,32,MPI DT,0.0030372000000000003,0.0018065999999999998
75,32,MPI DT,0.00041460000000000005,0.000756
76,32,MPI DT,0.015360000000000002,0.0032066000000000004
77,32,MPI DT,0.0057508,0.001487
78,32,MPI DT,0.0012856,0.0007748000000000002
79,32,MPI DT,0.0007032,0.004675
80,32,MPI DT,0.0015608,0.0006782
81,32,MPI DT,0.0031014,0.001334
82,32,MPI DT,0.0009809999999999999,0.0007143999999999999
83,32,MPI DT,0.002997,0.0008421999999999999
84,32,MPI DT,0.0007314,0.000742
85,32,MPI DT,0.0058264,0.005635000000000001
86,32,MPI DT,0.0030055999999999998,0.003601600000000001
87,32,MPI DT,0.0035776000000000002,0.004162400000000001
88,32,MPI DT,0.0014939999999999999,0.0028810000000000003
89,32,MPI DT,0.0032256000000000008,0.003281
90,32,MPI DT,0.009709199999999998,0.0071022
91,32,MPI DT,0.0033550000000000003,0.0015826
92,32,MPI DT,0.005623600000000001,0.0048864
93,32,MPI DT,0.00317,0.0032496000000000005
94,32,MPI DT,0.0059876,0.005738999999999999
95,32,MPI DT,0.002902,0.0031936
96,32,MPI DT,0.0104476,0.0105544
1,64,SEQ,1.78e-05,1.6999999999999996e-05
1,64,OMP,4.3599999999999996e-05,2.3599999999999998e-05
2,64,OMP,0.0001288,3.4e-05
3,64,OMP,0.00010460000000000001,3.4e-05
4,64,OMP,0.0001252,3.680000000000001e-05
5,64,OMP,0.00022700000000000004,3.52e-05
6,64,OMP,0.00017099999999999998,3.64e-05
7,64,OMP,0.00019420000000000003,3.46e-05
8,64,OMP,0.0002412,3.7199999999999996e-05
9,64,OMP,0.00028720000000000004,3.44e-05
10,64,OMP,0.0002734,3.48e-05
11,64,OMP,0.0003612,3.619999999999999e-05
12,64,OMP,0.00039920000000000005,3.62e-05
13,64,OMP,0.00044400000000000006,3.94e-05
14,64,OMP,0.0003946,3.64e-05
15,64,OMP,0.0004182,3.9000000000000006e-05
16,64,OMP,0.0004267999999999999,4.1e-05
17,64,OMP,0.000383,4.1400000000000003e-05
18,64,OMP,0.000501,4.62e-05
19,64,OMP,0.000491,4.14e-05
20,64,OMP,0.0005250000000000001,5.239999999999999e-05
21,64,OMP,0.00047940000000000005,5.020000000000001e-05
22,64,OMP,0.0004732,5.36e-05
23,64,OMP,0.0004198,4.940000000000001e-05
24,64,OMP,0.0005198000000000001,4.84e-05
25,64,OMP,0.0005842,4.96e-05
26,64,OMP,0.0007786000000000001,5.36e-05
27,64,OMP,0.00048099999999999993,5.48e-05
28,64,OMP,0.0006422,5.5599999999999996e-05
29,64,OMP,0.0007564000000000002,5.459999999999999e-05
30,64,OMP,0.0006846000000000002,6.12e-05
31,64,OMP,0.0007206000000000001,6.24e-05
32,64,OMP,0.0006341999999999999,5.52e-05
33,64,OMP,0.0007212,6.26e-05
34,64,OMP,0.000626,5.4600000000000006e-05
35,64,OMP,0.0006740000000000001,5.72e-05
36,64,OMP,0.0006958,7.46e-05
37,64,OMP,0.0006798,5.759999999999999e-05
38,64,OMP,0.0008042,7.439999999999999e-05
39,64,OMP,0.0007934,5.660000000000001e-05
40,64,OMP,0.0008166,6.64e-05
41,64,OMP,0.0007094,6.6e-05
42,64,OMP,0.0007619999999999999,6.34e-05
43,64,OMP,0.0008112,6.66e-05
44,64,OMP,0.0008958000000000001,6.5e-05
45,64,OMP,0.0007938000000000001,6.860000000000001e-05
46,64,OMP,0.0009416000000000001,7.76e-05
47,64,OMP,0.0009956,7.179999999999998e-05
48,64,OMP,0.000865,6.52e-05
49,64,OMP,0.0008994000000000001,7.060000000000001e-05
50,64,OMP,0.000876,6.92e-05
51,64,OMP,0.0010167999999999998,7.099999999999999e-05
52,64,OMP,0.0010756,8.779999999999999e-05
53,64,OMP,0.0010302,7.84e-05
54,64,OMP,0.0011688,6.16e-05
55,64,OMP,0.0010936000000000001,7.34e-05
56,64,OMP,0.0013284,7.06e-05
57,64,OMP,0.0010944,8.259999999999999e-05
58,64,OMP,0.0013244,7.48e-05
59,64,OMP,0.0011414,7.16e-05
60,64,OMP,0.0011382,7.2e-05
61,64,OMP,0.0012202,7.7e-05
62,64,OMP,0.0012354,8.060000000000001e-05
63,64,OMP,0.0012008000000000001,8.14e-05
64,64,OMP,0.0012882,7.94e-05
65,64,OMP,0.0012118,7.159999999999999e-05
66,64,OMP,0.001167,7.82e-05
67,64,OMP,0.0013048,7.760000000000002e-05
68,64,OMP,0.0014624,7.999999999999999e-05
69,64,OMP,0.0014731999999999998,8.539999999999999e-05
70,64,OMP,0.0014018000000000001,7.66e-05
71,64,OMP,0.0012851999999999998,7.500000000000001e-05
72,64,OMP,0.0013956,7.159999999999999e-05
73,64,OMP,0.001441,8.04e-05
74,64,OMP,0.001475,6.92e-05
75,64,OMP,0.0013676,8.8e-05
76,64,OMP,0.0014658,8.479999999999999e-05
77,64,OMP,0.0014693999999999998,7.159999999999999e-05
78,64,OMP,0.0015147999999999997,8.62e-05
79,64,OMP,0.0017106,8.36e-05
80,64,OMP,0.0015616000000000002,9.120000000000001e-05
81,64,OMP,0.0016576,8.72e-05
82,64,OMP,0.0015358,7.92e-05
83,64,OMP,0.0015530000000000001,8.499999999999999e-05
84,64,OMP,0.0016456,8.240000000000001e-05
85,64,OMP,0.0022541999999999996,8.38e-05
86,64,OMP,0.002094,7.7e-05
87,64,OMP,0.002042,7.9e-05
88,64,OMP,0.0033772000000000003,8.94e-05
89,64,OMP,0.0020142,7.84e-05
90,64,OMP,0.0016548,8.7e-05
91,64,OMP,0.0065201999999999994,0.0038372000000000002
92,64,OMP,0.010066,0.004815399999999999
93,64,OMP,0.0080304,0.001987
94,64,OMP,0.0080862,0.004055800000000001
95,64,OMP,0.0102708,0.009553
96,64,OMP,0.009027799999999999,0.0076212
1,64,MPI DT,3.1599999999999996e-05,1.16e-05
2,64,MPI DT,0.00018759999999999998,6.14e-05
3,64,MPI DT,0.0003294,5.9999999999999995e-05
4,64,MPI DT,0.00022439999999999998,6.54e-05
5,64,MPI DT,0.0001964,5.9800000000000003e-05
6,64,MPI DT,0.0004712,6.400000000000001e-05
7,64,MPI DT,0.0005024,6.68e-05
8,64,MPI DT,0.0002776,6.74e-05
9,64,MPI DT,0.00035800000000000003,8.34e-05
10,64,MPI DT,0.0003386,8.66e-05
11,64,MPI DT,0.0006096,0.0001132
12,64,MPI DT,0.00046559999999999993,9.3e-05
13,64,MPI DT,0.00032040000000000004,0.000107
14,64,MPI DT,0.0007988,0.0001426
15,64,MPI DT,0.000282,0.0001836
16,64,MPI DT,0.00047080000000000006,9.159999999999999e-05
17,64,MPI DT,0.000243,0.0001222
18,64,MPI DT,0.0005124,0.00024760000000000006
19,64,MPI DT,0.000495,0.0001378
20,64,MPI DT,0.000531,0.00020600000000000002
21,64,MPI DT,0.0007138000000000001,0.0002252
22,64,MPI DT,0.0005223999999999999,0.000159
23,64,MPI DT,0.000985,0.00026960000000000005
24,64,MPI DT,0.00028700000000000004,0.00032399999999999996
25,64,MPI DT,0.0009128000000000001,0.00025140000000000004
26,64,MPI DT,0.0007824000000000002,0.00032779999999999994
27,64,MPI DT,0.0010198,0.0004216
28,64,MPI DT,0.0005483999999999999,0.0003556
29,64,MPI DT,0.0006432,0.0009755999999999999
30,64,MPI DT,0.000755,0.00042780000000000004
31,64,MPI DT,0.00043879999999999993,0.0003662
32,64,MPI DT,0.001053,0.0010271999999999998
33,64,MPI DT,0.0009029999999999999,0.0002732
34,64,MPI DT,0.0006573999999999999,0.0005665999999999999
35,64,MPI DT,0.0005922,0.00031399999999999993
36,64,MPI DT,0.0012980000000000001,0.000317
37,64,MPI DT,0.0010284,0.0006844
38,64,MPI DT,0.000697,0.000924
39,64,MPI DT,0.0014074,0.0006134
40,64,MPI DT,0.0006982000000000001,0.0006870000000000001
41,64,MPI DT,0.0008401999999999999,0.0004516
42,64,MPI DT,0.0009453999999999999,0.0010914
43,64,MPI DT,0.0007939999999999999,0.0007099999999999999
44,64,MPI DT,0.0007589999999999999,0.0005591999999999999
45,64,MPI DT,0.0010152000000000002,0.0010692
46,64,MPI DT,0.0006672,0.0006492
47,64,MPI DT,0.0007107999999999999,0.0005034000000000001
48,64,MPI DT,0.000998,0.0005756
49,64,MPI DT,0.0010162,0.0006702
50,64,MPI DT,0.000711,0.0006612
51,64,MPI DT,0.0012125999999999999,0.0006304
52,64,MPI DT,0.0006376,0.0004448000000000001
53,64,MPI DT,0.0009023999999999999,0.0025459999999999997
54,64,MPI DT,0.0011551999999999999,0.0007044000000000001
55,64,MPI DT,0.0009186,0.0006864
56,64,MPI DT,0.0008897999999999999,0.000806
57,64,MPI DT,0.0009276000000000001,0.0007235999999999999
58,64,MPI DT,0.0011978,0.0006224000000000001
59,64,MPI DT,0.0011849999999999999,0.0006906
60,64,MPI DT,0.0008158,0.0007918
61,64,MPI DT,0.0008994000000000001,0.0008232
62,64,MPI DT,0.001026,0.0013733999999999999
63,64,MPI DT,0.0010226,0.0007522
64,64,MPI DT,0.0012209999999999999,0.0006816
65,64,MPI DT,0.0014676,0.0008396
66,64,MPI DT,0.0011374,0.0007396
67,64,MPI DT,0.001165,0.00067
68,64,MPI DT,0.0011386,0.0006798
69,64,MPI DT,0.0010279999999999998,0.0008968
70,64,MPI DT,0.0011024,0.0007164000000000001
71,64,MPI DT,0.0014332000000000001,0.0008603999999999999
72,64,MPI DT,0.0011782000000000001,0.0008296
73,64,MPI DT,0.0011784,0.0008356
74,64,MPI DT,0.0012175999999999999,0.000983
75,64,MPI DT,0.0014118,0.001021
76,64,MPI DT,0.0011118,0.0009336
77,64,MPI DT,0.001168,0.0008696000000000001
78,64,MPI DT,0.0014724,0.0007313999999999999
79,64,MPI DT,0.0014921999999999997,0.0009766
80,64,MPI DT,0.0015454,0.0010358000000000001
81,64,MPI DT,0.0011747999999999997,0.0008671999999999999
82,64,MPI DT,0.0037087999999999995,0.0009125999999999998
83,64,MPI DT,0.0010142,0.0009536000000000001
84,64,MPI DT,0.0034476,0.0029431999999999995
85,64,MPI DT,0.00204,0.0009866
86,64,MPI DT,0.001994,0.0010014
87,64,MPI DT,0.0016208,0.0010738000000000002
88,64,MPI DT,0.00112,0.0010332000000000002
89,64,MPI DT,0.005995599999999999,0.0061382
90,64,MPI DT,0.0014062,0.001158
91,64,MPI DT,0.0032208000000000002,0.0034720000000000003
92,64,MPI DT,0.015973,0.013478600000000002
93,64,MPI DT,0.013838600000000001,0.011197000000000002
94,64,MPI DT,0.009379,0.0061598
95,64,MPI DT,0.0135462,0.013661799999999998
96,64,MPI DT,0.0166318,0.013556800000000003
1,128,SEQ,6.0400000000000004e-05,5.4600000000000006e-05
1,128,OMP,0.00011359999999999998,9.12e-05
2,128,OMP,0.0001882,0.0001362
3,128,OMP,0.0002482,0.00012419999999999998
4,128,OMP,0.0001866,0.00012020000000000002
5,128,OMP,0.0001768,8.54e-05
6,128,OMP,0.00021740000000000003,9.08e-05
7,128,OMP,0.00022160000000000002,8.46e-05
8,128,OMP,0.0002034,9.32e-05
9,128,OMP,0.000243,8.200000000000001e-05
10,128,OMP,0.0002816,6.98e-05
11,128,OMP,0.0002862,7.7e-05
12,128,OMP,0.0003058,8.660000000000002e-05
13,128,OMP,0.0003468,7.179999999999998e-05
14,128,OMP,0.0004104,7.72e-05
15,128,OMP,0.0004216,7.280000000000001e-05
16,128,OMP,0.0003142,7.439999999999999e-05
17,128,OMP,0.0003798,7.960000000000001e-05
18,128,OMP,0.00043579999999999997,7.32e-05
19,128,OMP,0.000366,7.960000000000001e-05
20,128,OMP,0.0004844,8.620000000000001e-05
21,128,OMP,0.0005372,7.180000000000001e-05
22,128,OMP,0.0005459999999999999,7.360000000000001e-05
23,128,OMP,0.0005176,7.960000000000001e-05
24,128,OMP,0.00044340000000000004,8.960000000000001e-05
25,128,OMP,0.0004652,8.259999999999999e-05
26,128,OMP,0.0006563999999999999,7.92e-05
27,128,OMP,0.0005863999999999999,8.779999999999999e-05
28,128,OMP,0.0005318,8.28e-05
29,128,OMP,0.0005334000000000001,8.999999999999999e-05
30,128,OMP,0.0006485999999999999,9.2e-05
31,128,OMP,0.0005716,8.14e-05
32,128,OMP,0.0007214,9.080000000000001e-05
33,128,OMP,0.0006830000000000001,9.16e-05
34,128,OMP,0.0007034,9.180000000000001e-05
35,128,OMP,0.0007245999999999999,0.0001036
36,128,OMP,0.0008500000000000001,9.1e-05
37,128,OMP,0.000675,0.00010219999999999999
38,128,OMP,0.0008085999999999999,8.900000000000001e-05
39,128,OMP,0.000809,9.659999999999999e-05
40,128,OMP,0.0007067999999999999,0.00010300000000000001
41,128,OMP,0.0007247999999999999,9.8e-05
42,128,OMP,0.0008004,0.0001146
43,128,OMP,0.0010035999999999999,0.00010339999999999999
44,128,OMP,0.0008404000000000002,0.00010779999999999999
45,128,OMP,0.0007862000000000001,0.0001072
46,128,OMP,0.0007941999999999999,0.00011060000000000002
47,128,OMP,0.0008544,0.0001334
48,128,OMP,0.0009048000000000001,0.0001178
49,128,OMP,0.0009454000000000001,0.0001126
50,128,OMP,0.0009457999999999999,0.000125
51,128,OMP,0.0010014,0.00013260000000000002
52,128,OMP,0.0009802,0.0001318
53,128,OMP,0.0009838,0.0001228
54,128,OMP,0.0010178,0.0001302
55,128,OMP,0.0010178,0.0001318
56,128,OMP,0.0010206,0.000149
57,128,OMP,0.001043,0.00011980000000000001
58,128,OMP,0.0010402,0.0001332
59,128,OMP,0.0010900000000000003,0.0001274
60,128,OMP,0.001144,0.0001306
61,128,OMP,0.0011292,0.00012159999999999999
62,128,OMP,0.0012001999999999998,0.00014319999999999998
63,128,OMP,0.0011466,0.0001314
64,128,OMP,0.0011396,0.0001234
65,128,OMP,0.0011867999999999998,0.00013380000000000003
66,128,OMP,0.001336,0.000141
67,128,OMP,0.0012344,0.0001456
68,128,OMP,0.0013166,0.0001494
69,128,OMP,0.0012010000000000002,0.0001542
70,128,OMP,0.0013126000000000001,0.0001508
71,128,OMP,0.0012867999999999998,0.000142
72,128,OMP,0.0013668,0.0001606
73,128,OMP,0.0014047999999999999,0.0001448
74,128,OMP,0.0013748000000000002,0.0001642
75,128,OMP,0.0014441999999999999,0.0001414
76,128,OMP,0.0013876,0.0001584
77,128,OMP,0.0014588000000000001,0.00014
78,128,OMP,0.0014646000000000001,0.000157
79,128,OMP,0.0014456,0.0001552
80,128,OMP,0.0014734000000000001,0.000172
81,128,OMP,0.0015476,0.00016419999999999998
82,128,OMP,0.0015128000000000001,0.0001624
83,128,OMP,0.0015204,0.000161
84,128,OMP,0.0015668000000000001,0.00015960000000000003
85,128,OMP,0.0025258,0.0001706
86,128,OMP,0.0032118,0.0011022
87,128,OMP,0.002189,0.0001844
88,128,OMP,0.0035646,0.0011024000000000001
89,128,OMP,0.0028848,0.00016859999999999998
90,128,OMP,0.0036416000000000005,0.0020512
91,128,OMP,0.0058484,0.0011166000000000001
92,128,OMP,0.0060588,0.0011133999999999998
93,128,OMP,0.0061844,0.00019520000000000003
94,128,OMP,0.0098488,0.0049022
95,128,OMP,0.0090092,0.00395
96,128,OMP,0.009179199999999998,0.0076152
1,128,MPI DT,6.46e-05,6.0599999999999996e-05
2,128,MPI DT,0.0003376000000000001,0.000116
3,128,MPI DT,0.0005030000000000001,0.00012179999999999999
4,128,MPI DT,0.000613,0.0001386
5,128,MPI DT,0.0004704,0.0001402
6,128,MPI DT,0.0007102,0.0001292
7,128,MPI DT,0.0005582,0.000141
8,128,MPI DT,0.0005918,0.0001406
9,128,MPI DT,0.0002984,0.00016659999999999998
10,128,MPI DT,0.00046439999999999996,0.0001982
11,128,MPI DT,0.0005984,0.0002746
12,128,MPI DT,0.0003852,0.00018639999999999998
13,128,MPI DT,0.0004086,0.0001896
14,128,MPI DT,0.0005943999999999999,0.0002468
15,128,MPI DT,0.0004892000000000001,0.00021580000000000001
16,128,MPI DT,0.0006194000000000001,0.00015700000000000002
17,128,MPI DT,0.0009805999999999999,0.0002386
18,128,MPI DT,0.0007668,0.00024260000000000002
19,128,MPI DT,0.0006424000000000001,0.0002634
20,128,MPI DT,0.0008846000000000001,0.0002568
21,128,MPI DT,0.00045599999999999997,0.0002686
22,128,MPI DT,0.0004392,0.00022340000000000004
23,128,MPI DT,0.0005226,0.000295
24,128,MPI DT,0.0007367999999999999,0.0003322
25,128,MPI DT,0.0007834000000000001,0.00034339999999999994
26,128,MPI DT,0.0005233999999999999,0.0002404
27,128,MPI DT,0.0009918000000000001,0.000379
28,128,MPI DT,0.0006974,0.0003896
29,128,MPI DT,0.0007384,0.000415
30,128,MPI DT,0.0009830000000000001,0.00045640000000000003
31,128,MPI DT,0.0007094,0.0004886
32,128,MPI DT,0.0013126000000000001,0.00021419999999999998
33,128,MPI DT,0.0006291999999999999,0.0006127999999999999
34,128,MPI DT,0.000887,0.0005510000000000001
35,128,MPI DT,0.0007415999999999999,0.000582
36,128,MPI DT,0.0007334,0.0006776
37,128,MPI DT,0.0011519999999999998,0.0007182000000000001
38,128,MPI DT,0.0008225999999999999,0.0009772
39,128,MPI DT,0.0007144000000000001,0.00040300000000000004
40,128,MPI DT,0.0005878,0.000413
41,128,MPI DT,0.0007814,0.0008498000000000001
42,128,MPI DT,0.0011088,0.0009596000000000002
43,128,MPI DT,0.0009181999999999999,0.0003226
44,128,MPI DT,0.0007114,0.0007218
45,128,MPI DT,0.000969,0.0010984
46,128,MPI DT,0.0008607999999999999,0.0006266
47,128,MPI DT,0.0009784000000000001,0.0013382000000000001
48,128,MPI DT,0.0006238,0.0005652
49,128,MPI DT,0.0011626,0.001101
50,128,MPI DT,0.000599,0.0006892000000000001
51,128,MPI DT,0.0012933999999999999,0.0012932
52,128,MPI DT,0.0008332000000000001,0.000695
53,128,MPI DT,0.0010528,0.0006782
54,128,MPI DT,0.0016114,0.0015065999999999999
55,128,MPI DT,0.0008674000000000002,0.0007015999999999999
56,128,MPI DT,0.0009554,0.0008054000000000001
57,128,MPI DT,0.0015834,0.0016464
58,128,MPI DT,0.0010536,0.000898
59,128,MPI DT,0.0011206,0.0008255999999999999
60,128,MPI DT,0.0011274000000000002,0.0008608000000000001
61,128,MPI DT,0.0014486,0.0009350000000000001
62,128,MPI DT,0.0012408,0.0013947999999999999
63,128,MPI DT,0.0010923999999999999,0.0008681999999999999
64,128,MPI DT,0.0014544000000000002,0.0012251999999999999
65,128,MPI DT,0.000984,0.0009653999999999999
66,128,MPI DT,0.0011536,0.0008718
67,128,MPI DT,0.0011178,0.0010329999999999998
68,128,MPI DT,0.0013022,0.000898
69,128,MPI DT,0.0015033999999999998,0.0011086
70,128,MPI DT,0.001338,0.0009552
71,128,MPI DT,0.0014609999999999998,0.0009271999999999999
72,128,MPI DT,0.0024762000000000004,0.0024694
73,128,MPI DT,0.0014122,0.0009784
74,128,MPI DT,0.001264,0.0010418
75,128,MPI DT,0.0011408,0.00112
76,128,MPI DT,0.0013678,0.00095
77,128,MPI DT,0.0015186,0.0010188
78,128,MPI DT,0.0024548,0.0027865999999999998
79,128,MPI DT,0.0013143999999999999,0.0009865999999999998
80,128,MPI DT,0.0011778,0.0011817999999999998
81,128,MPI DT,0.0013514000000000002,0.0011511999999999998
82,128,MPI DT,0.0035227999999999995,0.0027978
83,128,MPI DT,0.010244000000000001,0.0036282000000000003
84,128,MPI DT,0.0027286,0.003055
85,128,MPI DT,0.0014224,0.0011056
86,128,MPI DT,0.0012387999999999998,0.0010682
87,128,MPI DT,0.0166864,0.0065823999999999995
88,128,MPI DT,0.0094196,0.006257
89,128,MPI DT,0.00892,0.002674
90,128,MPI DT,0.0092212,0.0029189999999999997
91,128,MPI DT,0.0257652,0.015536200000000003
92,128,MPI DT,0.0101614,0.0079706
93,128,MPI DT,0.006062199999999999,0.0062792
94,128,MPI DT,0.0311508,0.0320324
95,128,MPI DT,0.0545644,0.04149180000000001
96,128,MPI DT,0.0192172,0.011740400000000002
1,256,SEQ,0.0001746,0.0004156
1,256,OMP,0.0002636,0.0002464
2,256,OMP,0.0003718,0.00048140000000000005
3,256,OMP,0.0003304,0.0003828
4,256,OMP,0.0003222,0.0003502
5,256,OMP,0.00032399999999999996,0.0002842
6,256,OMP,0.0003122,0.0002484
7,256,OMP,0.00028900000000000003,0.00023940000000000002
8,256,OMP,0.00029059999999999996,0.000253
9,256,OMP,0.000316,0.00023280000000000002
10,256,OMP,0.0003268,0.00022699999999999993
11,256,OMP,0.00030460000000000003,0.000196
12,256,OMP,0.0003198,0.00019659999999999998
13,256,OMP,0.00037099999999999996,0.00022959999999999994
14,256,OMP,0.0003632,0.0002032
15,256,OMP,0.00036480000000000003,0.0002114
16,256,OMP,0.0003756,0.0002038
17,256,OMP,0.00040239999999999997,0.00020360000000000002
18,256,OMP,0.00044419999999999996,0.00019060000000000003
19,256,OMP,0.000415,0.0002076
20,256,OMP,0.0004464,0.000198
21,256,OMP,0.00044679999999999996,0.00019579999999999996
22,256,OMP,0.000496,0.0001762
23,256,OMP,0.00048760000000000003,0.0002066
24,256,OMP,0.000508,0.000202
25,256,OMP,0.0005448,0.0001872
26,256,OMP,0.000588,0.00020020000000000004
27,256,OMP,0.0005662,0.00019700000000000005
28,256,OMP,0.0005578,0.00018300000000000003
29,256,OMP,0.000586,0.00019339999999999998
30,256,OMP,0.0006222,0.0001812
31,256,OMP,0.0006295999999999999,0.00017779999999999998
32,256,OMP,0.0006236,0.0002034
33,256,OMP,0.0006446000000000001,0.00017940000000000002
34,256,OMP,0.0006578,0.0001788
35,256,OMP,0.0006663999999999999,0.0001916
36,256,OMP,0.0006714000000000001,0.00018620000000000003
37,256,OMP,0.0006892,0.000194
38,256,OMP,0.0007368000000000001,0.0001978
39,256,OMP,0.0007219999999999999,0.000176
40,256,OMP,0.0007488000000000001,0.00020659999999999998
41,256,OMP,0.0007482,0.000219
42,256,OMP,0.000804,0.00020140000000000002
43,256,OMP,0.0008278000000000001,0.00019240000000000001
44,256,OMP,0.0008006,0.00022240000000000004
45,256,OMP,0.0007938000000000001,0.0002118
46,256,OMP,0.0008806000000000002,0.00020119999999999998
47,256,OMP,0.0009018,0.0001978
48,256,OMP,0.0009014000000000001,0.00019679999999999996
49,256,OMP,0.0009035999999999998,0.000218
50,256,OMP,0.0009822000000000001,0.00021380000000000002
51,256,OMP,0.0009680000000000001,0.0002066
52,256,OMP,0.0010232000000000002,0.0002112
53,256,OMP,0.0009868,0.0002056
54,256,OMP,0.0009962,0.0002052
55,256,OMP,0.001002,0.000213
56,256,OMP,0.0010164,0.00021400000000000005
57,256,OMP,0.0010436,0.00023040000000000002
58,256,OMP,0.0010642,0.00023
59,256,OMP,0.0010998,0.0002112
60,256,OMP,0.0010852000000000001,0.00021740000000000003
61,256,OMP,0.0011373999999999998,0.0002316
62,256,OMP,0.0011738,0.0002232
63,256,OMP,0.001142,0.00023600000000000002
64,256,OMP,0.0011576,0.0002284
65,256,OMP,0.0011868,0.00024140000000000004
66,256,OMP,0.001172,0.0002326
67,256,OMP,0.0012296,0.0002506
68,256,OMP,0.0012088,0.0002594
69,256,OMP,0.0012708,0.00024859999999999997
70,256,OMP,0.001346,0.0002408
71,256,OMP,0.0013035999999999998,0.0002696
72,256,OMP,0.0013786000000000002,0.0002622
73,256,OMP,0.0016638000000000004,0.0002924
74,256,OMP,0.0016684,0.0002842
75,256,OMP,0.0016072,0.000285
76,256,OMP,0.0016818,0.00031120000000000003
77,256,OMP,0.0017310000000000003,0.000321
78,256,OMP,0.0014908,0.0002776
79,256,OMP,0.0014854,0.0002764
80,256,OMP,0.0014736000000000003,0.00028660000000000003
81,256,OMP,0.0015494,0.0002846
82,256,OMP,0.001499,0.000314
83,256,OMP,0.0015467999999999999,0.0002868
84,256,OMP,0.0015651999999999999,0.000314
85,256,OMP,0.0032834,0.0003212
86,256,OMP,0.0016642,0.0002948
87,256,OMP,0.0016136000000000002,0.00032040000000000004
88,256,OMP,0.0022170000000000002,0.000316
89,256,OMP,0.0037267999999999997,0.0021953999999999997
90,256,OMP,0.0029173999999999997,0.0010558
91,256,OMP,0.0036178,0.00031380000000000004
92,256,OMP,0.007004399999999999,0.00036839999999999996
93,256,OMP,0.00812,0.0022414
94,256,OMP,0.009887799999999999,0.0069102
95,256,OMP,0.008884800000000002,0.0068790000000000006
96,256,OMP,0.0112776,0.008805799999999999
1,256,MPI DT,0.00039299999999999996,0.0004182
2,256,MPI DT,0.0004622,0.00039959999999999996
3,256,MPI DT,0.0005729999999999999,0.0004718
4,256,MPI DT,0.0007646,0.0005214000000000001
5,256,MPI DT,0.0008526,0.0004686
6,256,MPI DT,0.0008500000000000001,0.0005315999999999999
7,256,MPI DT,0.0009084,0.0004896
8,256,MPI DT,0.0009160000000000001,0.0004686
9,256,MPI DT,0.0007326,0.0005742
10,256,MPI DT,0.0008534,0.0005818
11,256,MPI DT,0.0008014000000000001,0.0005943999999999999
12,256,MPI DT,0.0008269999999999999,0.0005816
13,256,MPI DT,0.0008468,0.0007714
14,256,MPI DT,0.0008686,0.0006946000000000001
15,256,MPI DT,0.0008242,0.0006630000000000001
16,256,MPI DT,0.0012737999999999998,0.0005464
17,256,MPI DT,0.0010164,0.0007478000000000001
18,256,MPI DT,0.000977,0.0008190000000000001
19,256,MPI DT,0.0009644,0.000723
20,256,MPI DT,0.0012436,0.0008832
21,256,MPI DT,0.0010366000000000002,0.0008033999999999999
22,256,MPI DT,0.0011991999999999997,0.0008858
23,256,MPI DT,0.0012916,0.0009188
24,256,MPI DT,0.0012488,0.0009731999999999999
25,256,MPI DT,0.0011286,0.0007872
26,256,MPI DT,0.0009544,0.0008352
27,256,MPI DT,0.0011784,0.001098
28,256,MPI DT,0.0013763999999999998,0.0011773999999999999
29,256,MPI DT,0.0012708,0.0009658
30,256,MPI DT,0.0012634,0.0009986
31,256,MPI DT,0.0012452000000000001,0.0010467999999999999
32,256,MPI DT,0.0017758,0.000648
33,256,MPI DT,0.0015616000000000002,0.0011786
34,256,MPI DT,0.0013148,0.0011582
35,256,MPI DT,0.0013624000000000002,0.0012118
36,256,MPI DT,0.0016238,0.0012664
37,256,MPI DT,0.001616,0.0012752
38,256,MPI DT,0.0016124,0.0013818
39,256,MPI DT,0.0011956000000000002,0.000933
40,256,MPI DT,0.0016612000000000003,0.001489
41,256,MPI DT,0.0016098000000000002,0.001617
42,256,MPI DT,0.0016312,0.0015356
43,256,MPI DT,0.0012482,0.0010362000000000001
44,256,MPI DT,0.0017804000000000001,0.0016538
45,256,MPI DT,0.0019355999999999998,0.0018408
46,256,MPI DT,0.0015850000000000003,0.0011832000000000001
47,256,MPI DT,0.0021566,0.0019389999999999998
48,256,MPI DT,0.001402,0.0012511999999999998
49,256,MPI DT,0.0024701999999999997,0.0022677999999999995
50,256,MPI DT,0.0015718,0.0012796
51,256,MPI DT,0.002305,0.0021395999999999997
52,256,MPI DT,0.0016469999999999998,0.0013376000000000002
53,256,MPI DT,0.0016558,0.0015184
54,256,MPI DT,0.001728,0.0016251999999999998
55,256,MPI DT,0.0018614000000000003,0.0015394
56,256,MPI DT,0.00178,0.0018181999999999996
57,256,MPI DT,0.0028954,0.0030613999999999997
58,256,MPI DT,0.0020515999999999998,0.001642
59,256,MPI DT,0.002508,0.0019002000000000001
60,256,MPI DT,0.0020312000000000004,0.0019057999999999998
61,256,MPI DT,0.00213,0.0020396000000000004
62,256,MPI DT,0.002411,0.0019934
63,256,MPI DT,0.0022720000000000006,0.0020746000000000002
64,256,MPI DT,0.0025705999999999997,0.0010922
65,256,MPI DT,0.0025486000000000003,0.0020098
66,256,MPI DT,0.0023562,0.0021801999999999998
67,256,MPI DT,0.0023033999999999997,0.0021418
68,256,MPI DT,0.0024706000000000003,0.0022726
69,256,MPI DT,0.0023878,0.0023112000000000002
70,256,MPI DT,0.0026092,0.0024308
71,256,MPI DT,0.0027636,0.0026118
72,256,MPI DT,0.0025404,0.0025334000000000003
73,256,MPI DT,0.0026731999999999997,0.0025654
74,256,MPI DT,0.0026954,0.002729
75,256,MPI DT,0.0029402,0.0029424
76,256,MPI DT,0.0014214000000000002,0.0013739999999999998
77,256,MPI DT,0.0028339999999999997,0.0027724
78,256,MPI DT,0.0030150000000000003,0.0027386
79,256,MPI DT,0.0029352,0.0029606
80,256,MPI DT,0.0093256,0.0104122
81,256,MPI DT,0.0030148,0.0032730000000000003
82,256,MPI DT,0.0036656,0.0032402
83,256,MPI DT,0.0033482,0.0035338
84,256,MPI DT,0.0078802,0.0032321999999999997
85,256,MPI DT,0.0033248,0.0034396
86,256,MPI DT,0.0016178000000000002,0.0015960000000000002
87,256,MPI DT,0.007727199999999999,0.010527400000000001
88,256,MPI DT,0.0037584,0.0037176
89,256,MPI DT,0.0039017999999999995,0.0035372
90,256,MPI DT,0.013482,0.014059199999999999
91,256,MPI DT,0.010469000000000001,0.0083928
92,256,MPI DT,0.0166304,0.015432600000000001
93,256,MPI DT,0.016748199999999998,0.010575
94,256,MPI DT,0.028697999999999994,0.027654
95,256,MPI DT,0.013530000000000004,0.018361
96,256,MPI DT,0.0359646,0.035398799999999994
1,512,SEQ,0.0011380000000000001,0.0028988000000000004
1,512,OMP,0.0010332000000000002,0.0010466
2,512,OMP,0.0009564000000000002,0.0015777999999999996
3,512,OMP,0.0009509999999999999,0.0012974
4,512,OMP,0.0008027999999999999,0.0011046
5,512,OMP,0.0006816,0.0009268
6,512,OMP,0.0006778,0.0008897999999999999
7,512,OMP,0.0006102,0.000791
8,512,OMP,0.0005696,0.0007861999999999999
9,512,OMP,0.0005694000000000001,0.0007102
10,512,OMP,0.0005729999999999999,0.0007091999999999999
11,512,OMP,0.0005194,0.0006850000000000001
12,512,OMP,0.000505,0.0006788
13,512,OMP,0.0005229999999999999,0.0006428
14,512,OMP,0.0005558000000000001,0.0006617999999999999
15,512,OMP,0.0005436000000000001,0.0006458
16,512,OMP,0.0005154000000000001,0.0006760000000000001
17,512,OMP,0.0005314,0.0006652
18,512,OMP,0.0005441999999999999,0.000645
19,512,OMP,0.0005624,0.0006208
20,512,OMP,0.0005358,0.0005778
21,512,OMP,0.0005976,0.0005828
22,512,OMP,0.0006073999999999999,0.0005850000000000001
23,512,OMP,0.0006318,0.000608
24,512,OMP,0.0006058,0.00059
25,512,OMP,0.0006614,0.0005858
26,512,OMP,0.0006257999999999999,0.000575
27,512,OMP,0.0006761999999999998,0.0006206
28,512,OMP,0.0006668,0.0006184000000000001
29,512,OMP,0.0006869999999999999,0.0006286
30,512,OMP,0.0007372,0.0006081999999999999
31,512,OMP,0.0006998,0.0005608
32,512,OMP,0.0007388,0.0005857999999999999
33,512,OMP,0.0007464,0.0005634
34,512,OMP,0.0007903999999999999,0.0005742000000000001
35,512,OMP,0.0008186000000000001,0.0005543999999999999
36,512,OMP,0.000808,0.0005664000000000001
37,512,OMP,0.0009012000000000001,0.0005261999999999999
38,512,OMP,0.0008466,0.0005632
39,512,OMP,0.0008826000000000001,0.0005656000000000001
40,512,OMP,0.0009078,0.0005934
41,512,OMP,0.0008916,0.0005438
42,512,OMP,0.0009302,0.0006149999999999999
43,512,OMP,0.0009894,0.000628
44,512,OMP,0.0009316,0.0006019999999999999
45,512,OMP,0.0009680000000000001,0.000638
46,512,OMP,0.001013,0.0005762
47,512,OMP,0.0010075999999999998,0.000611
48,512,OMP,0.0010414,0.0005632
49,512,OMP,0.001047,0.0006422
50,512,OMP,0.0010652,0.0006192000000000001
51,512,OMP,0.0011004,0.0006768
52,512,OMP,0.0010919999999999999,0.0006010000000000001
53,512,OMP,0.0011259999999999998,0.000684
54,512,OMP,0.0010890000000000001,0.0006371999999999999
55,512,OMP,0.0011516,0.0006533999999999999
56,512,OMP,0.0011546,0.0006057999999999999
57,512,OMP,0.0011907999999999999,0.0006263999999999999
58,512,OMP,0.0012292000000000002,0.0006355999999999999
59,512,OMP,0.0012112,0.0006193999999999999
60,512,OMP,0.0012458,0.0005705999999999999
61,512,OMP,0.0012908000000000002,0.0005962000000000001
62,512,OMP,0.0013166,0.0005390000000000001
63,512,OMP,0.0012862,0.0005038000000000001
64,512,OMP,0.0013754000000000001,0.000529
65,512,OMP,0.0014068000000000002,0.0005428000000000001
66,512,OMP,0.0014528000000000002,0.0004966
67,512,OMP,0.0014244,0.0005376000000000001
68,512,OMP,0.0014228,0.0005376000000000001
69,512,OMP,0.0014604000000000002,0.0005588
70,512,OMP,0.0014838,0.0005644
71,512,OMP,0.0014642000000000001,0.0005472000000000001
72,512,OMP,0.0015206,0.0005748
73,512,OMP,0.0015069999999999997,0.0005683999999999999
74,512,OMP,0.0015982,0.0005892
75,512,OMP,0.0016030000000000003,0.0006198
76,512,OMP,0.0016224000000000002,0.0006092000000000001
77,512,OMP,0.0016317999999999999,0.0005972
78,512,OMP,0.0016829999999999998,0.0005698
79,512,OMP,0.001671,0.0005988
80,512,OMP,0.0017247999999999999,0.0006136
81,512,OMP,0.0016572,0.0006208
82,512,OMP,0.0017773999999999997,0.0006246
83,512,OMP,0.0017866,0.000638
84,512,OMP,0.0018104000000000002,0.0006446
85,512,OMP,0.0024912,0.0006274
86,512,OMP,0.0019268,0.0006276
87,512,OMP,0.0035774,0.0006198
88,512,OMP,0.002834,0.0006442
89,512,OMP,0.0021441999999999998,0.0006794
90,512,OMP,0.0022012,0.0006674
91,512,OMP,0.0053122,0.0006974
92,512,OMP,0.0057232,0.0016422000000000003
93,512,OMP,0.0091084,0.005408199999999999
94,512,OMP,0.0084238,0.0053804
95,512,OMP,0.0100022,0.008217
96,512,OMP,0.010160800000000001,0.0091404
1,512,MPI DT,0.0013972,0.0027167999999999997
2,512,MPI DT,0.0012348,0.0020196
3,512,MPI DT,0.0016184,0.0019342
4,512,MPI DT,0.0015989999999999997,0.0019126
5,512,MPI DT,0.0020768,0.0020805999999999997
6,512,MPI DT,0.002053,0.0020504
7,512,MPI DT,0.0020515999999999998,0.0020986
8,512,MPI DT,0.0019752000000000003,0.0021244000000000002
9,512,MPI DT,0.0020020000000000003,0.0021806000000000004
10,512,MPI DT,0.0020539999999999994,0.0023265999999999994
11,512,MPI DT,0.0021078,0.0025992000000000003
12,512,MPI DT,0.0021462,0.0027708
13,512,MPI DT,0.002006,0.0027264
14,512,MPI DT,0.0022216000000000002,0.002934
15,512,MPI DT,0.0023434,0.0031424
16,512,MPI DT,0.00244,0.0030315999999999997
17,512,MPI DT,0.002753,0.0028158
18,512,MPI DT,0.0030878000000000004,0.0030350000000000004
19,512,MPI DT,0.0030372,0.0030302
20,512,MPI DT,0.0030908000000000003,0.003107
21,512,MPI DT,0.002962,0.0029328
22,512,MPI DT,0.0031174,0.0030358
23,512,MPI DT,0.003359,0.0033610000000000003
24,512,MPI DT,0.003379,0.0034414
25,512,MPI DT,0.0035095999999999994,0.0035462000000000002
26,512,MPI DT,0.0037178000000000003,0.0037346
27,512,MPI DT,0.0038184000000000004,0.0038258
28,512,MPI DT,0.0037712,0.003821
29,512,MPI DT,0.0040842,0.0039102
30,512,MPI DT,0.004099199999999999,0.004134799999999999
31,512,MPI DT,0.004124999999999999,0.0041383999999999995
32,512,MPI DT,0.0042308,0.004170200000000001
33,512,MPI DT,0.0043828,0.0044556000000000005
34,512,MPI DT,0.0048348,0.004593399999999999
35,512,MPI DT,0.0045904,0.004314
36,512,MPI DT,0.0046781999999999995,0.0044538
37,512,MPI DT,0.004741400000000001,0.0045946
38,512,MPI DT,0.0051698,0.0051284
39,512,MPI DT,0.0044112000000000005,0.0043894
40,512,MPI DT,0.0050046,0.004753800000000001
41,512,MPI DT,0.005052199999999999,0.005018800000000001
42,512,MPI DT,0.0056898,0.0055953999999999995
43,512,MPI DT,0.0052952,0.005092
44,512,MPI DT,0.0055036,0.0055184
45,512,MPI DT,0.0054773999999999995,0.0056226
46,512,MPI DT,0.004987,0.0049354
47,512,MPI DT,0.0058892,0.0059416
48,512,MPI DT,0.005636,0.0055738
49,512,MPI DT,0.0063914,0.006811200000000001
50,512,MPI DT,0.0057312000000000005,0.005642
51,512,MPI DT,0.005706,0.005735200000000001
52,512,MPI DT,0.006115799999999999,0.0060328
53,512,MPI DT,0.0052692,0.0056396
54,512,MPI DT,0.006506,0.006351
55,512,MPI DT,0.006898400000000001,0.006751
56,512,MPI DT,0.005880399999999999,0.0058356
57,512,MPI DT,0.0068709999999999995,0.0069174
58,512,MPI DT,0.0074224,0.007345
59,512,MPI DT,0.006587999999999999,0.0068608
60,512,MPI DT,0.006752800000000001,0.0068662
61,512,MPI DT,0.006714199999999999,0.0068734
62,512,MPI DT,0.006912,0.0069084
63,512,MPI DT,0.0072464,0.007634400000000001
64,512,MPI DT,0.0078262,0.0081806
65,512,MPI DT,0.0064036,0.0063105999999999995
66,512,MPI DT,0.006326,0.0061852
67,512,MPI DT,0.006401799999999999,0.006625799999999999
68,512,MPI DT,0.0068931999999999995,0.0066182
69,512,MPI DT,0.0086772,0.008979999999999998
70,512,MPI DT,0.008279600000000002,0.0081254
71,512,MPI DT,0.008943,0.0089556
72,512,MPI DT,0.008668200000000001,0.008812
73,512,MPI DT,0.0071172,0.006987199999999999
74,512,MPI DT,0.007491,0.0072736
75,512,MPI DT,0.0090932,0.009338599999999999
76,512,MPI DT,0.009431,0.0076348
77,512,MPI DT,0.0076188,0.007329199999999999
78,512,MPI DT,0.010587200000000001,0.010084800000000001
79,512,MPI DT,0.008287999999999998,0.0081872
80,512,MPI DT,0.008225199999999998,0.008635400000000001
81,512,MPI DT,0.008551199999999998,0.0085914
82,512,MPI DT,0.008374,0.008517599999999998
83,512,MPI DT,0.013830399999999998,0.012605
84,512,MPI DT,0.021994,0.0136334
85,512,MPI DT,0.0090594,0.008725
86,512,MPI DT,0.009507999999999999,0.009304399999999999
87,512,MPI DT,0.0193006,0.0107702
88,512,MPI DT,0.0097524,0.009822000000000001
89,512,MPI DT,0.009898,0.009814
90,512,MPI DT,0.030527400000000003,0.0226488
91,512,MPI DT,0.024750799999999996,0.0256398
92,512,MPI DT,0.0153974,0.011814000000000002
93,512,MPI DT,0.025665399999999998,0.023518400000000002
94,512,MPI DT,0.0279864,0.020090599999999997
95,512,MPI DT,0.0345766,0.022462
96,512,MPI DT,0.04549280000000001,0.033284999999999995
1,1024,SEQ,0.005243200000000001,0.017762599999999996
1,1024,OMP,0.0041008,0.004644199999999999
2,1024,OMP,0.0028583999999999997,0.007789800000000001
3,1024,OMP,0.0024365999999999997,0.0063608
4,1024,OMP,0.0019608,0.0053326
5,1024,OMP,0.0016714,0.004209200000000001
6,1024,OMP,0.0014862,0.0037971999999999997
7,1024,OMP,0.0013882,0.0033722
8,1024,OMP,0.0013254,0.0032068
9,1024,OMP,0.0011994,0.0029988
10,1024,OMP,0.0011446000000000002,0.0027961999999999996
11,1024,OMP,0.0013328,0.0027076
12,1024,OMP,0.0010732,0.0025964
13,1024,OMP,0.0011953999999999999,0.0025002
14,1024,OMP,0.00114,0.0024739999999999996
15,1024,OMP,0.001073,0.0024606
16,1024,OMP,0.0010712,0.0023845999999999997
17,1024,OMP,0.0010928,0.0023052
18,1024,OMP,0.0010452,0.0023120000000000003
19,1024,OMP,0.0010126,0.0022245999999999998
20,1024,OMP,0.0010966,0.0021713999999999995
21,1024,OMP,0.0010856000000000001,0.0022124000000000002
22,1024,OMP,0.0010596,0.0021772
23,1024,OMP,0.0011002000000000002,0.0022178
24,1024,OMP,0.0010394,0.0021401999999999997
25,1024,OMP,0.0011175999999999998,0.0020787999999999996
26,1024,OMP,0.0010574,0.0020838
27,1024,OMP,0.0011044,0.0020900000000000003
28,1024,OMP,0.0011006,0.0020851999999999997
29,1024,OMP,0.0011030000000000002,0.0020124
30,1024,OMP,0.0011556000000000001,0.002062
31,1024,OMP,0.0011312,0.0020298
32,1024,OMP,0.0011419999999999998,0.0020591999999999997
33,1024,OMP,0.0012088000000000001,0.0020124
34,1024,OMP,0.0012022,0.0020375999999999997
35,1024,OMP,0.0012361999999999998,0.0019878
36,1024,OMP,0.0012674,0.0019866000000000003
37,1024,OMP,0.0012288,0.00197
38,1024,OMP,0.0012621999999999998,0.0020712
39,1024,OMP,0.00129,0.001985
40,1024,OMP,0.001297,0.0018774000000000002
41,1024,OMP,0.001359,0.0020900000000000003
42,1024,OMP,0.0013648,0.0019204000000000003
43,1024,OMP,0.0014142,0.0019083999999999998
44,1024,OMP,0.0013652,0.0020505999999999996
45,1024,OMP,0.0013188,0.0022665999999999997
46,1024,OMP,0.0014168,0.0021068
47,1024,OMP,0.001424,0.0018693999999999998
48,1024,OMP,0.0014487999999999999,0.0021017999999999996
49,1024,OMP,0.0014808000000000002,0.0019396
50,1024,OMP,0.0015198,0.001852
51,1024,OMP,0.001509,0.0021276000000000003
52,1024,OMP,0.0015245999999999999,0.0019916
53,1024,OMP,0.0015428,0.002135
54,1024,OMP,0.0015568000000000001,0.0019914
55,1024,OMP,0.0015023999999999999,0.0019108
56,1024,OMP,0.0015828,0.0020592
57,1024,OMP,0.0016300000000000002,0.002373
58,1024,OMP,0.0016913999999999998,0.0021780000000000002
59,1024,OMP,0.0016396000000000002,0.0019594
60,1024,OMP,0.0017293999999999996,0.001967
61,1024,OMP,0.0017034,0.0020483999999999997
62,1024,OMP,0.001746,0.0021106
63,1024,OMP,0.0017674000000000001,0.002121
64,1024,OMP,0.0017250000000000002,0.0022344
65,1024,OMP,0.0018478000000000001,0.0021152000000000002
66,1024,OMP,0.0018461999999999999,0.0022400000000000002
67,1024,OMP,0.0018304,0.0020356
68,1024,OMP,0.0018940000000000003,0.0022318000000000004
69,1024,OMP,0.001967,0.00223
70,1024,OMP,0.0020062,0.0022046
71,1024,OMP,0.0019016000000000003,0.0020398
72,1024,OMP,0.0018780000000000001,0.0020964000000000004
73,1024,OMP,0.0019925999999999998,0.0019192
74,1024,OMP,0.0019858,0.0019846
75,1024,OMP,0.0019382,0.0023150000000000002
76,1024,OMP,0.0021024,0.0020104
77,1024,OMP,0.0020106,0.0020254
78,1024,OMP,0.0020134,0.0021374000000000002
79,1024,OMP,0.0021466,0.0023562
80,1024,OMP,0.002183,0.0020054
81,1024,OMP,0.0021824,0.0020322
82,1024,OMP,0.002216,0.0022262000000000002
83,1024,OMP,0.0023416,0.0020892000000000003
84,1024,OMP,0.0021988,0.0021654
85,1024,OMP,0.0022632,0.0020169999999999997
86,1024,OMP,0.0028748,0.0023154
87,1024,OMP,0.003016,0.0021672
88,1024,OMP,0.004244,0.0022688000000000005
89,1024,OMP,0.0037226000000000004,0.0020162
90,1024,OMP,0.0031264,0.0022115999999999998
91,1024,OMP,0.0054796,0.0021444
92,1024,OMP,0.0073024000000000006,0.0044008
93,1024,OMP,0.0059398,0.0039818
94,1024,OMP,0.007762,0.0058976
95,1024,OMP,0.0086526,0.0074486
96,1024,OMP,0.0082126,0.0065168000000000005
1,1024,MPI DT,0.005278,0.0186156
2,1024,MPI DT,0.0041056,0.0112918
3,1024,MPI DT,0.0056712,0.0095978
4,1024,MPI DT,0.005069,0.0081878
5,1024,MPI DT,0.0065258,0.0084324
6,1024,MPI DT,0.006814199999999999,0.007965600000000001
7,1024,MPI DT,0.0066342,0.0077670000000000005
8,1024,MPI DT,0.0059928,0.008007799999999999
9,1024,MPI DT,0.0062272000000000004,0.0077682
10,1024,MPI DT,0.0061762,0.0070898
11,1024,MPI DT,0.0065418,0.0078528
12,1024,MPI DT,0.0065248,0.0082568
13,1024,MPI DT,0.0064516,0.007992599999999999
14,1024,MPI DT,0.0066248,0.009184
15,1024,MPI DT,0.006856799999999999,0.008871799999999999
16,1024,MPI DT,0.007112,0.009148
17,1024,MPI DT,0.0072445999999999995,0.00942
18,1024,MPI DT,0.007148399999999999,0.0095264
19,1024,MPI DT,0.0072017999999999995,0.0095076
20,1024,MPI DT,0.007558599999999999,0.0094168
21,1024,MPI DT,0.007567599999999999,0.009461
22,1024,MPI DT,0.0074962,0.009441799999999998
23,1024,MPI DT,0.007858399999999998,0.009967199999999999
24,1024,MPI DT,0.0079426,0.009907200000000001
25,1024,MPI DT,0.0076836000000000005,0.009975999999999999
26,1024,MPI DT,0.0078222,0.0100212
27,1024,MPI DT,0.0082382,0.0103364
28,1024,MPI DT,0.0079484,0.01003
29,1024,MPI DT,0.0078964,0.010241199999999999
30,1024,MPI DT,0.007969799999999999,0.010886600000000001
31,1024,MPI DT,0.0080702,0.010241199999999999
32,1024,MPI DT,0.008577999999999999,0.0108072
33,1024,MPI DT,0.008591600000000001,0.011943199999999998
34,1024,MPI DT,0.0086254,0.011504
35,1024,MPI DT,0.0088038,0.011520800000000001
36,1024,MPI DT,0.0093158,0.0109326
37,1024,MPI DT,0.0088506,0.0117428
38,1024,MPI DT,0.009392800000000001,0.012237399999999999
39,1024,MPI DT,0.0089698,0.0116588
40,1024,MPI DT,0.0090082,0.0122946
41,1024,MPI DT,0.0093662,0.0120392
42,1024,MPI DT,0.0096288,0.0126312
43,1024,MPI DT,0.009525,0.012244999999999999
44,1024,MPI DT,0.0094664,0.0125506
45,1024,MPI DT,0.0096842,0.0125368
46,1024,MPI DT,0.009279800000000001,0.0125776
47,1024,MPI DT,0.010050600000000002,0.0132408
48,1024,MPI DT,0.0102552,0.013347799999999998
49,1024,MPI DT,0.0101632,0.0131798
50,1024,MPI DT,0.0101376,0.0134024
51,1024,MPI DT,0.0096882,0.013734
52,1024,MPI DT,0.009698000000000002,0.013355599999999999
53,1024,MPI DT,0.010161199999999999,0.0144594
54,1024,MPI DT,0.0102894,0.014238200000000001
55,1024,MPI DT,0.010007,0.014066600000000002
56,1024,MPI DT,0.009981,0.0147862
57,1024,MPI DT,0.0101318,0.015171399999999998
58,1024,MPI DT,0.009958400000000001,0.0149624
59,1024,MPI DT,0.009778799999999999,0.0152528
60,1024,MPI DT,0.009761200000000001,0.015193800000000002
61,1024,MPI DT,0.009641,0.0149698
62,1024,MPI DT,0.010073599999999999,0.016218000000000003
63,1024,MPI DT,0.009847400000000001,0.0154794
64,1024,MPI DT,0.009783,0.0157726
65,1024,MPI DT,0.026978199999999997,0.031076
66,1024,MPI DT,0.0284924,0.0327934
67,1024,MPI DT,0.028887999999999997,0.031842800000000004
68,1024,MPI DT,0.029592399999999998,0.031153999999999998
69,1024,MPI DT,0.028844599999999998,0.029007999999999996
70,1024,MPI DT,0.0288396,0.030564200000000003
71,1024,MPI DT,0.0310454,0.031891
72,1024,MPI DT,0.033402,0.030859599999999997
73,1024,MPI DT,0.0304508,0.0304394
74,1024,MPI DT,0.029826200000000004,0.0293516
75,1024,MPI DT,0.030901799999999997,0.030547599999999998
76,1024,MPI DT,0.029017599999999998,0.028847
77,1024,MPI DT,0.030414200000000002,0.0304042
78,1024,MPI DT,0.0317056,0.030057199999999996
79,1024,MPI DT,0.0315058,0.030428200000000006
80,1024,MPI DT,0.0343748,0.032677199999999997
81,1024,MPI DT,0.030617,0.031135799999999998
82,1024,MPI DT,0.0329584,0.032225399999999994
83,1024,MPI DT,0.033110999999999995,0.0300842
84,1024,MPI DT,0.032719000000000005,0.031562400000000004
85,1024,MPI DT,0.0340306,0.0318876
86,1024,MPI DT,0.0350052,0.0341792
87,1024,MPI DT,0.039302800000000006,0.0347648
88,1024,MPI DT,0.0435926,0.03215320000000001
89,1024,MPI DT,0.0345088,0.0331754
90,1024,MPI DT,0.0416552,0.036225999999999994
91,1024,MPI DT,0.0430016,0.038145200000000004
92,1024,MPI DT,0.046218800000000004,0.036646
93,1024,MPI DT,0.0369194,0.0341386
94,1024,MPI DT,0.0510506,0.038209400000000004
95,1024,MPI DT,0.0533072,0.046660400000000005
96,1024,MPI DT,0.0462826,0.0408692
1,2048,SEQ,0.0237918,0.08181240000000001
1,2048,OMP,0.016708800000000003,0.0234918
2,2048,OMP,0.010726200000000002,0.030975600000000002
3,2048,OMP,0.008161199999999999,0.025776
4,2048,OMP,0.006579,0.021446399999999997
5,2048,OMP,0.0055468,0.0175074
6,2048,OMP,0.0048974,0.015305800000000003
7,2048,OMP,0.0043548,0.0140126
8,2048,OMP,0.0039604,0.0127398
9,2048,OMP,0.0037148,0.0123594
10,2048,OMP,0.003437,0.011188800000000002
11,2048,OMP,0.0032538,0.0106528
12,2048,OMP,0.003128,0.0104976
13,2048,OMP,0.0030336,0.010183
14,2048,OMP,0.0029036,0.009466200000000001
15,2048,OMP,0.0027694000000000004,0.0092906
16,2048,OMP,0.0027118,0.0090422
17,2048,OMP,0.0024573999999999998,0.008621400000000001
18,2048,OMP,0.0024808,0.0084786
19,2048,OMP,0.0023970000000000007,0.008299
20,2048,OMP,0.0023532,0.0081396
21,2048,OMP,0.0023030000000000004,0.008028400000000002
22,2048,OMP,0.0022630000000000003,0.0079018
23,2048,OMP,0.002287,0.007818
24,2048,OMP,0.0022416,0.007639
25,2048,OMP,0.0021915999999999997,0.0075202
26,2048,OMP,0.0021982,0.0074703999999999994
27,2048,OMP,0.002164,0.007388399999999999
28,2048,OMP,0.0021458,0.0071092
29,2048,OMP,0.0021832,0.007226399999999999
30,2048,OMP,0.0021578,0.007178399999999999
31,2048,OMP,0.0021458000000000007,0.006815399999999999
32,2048,OMP,0.0022598,0.007141
33,2048,OMP,0.0023968,0.007314000000000001
34,2048,OMP,0.0024742,0.007399
35,2048,OMP,0.0023958,0.0071221999999999995
36,2048,OMP,0.0024384,0.007325800000000002
37,2048,OMP,0.0024040000000000003,0.006980599999999999
38,2048,OMP,0.0026164,0.0068454
39,2048,OMP,0.0024445999999999995,0.006818599999999999
40,2048,OMP,0.0024992,0.006875399999999999
41,2048,OMP,0.0022370000000000003,0.0067922
42,2048,OMP,0.002277,0.0066692
43,2048,OMP,0.0022658,0.0066026
44,2048,OMP,0.0023642,0.0066587999999999994
45,2048,OMP,0.002297,0.006551799999999999
46,2048,OMP,0.0023196000000000002,0.006636400000000001
47,2048,OMP,0.0022892,0.006570799999999999
48,2048,OMP,0.0023468,0.0066996
49,2048,OMP,0.002475,0.0065352
50,2048,OMP,0.0025058,0.0066594
51,2048,OMP,0.002486,0.0064776
52,2048,OMP,0.0024877999999999996,0.0064748
53,2048,OMP,0.0025902,0.0064446
54,2048,OMP,0.0025236,0.0064892000000000005
55,2048,OMP,0.0025984,0.0063974
56,2048,OMP,0.0026266000000000006,0.006381599999999999
57,2048,OMP,0.0026234,0.0064843999999999995
58,2048,OMP,0.0026884,0.006356400000000001
59,2048,OMP,0.0028296000000000003,0.0064344
60,2048,OMP,0.0027398,0.006500000000000001
61,2048,OMP,0.0027368,0.0064924
62,2048,OMP,0.002833,0.0065134
63,2048,OMP,0.0027800000000000004,0.006377200000000001
64,2048,OMP,0.0027735999999999998,0.006500000000000001
65,2048,OMP,0.0027946,0.0064246
66,2048,OMP,0.0027566,0.0066438
67,2048,OMP,0.0028038,0.006744999999999999
68,2048,OMP,0.002942,0.006511
69,2048,OMP,0.0028924000000000003,0.0063856
70,2048,OMP,0.0029820000000000003,0.006436599999999999
71,2048,OMP,0.0028794,0.0063626
72,2048,OMP,0.002963,0.006550599999999999
73,2048,OMP,0.0028910000000000003,0.0065918
74,2048,OMP,0.0029654,0.0063846
75,2048,OMP,0.0030364,0.006356200000000001
76,2048,OMP,0.0030315999999999997,0.006491800000000001
77,2048,OMP,0.0031124,0.006341400000000001
78,2048,OMP,0.003136,0.0063798
79,2048,OMP,0.003099,0.006499199999999999
80,2048,OMP,0.0032748,0.006389000000000001
81,2048,OMP,0.003646200000000001,0.006400600000000001
82,2048,OMP,0.0031876,0.0063792
83,2048,OMP,0.0037922000000000003,0.0063658000000000005
84,2048,OMP,0.0038485999999999998,0.006469
85,2048,OMP,0.0047582,0.0063558
86,2048,OMP,0.0044244,0.0062916
87,2048,OMP,0.0046468,0.006541
88,2048,OMP,0.004867399999999999,0.0063892
89,2048,OMP,0.0045718,0.006455
90,2048,OMP,0.0059413999999999995,0.0063124
91,2048,OMP,0.007199800000000001,0.0063762
92,2048,OMP,0.0075098,0.009336
93,2048,OMP,0.008571200000000001,0.0092224
94,2048,OMP,0.0108872,0.014088599999999998
95,2048,OMP,0.0110294,0.013258
96,2048,OMP,0.011105,0.0129428
1,2048,MPI DT,0.028344799999999996,0.0742874
2,2048,MPI DT,0.0236636,0.04441440000000001
3,2048,MPI DT,0.025173799999999996,0.0402496
4,2048,MPI DT,0.0227948,0.034398599999999994
5,2048,MPI DT,0.027964,0.0359974
6,2048,MPI DT,0.029481799999999996,0.032005799999999994
7,2048,MPI DT,0.0302532,0.0322068
8,2048,MPI DT,0.0283258,0.029678
9,2048,MPI DT,0.029346600000000007,0.0316282
10,2048,MPI DT,0.030242800000000004,0.0309282
11,2048,MPI DT,0.0305506,0.0306116
12,2048,MPI DT,0.030697400000000003,0.031098400000000005
13,2048,MPI DT,0.030884,0.029789
14,2048,MPI DT,0.031299200000000006,0.0310196
15,2048,MPI DT,0.031389600000000004,0.029821599999999997
16,2048,MPI DT,0.0314464,0.029581000000000003
17,2048,MPI DT,0.0328586,0.030397599999999997
18,2048,MPI DT,0.0333246,0.029981200000000003
19,2048,MPI DT,0.0331182,0.031152999999999997
20,2048,MPI DT,0.032836,0.031042800000000002
21,2048,MPI DT,0.032949000000000006,0.0320642
22,2048,MPI DT,0.0323874,0.031107600000000003
23,2048,MPI DT,0.0324654,0.032903
24,2048,MPI DT,0.0328238,0.033422600000000004
25,2048,MPI DT,0.033216800000000005,0.030828199999999993
26,2048,MPI DT,0.032257799999999996,0.032318200000000005
27,2048,MPI DT,0.032927200000000004,0.0341204
28,2048,MPI DT,0.033557199999999995,0.034651799999999996
29,2048,MPI DT,0.033288200000000004,0.0350696
30,2048,MPI DT,0.033569800000000004,0.034668599999999994
31,2048,MPI DT,0.0334404,0.034823599999999996
32,2048,MPI DT,0.0333316,0.0361624
33,2048,MPI DT,0.033939399999999995,0.036774
34,2048,MPI DT,0.0338608,0.0359348
35,2048,MPI DT,0.0338266,0.0366096
36,2048,MPI DT,0.0342806,0.038418
37,2048,MPI DT,0.033673600000000005,0.03778859999999999
38,2048,MPI DT,0.0335008,0.0387384
39,2048,MPI DT,0.032386399999999996,0.0380012
40,2048,MPI DT,0.0335194,0.037985000000000005
41,2048,MPI DT,0.0329532,0.0391652
42,2048,MPI DT,0.03269300000000001,0.0398284
43,2048,MPI DT,0.0323396,0.0400914
44,2048,MPI DT,0.0329732,0.0409424
45,2048,MPI DT,0.033627000000000004,0.0414326
46,2048,MPI DT,0.033105800000000005,0.042238
47,2048,MPI DT,0.0326134,0.042517
48,2048,MPI DT,0.0325592,0.042496400000000004
49,2048,MPI DT,0.0330304,0.04346660000000001
50,2048,MPI DT,0.03416899999999999,0.0443862
51,2048,MPI DT,0.0347118,0.046511399999999994
52,2048,MPI DT,0.0336728,0.04504880000000001
53,2048,MPI DT,0.033412399999999995,0.0461592
54,2048,MPI DT,0.034759,0.0478306
55,2048,MPI DT,0.0347388,0.0483512
56,2048,MPI DT,0.0344316,0.0479322
57,2048,MPI DT,0.036187000000000004,0.050036399999999995
58,2048,MPI DT,0.0358804,0.050103999999999996
59,2048,MPI DT,0.0350638,0.04943460000000001
60,2048,MPI DT,0.0361724,0.050790800000000004
61,2048,MPI DT,0.03535819999999999,0.049298999999999996
62,2048,MPI DT,0.03669479999999999,0.0520884
63,2048,MPI DT,0.037458799999999993,0.051872400000000006
64,2048,MPI DT,0.0380946,0.053965
65,2048,MPI DT,0.0372254,0.05253019999999999
66,2048,MPI DT,0.0371836,0.0508962
67,2048,MPI DT,0.0367352,0.050634599999999995
68,2048,MPI DT,0.0368808,0.051115200000000006
69,2048,MPI DT,0.037879800000000005,0.0518776
70,2048,MPI DT,0.0375122,0.0527212
71,2048,MPI DT,0.0366208,0.051703
72,2048,MPI DT,0.037508799999999995,0.0527112
73,2048,MPI DT,0.036735199999999996,0.051372799999999996
74,2048,MPI DT,0.0377176,0.0534444
75,2048,MPI DT,0.03698,0.052136
76,2048,MPI DT,0.03827119999999999,0.053445200000000005
77,2048,MPI DT,0.0376742,0.052619400000000004
78,2048,MPI DT,0.04205,0.0528022
79,2048,MPI DT,0.03902100000000001,0.0549648
80,2048,MPI DT,0.0380578,0.053728599999999994
81,2048,MPI DT,0.05616620000000001,0.06337780000000001
82,2048,MPI DT,0.0443662,0.06029960000000001
83,2048,MPI DT,0.039450200000000005,0.055483199999999996
84,2048,MPI DT,0.0399582,0.0560712
85,2048,MPI DT,0.040178599999999995,0.05669299999999999
86,2048,MPI DT,0.039721,0.05592080000000001
87,2048,MPI DT,0.06490320000000001,0.0858036
88,2048,MPI DT,0.0425888,0.0581712
89,2048,MPI DT,0.0474586,0.0629078
90,2048,MPI DT,0.0599146,0.074308
91,2048,MPI DT,0.1640062,0.060749
92,2048,MPI DT,0.074782,0.1285498
93,2048,MPI DT,0.07381940000000001,0.0834632
94,2048,MPI DT,0.108115,0.07233900000000001
95,2048,MPI DT,0.6389038,0.5462811999999999
96,2048,MPI DT,0.0690218,0.0900456
1,4096,SEQ,0.26653460000000007,0.3644152
1,4096,OMP,0.0909152,0.12646200000000002
2,4096,OMP,0.0510578,0.13538959999999997
3,4096,OMP,0.036218600000000004,0.1078142
4,4096,OMP,0.029231599999999996,0.0920922
5,4096,OMP,0.0236536,0.0743268
6,4096,OMP,0.020419399999999997,0.066905
7,4096,OMP,0.017857599999999998,0.06141
8,4096,OMP,0.0156436,0.05512579999999999
9,4096,OMP,0.0147176,0.0513412
10,4096,OMP,0.0135266,0.0495366
11,4096,OMP,0.0127192,0.0462444
12,4096,OMP,0.011855599999999999,0.044086
13,4096,OMP,0.010901,0.04204
14,4096,OMP,0.0106156,0.040038000000000004
15,4096,OMP,0.0099846,0.037723
16,4096,OMP,0.009445600000000002,0.0368034
17,4096,OMP,0.009010400000000002,0.035054199999999994
18,4096,OMP,0.0090486,0.034734
19,4096,OMP,0.0084616,0.0334398
20,4096,OMP,0.0083968,0.03269099999999999
21,4096,OMP,0.007952200000000001,0.031645400000000004
22,4096,OMP,0.007920199999999999,0.0317808
23,4096,OMP,0.007821600000000001,0.030632800000000005
24,4096,OMP,0.0075532,0.0303388
25,4096,OMP,0.007631399999999999,0.030552000000000003
26,4096,OMP,0.0073214000000000005,0.029709999999999997
27,4096,OMP,0.0073555999999999995,0.029761199999999998
28,4096,OMP,0.007084999999999999,0.0287624
29,4096,OMP,0.007299,0.0289466
30,4096,OMP,0.0069172,0.028618199999999993
31,4096,OMP,0.007038600000000001,0.028766200000000002
32,4096,OMP,0.007004000000000001,0.027356000000000002
33,4096,OMP,0.006887,0.027369200000000003
34,4096,OMP,0.006714,0.027392800000000002
35,4096,OMP,0.006873800000000001,0.026567200000000003
36,4096,OMP,0.006704,0.0269872
37,4096,OMP,0.006769600000000001,0.0272164
38,4096,OMP,0.006761600000000001,0.026540200000000003
39,4096,OMP,0.006831000000000001,0.026528600000000003
40,4096,OMP,0.0064399999999999995,0.0263112
41,4096,OMP,0.0069765999999999995,0.0268092
42,4096,OMP,0.0068336000000000004,0.0260452
43,4096,OMP,0.0072109999999999995,0.0256826
44,4096,OMP,0.006961199999999999,0.025255400000000004
45,4096,OMP,0.0074843999999999996,0.026462599999999996
46,4096,OMP,0.0069316000000000004,0.0250764
47,4096,OMP,0.0075392,0.0258416
48,4096,OMP,0.007033199999999999,0.0253286
49,4096,OMP,0.0075861999999999995,0.0257214
50,4096,OMP,0.0069364000000000006,0.0253934
51,4096,OMP,0.0075918,0.0255062
52,4096,OMP,0.006695999999999999,0.024343800000000002
53,4096,OMP,0.006296600000000001,0.0245958
54,4096,OMP,0.0064344,0.024748600000000003
55,4096,OMP,0.006381,0.0243306
56,4096,OMP,0.006451800000000001,0.02407
57,4096,OMP,0.00676,0.024787600000000003
58,4096,OMP,0.0072658,0.024871200000000003
59,4096,OMP,0.0078088,0.024315800000000002
60,4096,OMP,0.0075242,0.024489599999999997
61,4096,OMP,0.0075179999999999995,0.024423800000000002
62,4096,OMP,0.0077176,0.025036400000000004
63,4096,OMP,0.007476399999999999,0.0248048
64,4096,OMP,0.0079402,0.024410599999999998
65,4096,OMP,0.0074796,0.0243914
66,4096,OMP,0.0074878,0.0237656
67,4096,OMP,0.0078386,0.0248168
68,4096,OMP,0.0075458,0.0244552
69,4096,OMP,0.0079344,0.024323400000000002
70,4096,OMP,0.007621599999999999,0.024626000000000002
71,4096,OMP,0.007348400000000001,0.024045
72,4096,OMP,0.006825600000000001,0.023872799999999996
73,4096,OMP,0.00679,0.0235188
74,4096,OMP,0.0068258,0.0239976
75,4096,OMP,0.006798799999999999,0.023658199999999997
76,4096,OMP,0.006874,0.023664800000000003
77,4096,OMP,0.007058199999999999,0.023437200000000002
78,4096,OMP,0.006958799999999999,0.0237514
79,4096,OMP,0.0070326,0.0237646
80,4096,OMP,0.0069758,0.0234342
81,4096,OMP,0.007015200000000001,0.0232848
82,4096,OMP,0.007068,0.023699599999999998
83,4096,OMP,0.0090108,0.0238822
84,4096,OMP,0.0085054,0.0237584
85,4096,OMP,0.0084948,0.0236268
86,4096,OMP,0.008643599999999998,0.024003000000000003
87,4096,OMP,0.0100932,0.0245052
88,4096,OMP,0.007649800000000001,0.024347799999999996
89,4096,OMP,0.011547199999999999,0.025563999999999996
90,4096,OMP,0.013128999999999998,0.0269814
91,4096,OMP,0.011492399999999998,0.025672800000000003
92,4096,OMP,0.0103696,0.024952000000000002
93,4096,OMP,0.0129938,0.0269976
94,4096,OMP,0.0134968,0.0257798
95,4096,OMP,0.0145518,0.029798800000000004
96,4096,OMP,0.015886199999999996,0.028802
1,4096,MPI DT,0.3434244,0.7191766
2,4096,MPI DT,0.26072819999999997,0.64054
3,4096,MPI DT,0.2115202,0.29030940000000005
4,4096,MPI DT,0.1968724,0.1671224
5,4096,MPI DT,0.1979226,0.18807780000000002
6,4096,MPI DT,0.1807048,0.136379
7,4096,MPI DT,0.1748336,0.13536040000000002
8,4096,MPI DT,0.162699,0.1419676
9,4096,MPI DT,0.1618134,0.1242948
10,4096,MPI DT,0.169411,0.1242124
11,4096,MPI DT,0.1565904,0.12244079999999999
12,4096,MPI DT,0.1524856,0.1232882
13,4096,MPI DT,0.1495178,0.1193022
14,4096,MPI DT,0.149717,0.1211302
15,4096,MPI DT,0.14856600000000003,0.1182806
16,4096,MPI DT,0.15283339999999998,0.11570939999999999
17,4096,MPI DT,0.14901720000000002,0.12016560000000001
18,4096,MPI DT,0.14637300000000003,0.1185854
19,4096,MPI DT,0.148051,0.11810499999999999
20,4096,MPI DT,0.14982479999999998,0.11981539999999999
21,4096,MPI DT,0.14148480000000002,0.12121040000000001
22,4096,MPI DT,0.14431500000000003,0.120152
23,4096,MPI DT,0.142965,0.12187859999999999
24,4096,MPI DT,0.14480579999999998,0.1215146
25,4096,MPI DT,0.1425458,0.1237528
26,4096,MPI DT,0.1376898,0.1227946
27,4096,MPI DT,0.1400856,0.1236128
28,4096,MPI DT,0.1480642,0.124893
29,4096,MPI DT,0.138228,0.12498640000000001
30,4096,MPI DT,0.14131080000000001,0.1238136
31,4096,MPI DT,0.13870200000000002,0.1264964
32,4096,MPI DT,0.14083039999999997,0.12416520000000002
33,4096,MPI DT,0.14278079999999999,0.13232919999999998
34,4096,MPI DT,0.1403924,0.12740559999999998
35,4096,MPI DT,0.1366252,0.1302642
36,4096,MPI DT,0.14186519999999997,0.12946459999999999
37,4096,MPI DT,0.14125320000000002,0.13427820000000001
38,4096,MPI DT,0.1393258,0.14010659999999997
39,4096,MPI DT,0.1416226,0.13499460000000002
40,4096,MPI DT,0.1412794,0.1349632
41,4096,MPI DT,0.1416848,0.1387404
42,4096,MPI DT,0.1403788,0.1379092
43,4096,MPI DT,0.1412224,0.1380254
44,4096,MPI DT,0.1391328,0.1394544
45,4096,MPI DT,0.14187520000000003,0.1440942
46,4096,MPI DT,0.14324940000000003,0.14970679999999997
47,4096,MPI DT,0.142032,0.1424334
48,4096,MPI DT,0.1444276,0.1494334
49,4096,MPI DT,0.1456194,0.1545432
50,4096,MPI DT,0.14272939999999998,0.15118900000000002
51,4096,MPI DT,0.1427544,0.15314060000000002
52,4096,MPI DT,0.14462959999999997,0.15451320000000002
53,4096,MPI DT,0.146034,0.15829
54,4096,MPI DT,0.1425788,0.1594556
55,4096,MPI DT,0.1446346,0.1628858
56,4096,MPI DT,0.1503058,0.1625916
57,4096,MPI DT,0.15013179999999998,0.16723000000000002
58,4096,MPI DT,0.15146500000000002,0.1704976
59,4096,MPI DT,0.1496674,0.1636044
60,4096,MPI DT,0.1527846,0.16690220000000003
61,4096,MPI DT,0.1497628,0.1737972
62,4096,MPI DT,0.1545416,0.17504760000000003
63,4096,MPI DT,0.1529922,0.1743422
64,4096,MPI DT,0.15552420000000003,0.17168619999999998
65,4096,MPI DT,0.1514058,0.1722164
66,4096,MPI DT,0.150849,0.1738332
67,4096,MPI DT,0.15370319999999998,0.17604920000000002
68,4096,MPI DT,0.1550284,0.178516
69,4096,MPI DT,0.15675080000000002,0.186033
70,4096,MPI DT,0.1533946,0.173688
71,4096,MPI DT,0.154779,0.1803836
72,4096,MPI DT,0.1560344,0.180384
73,4096,MPI DT,0.16010459999999999,0.1873982
74,4096,MPI DT,0.15975140000000002,0.18739099999999997
75,4096,MPI DT,0.15387220000000001,0.1811268
76,4096,MPI DT,0.1715856,0.189142
77,4096,MPI DT,0.1622068,0.1911994
78,4096,MPI DT,0.1586918,0.18719239999999998
79,4096,MPI DT,0.179585,0.19652199999999997
80,4096,MPI DT,0.16083879999999998,0.190047
81,4096,MPI DT,0.1620964,0.1910066
82,4096,MPI DT,0.16372040000000002,0.19522319999999999
83,4096,MPI DT,0.1648006,0.2015054
84,4096,MPI DT,0.16192860000000003,0.19239440000000002
85,4096,MPI DT,0.1739512,0.20262560000000002
86,4096,MPI DT,0.193953,0.20878259999999998
87,4096,MPI DT,0.1648112,0.195964
88,4096,MPI DT,0.1688606,0.20361279999999998
89,4096,MPI DT,0.43263799999999997,0.20713480000000004
90,4096,MPI DT,0.29067420000000005,0.20158039999999997
91,4096,MPI DT,0.182135,0.2095286
92,4096,MPI DT,0.19522399999999998,0.209007
93,4096,MPI DT,0.1827114,0.20945679999999997
94,4096,MPI DT,0.2175688,0.21386180000000002
95,4096,MPI DT,0.23916379999999998,0.233629
96,4096,MPI DT,0.5298149999999999,0.27143280000000003
