Threads,Dim,Version,Sym,Trans,SpeedupSym,SpeedupTrans,EfficencySym,EfficencyTrans
1,4,SEQ,4.00E-07,2.00E-07,0,0,0,0
1,4,OMP,1.84E-05,2.60E-06,2.17E-02,7.69E-02,2.17E+00,7.69E+00
2,4,OMP,8.42E-05,8.00E-06,4.75E-03,2.50E-02,2.38E-01,1.25E+00
3,4,OMP,9.70E-05,7.80E-06,4.12E-03,2.56E-02,1.37E-01,8.55E-01
4,4,OMP,0.0001096,1.34E-05,3.65E-03,1.49E-02,9.12E-02,3.73E-01
5,4,OMP,0.0001638,1.00E-05,2.44E-03,2.00E-02,4.88E-02,4.00E-01
6,4,OMP,0.0001514,1.10E-05,2.64E-03,1.82E-02,4.40E-02,3.03E-01
7,4,OMP,0.000151,1.10E-05,2.65E-03,1.82E-02,3.78E-02,2.60E-01
8,4,OMP,0.0001988,1.34E-05,2.01E-03,1.49E-02,2.52E-02,1.87E-01
9,4,OMP,0.0002346,1.18E-05,1.71E-03,1.69E-02,1.89E-02,1.88E-01
10,4,OMP,0.0002348,1.24E-05,1.70E-03,1.61E-02,1.70E-02,1.61E-01
11,4,OMP,0.0002756,1.62E-05,1.45E-03,1.23E-02,1.32E-02,1.12E-01
12,4,OMP,0.0002458,1.36E-05,1.63E-03,1.47E-02,1.36E-02,1.23E-01
13,4,OMP,0.0002618,1.26E-05,1.53E-03,1.59E-02,1.18E-02,1.22E-01
14,4,OMP,0.0003012,1.52E-05,1.33E-03,1.32E-02,9.49E-03,9.40E-02
15,4,OMP,0.0003098,1.90E-05,1.29E-03,1.05E-02,8.61E-03,7.02E-02
16,4,OMP,0.0003766,1.50E-05,1.06E-03,1.33E-02,6.64E-03,8.33E-02
17,4,OMP,0.000406,1.62E-05,9.85E-04,1.23E-02,5.80E-03,7.26E-02
18,4,OMP,0.000364,1.64E-05,1.10E-03,1.22E-02,6.11E-03,6.78E-02
19,4,OMP,0.0003466,1.52E-05,1.15E-03,1.32E-02,6.07E-03,6.93E-02
20,4,OMP,0.0004494,2.00E-05,8.90E-04,1.00E-02,4.45E-03,5.00E-02
21,4,OMP,0.0003974,1.68E-05,1.01E-03,1.19E-02,4.79E-03,5.67E-02
22,4,OMP,0.0004188,1.62E-05,9.55E-04,1.23E-02,4.34E-03,5.61E-02
23,4,OMP,0.0004482,1.84E-05,8.92E-04,1.09E-02,3.88E-03,4.73E-02
24,4,OMP,0.000431,1.84E-05,9.28E-04,1.09E-02,3.87E-03,4.53E-02
25,4,OMP,0.0004646,2.30E-05,8.61E-04,8.70E-03,3.44E-03,3.48E-02
26,4,OMP,0.0004956,2.12E-05,8.07E-04,9.43E-03,3.10E-03,3.63E-02
27,4,OMP,0.000493,2.18E-05,8.11E-04,9.17E-03,3.01E-03,3.40E-02
28,4,OMP,0.0005256,2.06E-05,7.61E-04,9.71E-03,2.72E-03,3.47E-02
29,4,OMP,0.0005906,2.52E-05,6.77E-04,7.94E-03,2.34E-03,2.74E-02
30,4,OMP,0.0005632,2.44E-05,7.10E-04,8.20E-03,2.37E-03,2.73E-02
31,4,OMP,0.0005728,2.36E-05,6.98E-04,8.47E-03,2.25E-03,2.73E-02
32,4,OMP,0.0007748,2.18E-05,5.16E-04,9.17E-03,1.61E-03,2.87E-02
33,4,OMP,0.0005936,2.34E-05,6.74E-04,8.55E-03,2.04E-03,2.59E-02
34,4,OMP,0.000607,2.66E-05,6.59E-04,7.52E-03,1.94E-03,2.21E-02
35,4,OMP,0.000661,2.46E-05,6.05E-04,8.13E-03,1.73E-03,2.32E-02
36,4,OMP,0.000659,2.62E-05,6.07E-04,7.63E-03,1.69E-03,2.12E-02
37,4,OMP,0.0007936,2.42E-05,5.04E-04,8.26E-03,1.36E-03,2.23E-02
38,4,OMP,0.000761,2.60E-05,5.26E-04,7.69E-03,1.38E-03,2.02E-02
39,4,OMP,0.0007572,2.72E-05,5.28E-04,7.35E-03,1.35E-03,1.89E-02
40,4,OMP,0.0007036,2.86E-05,5.69E-04,6.99E-03,1.42E-03,1.75E-02
41,4,OMP,0.0007216,2.86E-05,5.54E-04,6.99E-03,1.35E-03,1.71E-02
42,4,OMP,0.0007206,2.84E-05,5.55E-04,7.04E-03,1.32E-03,1.68E-02
43,4,OMP,0.0008326,2.88E-05,4.80E-04,6.94E-03,1.12E-03,1.61E-02
44,4,OMP,0.0009408,2.56E-05,4.25E-04,7.81E-03,9.66E-04,1.78E-02
45,4,OMP,0.000833,2.98E-05,4.80E-04,6.71E-03,1.07E-03,1.49E-02
46,4,OMP,0.0008288,2.98E-05,4.83E-04,6.71E-03,1.05E-03,1.46E-02
47,4,OMP,0.001015,3.12E-05,3.94E-04,6.41E-03,8.38E-04,1.36E-02
48,4,OMP,0.000852,2.98E-05,4.69E-04,6.71E-03,9.78E-04,1.40E-02
49,4,OMP,0.0008818,3.42E-05,4.54E-04,5.85E-03,9.26E-04,1.19E-02
50,4,OMP,0.0009006,2.64E-05,4.44E-04,7.58E-03,8.88E-04,1.52E-02
51,4,OMP,0.0009182,4.24E-05,4.36E-04,4.72E-03,8.54E-04,9.25E-03
52,4,OMP,0.0008886,3.50E-05,4.50E-04,5.71E-03,8.66E-04,1.10E-02
53,4,OMP,0.000972,3.16E-05,4.12E-04,6.33E-03,7.76E-04,1.19E-02
54,4,OMP,0.0009562,3.50E-05,4.18E-04,5.71E-03,7.75E-04,1.06E-02
55,4,OMP,0.0010406,3.30E-05,3.84E-04,6.06E-03,6.99E-04,1.10E-02
56,4,OMP,0.000974,3.48E-05,4.11E-04,5.75E-03,7.33E-04,1.03E-02
57,4,OMP,0.0010304,3.42E-05,3.88E-04,5.85E-03,6.81E-04,1.03E-02
58,4,OMP,0.001013,3.86E-05,3.95E-04,5.18E-03,6.81E-04,8.93E-03
59,4,OMP,0.0010232,3.24E-05,3.91E-04,6.17E-03,6.63E-04,1.05E-02
60,4,OMP,0.0010554,3.26E-05,3.79E-04,6.13E-03,6.32E-04,1.02E-02
61,4,OMP,0.0010788,3.62E-05,3.71E-04,5.52E-03,6.08E-04,9.06E-03
62,4,OMP,0.00112,3.58E-05,3.57E-04,5.59E-03,5.76E-04,9.01E-03
63,4,OMP,0.0011454,3.86E-05,3.49E-04,5.18E-03,5.54E-04,8.22E-03
64,4,OMP,0.0012026,3.86E-05,3.33E-04,5.18E-03,5.20E-04,8.10E-03
65,4,OMP,0.0012036,3.64E-05,3.32E-04,5.49E-03,5.11E-04,8.45E-03
66,4,OMP,0.0011742,3.60E-05,3.41E-04,5.56E-03,5.16E-04,8.42E-03
67,4,OMP,0.0011986,3.96E-05,3.34E-04,5.05E-03,4.98E-04,7.54E-03
68,4,OMP,0.0012544,4.06E-05,3.19E-04,4.93E-03,4.69E-04,7.24E-03
69,4,OMP,0.0012236,3.78E-05,3.27E-04,5.29E-03,4.74E-04,7.67E-03
70,4,OMP,0.0013122,3.88E-05,3.05E-04,5.15E-03,4.35E-04,7.36E-03
71,4,OMP,0.0014052,4.10E-05,2.85E-04,4.88E-03,4.01E-04,6.87E-03
72,4,OMP,0.0012828,4.12E-05,3.12E-04,4.85E-03,4.33E-04,6.74E-03
73,4,OMP,0.0013026,4.26E-05,3.07E-04,4.69E-03,4.21E-04,6.43E-03
74,4,OMP,0.0014098,4.10E-05,2.84E-04,4.88E-03,3.83E-04,6.59E-03
75,4,OMP,0.0013698,3.88E-05,2.92E-04,5.15E-03,3.89E-04,6.87E-03
76,4,OMP,0.0013764,3.84E-05,2.91E-04,5.21E-03,3.82E-04,6.85E-03
77,4,OMP,0.0015206,4.04E-05,2.63E-04,4.95E-03,3.42E-04,6.43E-03
78,4,OMP,0.0014398,4.68E-05,2.78E-04,4.27E-03,3.56E-04,5.48E-03
79,4,OMP,0.0014594,4.62E-05,2.74E-04,4.33E-03,3.47E-04,5.48E-03
80,4,OMP,0.0014522,4.04E-05,2.75E-04,4.95E-03,3.44E-04,6.19E-03
81,4,OMP,0.0014972,4.62E-05,2.67E-04,4.33E-03,3.30E-04,5.34E-03
82,4,OMP,0.0016074,4.46E-05,2.49E-04,4.48E-03,3.03E-04,5.47E-03
83,4,OMP,0.0014918,4.64E-05,2.68E-04,4.31E-03,3.23E-04,5.19E-03
84,4,OMP,0.00157,4.24E-05,2.55E-04,4.72E-03,3.03E-04,5.62E-03
85,4,OMP,0.0028278,4.72E-05,1.41E-04,4.24E-03,1.66E-04,4.99E-03
86,4,OMP,0.0020918,4.58E-05,1.91E-04,4.37E-03,2.22E-04,5.08E-03
87,4,OMP,0.0021534,4.56E-05,1.86E-04,4.39E-03,2.14E-04,5.04E-03
88,4,OMP,0.003701,4.48E-05,1.08E-04,4.46E-03,1.23E-04,5.07E-03
89,4,OMP,0.003665,5.16E-05,1.09E-04,3.88E-03,1.23E-04,4.36E-03
90,4,OMP,0.0052884,0.0009852,7.56E-05,2.03E-04,8.40E-05,2.26E-04
91,4,OMP,0.005681,5.76E-05,7.04E-05,3.47E-03,7.74E-05,3.82E-03
92,4,OMP,0.0069012,5.38E-05,5.80E-05,3.72E-03,6.30E-05,4.04E-03
93,4,OMP,0.0071614,0.0010346,5.59E-05,1.93E-04,6.01E-05,2.08E-04
94,4,OMP,0.0084116,0.0066558,4.76E-05,3.00E-05,5.06E-05,3.20E-05
95,4,OMP,0.009038,0.0056964,4.43E-05,3.51E-05,4.66E-05,3.70E-05
96,4,OMP,0.009938,0.006689,4.02E-05,2.99E-05,4.19E-05,3.11E-05
1,8,SEQ,6.00E-07,2.00E-07,0,0,0,0
1,8,OMP,1.38E-05,2.00E-06,4.35E-02,1.00E-01,4.35E+00,1.00E+01
2,8,OMP,8.40E-05,8.00E-06,7.14E-03,2.50E-02,3.57E-01,1.25E+00
3,8,OMP,0.0001284,9.00E-06,4.67E-03,2.22E-02,1.56E-01,7.41E-01
4,8,OMP,0.000104,1.08E-05,5.77E-03,1.85E-02,1.44E-01,4.63E-01
5,8,OMP,0.0001178,1.12E-05,5.09E-03,1.79E-02,1.02E-01,3.57E-01
6,8,OMP,0.0001452,1.08E-05,4.13E-03,1.85E-02,6.89E-02,3.09E-01
7,8,OMP,0.0001518,1.14E-05,3.95E-03,1.75E-02,5.65E-02,2.51E-01
8,8,OMP,0.0001962,1.06E-05,3.06E-03,1.89E-02,3.82E-02,2.36E-01
9,8,OMP,0.0002558,1.08E-05,2.35E-03,1.85E-02,2.61E-02,2.06E-01
10,8,OMP,0.0002984,1.18E-05,2.01E-03,1.69E-02,2.01E-02,1.69E-01
11,8,OMP,0.000232,1.36E-05,2.59E-03,1.47E-02,2.35E-02,1.34E-01
12,8,OMP,0.0002838,1.34E-05,2.11E-03,1.49E-02,1.76E-02,1.24E-01
13,8,OMP,0.000383,1.36E-05,1.57E-03,1.47E-02,1.21E-02,1.13E-01
14,8,OMP,0.0002698,1.30E-05,2.22E-03,1.54E-02,1.59E-02,1.10E-01
15,8,OMP,0.0002792,1.96E-05,2.15E-03,1.02E-02,1.43E-02,6.80E-02
16,8,OMP,0.000359,1.74E-05,1.67E-03,1.15E-02,1.04E-02,7.18E-02
17,8,OMP,0.0003756,1.46E-05,1.60E-03,1.37E-02,9.40E-03,8.06E-02
18,8,OMP,0.0003474,1.46E-05,1.73E-03,1.37E-02,9.60E-03,7.61E-02
19,8,OMP,0.000422,1.76E-05,1.42E-03,1.14E-02,7.48E-03,5.98E-02
20,8,OMP,0.0005222,1.76E-05,1.15E-03,1.14E-02,5.74E-03,5.68E-02
21,8,OMP,0.0003982,1.68E-05,1.51E-03,1.19E-02,7.18E-03,5.67E-02
22,8,OMP,0.0004888,1.68E-05,1.23E-03,1.19E-02,5.58E-03,5.41E-02
23,8,OMP,0.0004136,1.78E-05,1.45E-03,1.12E-02,6.31E-03,4.89E-02
24,8,OMP,0.000426,1.82E-05,1.41E-03,1.10E-02,5.87E-03,4.58E-02
25,8,OMP,0.0004376,2.70E-05,1.37E-03,7.41E-03,5.48E-03,2.96E-02
26,8,OMP,0.0005054,1.92E-05,1.19E-03,1.04E-02,4.57E-03,4.01E-02
27,8,OMP,0.0004768,1.92E-05,1.26E-03,1.04E-02,4.66E-03,3.86E-02
28,8,OMP,0.0004942,1.84E-05,1.21E-03,1.09E-02,4.34E-03,3.88E-02
29,8,OMP,0.0005124,2.10E-05,1.17E-03,9.52E-03,4.04E-03,3.28E-02
30,8,OMP,0.0005448,2.16E-05,1.10E-03,9.26E-03,3.67E-03,3.09E-02
31,8,OMP,0.0005478,2.02E-05,1.10E-03,9.90E-03,3.53E-03,3.19E-02
32,8,OMP,0.0005566,2.02E-05,1.08E-03,9.90E-03,3.37E-03,3.09E-02
33,8,OMP,0.000582,2.18E-05,1.03E-03,9.17E-03,3.12E-03,2.78E-02
34,8,OMP,0.0006068,2.10E-05,9.89E-04,9.52E-03,2.91E-03,2.80E-02
35,8,OMP,0.000667,2.20E-05,9.00E-04,9.09E-03,2.57E-03,2.60E-02
36,8,OMP,0.0006776,2.72E-05,8.85E-04,7.35E-03,2.46E-03,2.04E-02
37,8,OMP,0.0007808,2.36E-05,7.68E-04,8.47E-03,2.08E-03,2.29E-02
38,8,OMP,0.000669,2.40E-05,8.97E-04,8.33E-03,2.36E-03,2.19E-02
39,8,OMP,0.0007904,2.48E-05,7.59E-04,8.06E-03,1.95E-03,2.07E-02
40,8,OMP,0.0007284,2.42E-05,8.24E-04,8.26E-03,2.06E-03,2.07E-02
41,8,OMP,0.0007494,2.74E-05,8.01E-04,7.30E-03,1.95E-03,1.78E-02
42,8,OMP,0.0007736,2.56E-05,7.76E-04,7.81E-03,1.85E-03,1.86E-02
43,8,OMP,0.0007506,2.88E-05,7.99E-04,6.94E-03,1.86E-03,1.61E-02
44,8,OMP,0.0007932,2.56E-05,7.56E-04,7.81E-03,1.72E-03,1.78E-02
45,8,OMP,0.0008266,2.84E-05,7.26E-04,7.04E-03,1.61E-03,1.56E-02
46,8,OMP,0.0008156,2.80E-05,7.36E-04,7.14E-03,1.60E-03,1.55E-02
47,8,OMP,0.0008112,2.74E-05,7.40E-04,7.30E-03,1.57E-03,1.55E-02
48,8,OMP,0.0008324,2.72E-05,7.21E-04,7.35E-03,1.50E-03,1.53E-02
49,8,OMP,0.0008278,2.92E-05,7.25E-04,6.85E-03,1.48E-03,1.40E-02
50,8,OMP,0.000843,2.70E-05,7.12E-04,7.41E-03,1.42E-03,1.48E-02
51,8,OMP,0.0008748,3.04E-05,6.86E-04,6.58E-03,1.34E-03,1.29E-02
52,8,OMP,0.0011064,3.66E-05,5.42E-04,5.46E-03,1.04E-03,1.05E-02
53,8,OMP,0.0009294,2.86E-05,6.46E-04,6.99E-03,1.22E-03,1.32E-02
54,8,OMP,0.001079,2.98E-05,5.56E-04,6.71E-03,1.03E-03,1.24E-02
55,8,OMP,0.0010006,3.20E-05,6.00E-04,6.25E-03,1.09E-03,1.14E-02
56,8,OMP,0.001005,3.22E-05,5.97E-04,6.21E-03,1.07E-03,1.11E-02
57,8,OMP,0.0010928,3.22E-05,5.49E-04,6.21E-03,9.63E-04,1.09E-02
58,8,OMP,0.0012192,3.18E-05,4.92E-04,6.29E-03,8.48E-04,1.08E-02
59,8,OMP,0.001156,3.30E-05,5.19E-04,6.06E-03,8.80E-04,1.03E-02
60,8,OMP,0.001102,3.90E-05,5.44E-04,5.13E-03,9.07E-04,8.55E-03
61,8,OMP,0.0011972,3.34E-05,5.01E-04,5.99E-03,8.22E-04,9.82E-03
62,8,OMP,0.0011952,3.40E-05,5.02E-04,5.88E-03,8.10E-04,9.49E-03
63,8,OMP,0.0012072,3.32E-05,4.97E-04,6.02E-03,7.89E-04,9.56E-03
64,8,OMP,0.0012384,3.82E-05,4.84E-04,5.24E-03,7.57E-04,8.18E-03
65,8,OMP,0.0012768,3.88E-05,4.70E-04,5.15E-03,7.23E-04,7.93E-03
66,8,OMP,0.0011422,3.34E-05,5.25E-04,5.99E-03,7.96E-04,9.07E-03
67,8,OMP,0.0013112,3.90E-05,4.58E-04,5.13E-03,6.83E-04,7.65E-03
68,8,OMP,0.0012042,3.98E-05,4.98E-04,5.03E-03,7.33E-04,7.39E-03
69,8,OMP,0.0011984,3.60E-05,5.01E-04,5.56E-03,7.26E-04,8.05E-03
70,8,OMP,0.0012236,3.88E-05,4.90E-04,5.15E-03,7.01E-04,7.36E-03
71,8,OMP,0.0013158,4.64E-05,4.56E-04,4.31E-03,6.42E-04,6.07E-03
72,8,OMP,0.0013158,4.02E-05,4.56E-04,4.98E-03,6.33E-04,6.91E-03
73,8,OMP,0.001362,4.02E-05,4.41E-04,4.98E-03,6.03E-04,6.82E-03
74,8,OMP,0.001294,4.34E-05,4.64E-04,4.61E-03,6.27E-04,6.23E-03
75,8,OMP,0.0014438,4.08E-05,4.16E-04,4.90E-03,5.54E-04,6.54E-03
76,8,OMP,0.0014348,3.56E-05,4.18E-04,5.62E-03,5.50E-04,7.39E-03
77,8,OMP,0.0015546,3.96E-05,3.86E-04,5.05E-03,5.01E-04,6.56E-03
78,8,OMP,0.001453,3.92E-05,4.13E-04,5.10E-03,5.29E-04,6.54E-03
79,8,OMP,0.0014006,4.56E-05,4.28E-04,4.39E-03,5.42E-04,5.55E-03
80,8,OMP,0.0014706,4.20E-05,4.08E-04,4.76E-03,5.10E-04,5.95E-03
81,8,OMP,0.0016376,4.12E-05,3.66E-04,4.85E-03,4.52E-04,5.99E-03
82,8,OMP,0.001454,4.50E-05,4.13E-04,4.44E-03,5.03E-04,5.42E-03
83,8,OMP,0.0016192,4.64E-05,3.71E-04,4.31E-03,4.46E-04,5.19E-03
84,8,OMP,0.0015448,4.68E-05,3.88E-04,4.27E-03,4.62E-04,5.09E-03
85,8,OMP,0.001657,4.28E-05,3.62E-04,4.67E-03,4.26E-04,5.50E-03
86,8,OMP,0.0032076,4.60E-05,1.87E-04,4.35E-03,2.18E-04,5.06E-03
87,8,OMP,0.002014,4.58E-05,2.98E-04,4.37E-03,3.42E-04,5.02E-03
88,8,OMP,0.002224,4.70E-05,2.70E-04,4.26E-03,3.07E-04,4.84E-03
89,8,OMP,0.0027008,5.60E-05,2.22E-04,3.57E-03,2.50E-04,4.01E-03
90,8,OMP,0.0022606,4.86E-05,2.65E-04,4.12E-03,2.95E-04,4.57E-03
91,8,OMP,0.0055932,5.68E-05,1.07E-04,3.52E-03,1.18E-04,3.87E-03
92,8,OMP,0.0057498,0.0019382,1.04E-04,1.03E-04,1.13E-04,1.12E-04
93,8,OMP,0.0083234,0.0019674,7.21E-05,1.02E-04,7.75E-05,1.09E-04
94,8,OMP,0.0067618,0.0024454,8.87E-05,8.18E-05,9.44E-05,8.70E-05
95,8,OMP,0.0086386,0.0057248,6.95E-05,3.49E-05,7.31E-05,3.68E-05
96,8,OMP,0.009572,0.0074612,6.27E-05,2.68E-05,6.53E-05,2.79E-05
1,16,SEQ,2.20E-06,1.00E-06,0,0,0,0
1,16,OMP,2.66E-05,4.00E-06,8.27E-02,2.50E-01,8.27E+00,2.50E+01
2,16,OMP,0.000192,8.40E-06,1.15E-02,1.19E-01,5.73E-01,5.95E+00
3,16,OMP,0.0001042,1.00E-05,2.11E-02,1.00E-01,7.04E-01,3.33E+00
4,16,OMP,0.0001336,1.04E-05,1.65E-02,9.62E-02,4.12E-01,2.40E+00
5,16,OMP,0.0001548,1.18E-05,1.42E-02,8.47E-02,2.84E-01,1.69E+00
6,16,OMP,0.0002058,1.24E-05,1.07E-02,8.06E-02,1.78E-01,1.34E+00
7,16,OMP,0.0001484,1.38E-05,1.48E-02,7.25E-02,2.12E-01,1.04E+00
8,16,OMP,0.0001772,1.20E-05,1.24E-02,8.33E-02,1.55E-01,1.04E+00
9,16,OMP,0.0002316,1.36E-05,9.50E-03,7.35E-02,1.06E-01,8.17E-01
10,16,OMP,0.0002638,1.18E-05,8.34E-03,8.47E-02,8.34E-02,8.47E-01
11,16,OMP,0.0002634,1.44E-05,8.35E-03,6.94E-02,7.59E-02,6.31E-01
12,16,OMP,0.0002334,1.12E-05,9.43E-03,8.93E-02,7.85E-02,7.44E-01
13,16,OMP,0.0004742,1.74E-05,4.64E-03,5.75E-02,3.57E-02,4.42E-01
14,16,OMP,0.00033,1.32E-05,6.67E-03,7.58E-02,4.76E-02,5.41E-01
15,16,OMP,0.0002914,1.34E-05,7.55E-03,7.46E-02,5.03E-02,4.98E-01
16,16,OMP,0.0003718,1.52E-05,5.92E-03,6.58E-02,3.70E-02,4.11E-01
17,16,OMP,0.0003532,1.48E-05,6.23E-03,6.76E-02,3.66E-02,3.97E-01
18,16,OMP,0.0003364,1.80E-05,6.54E-03,5.56E-02,3.63E-02,3.09E-01
19,16,OMP,0.0004042,1.42E-05,5.44E-03,7.04E-02,2.86E-02,3.71E-01
20,16,OMP,0.0005636,2.18E-05,3.90E-03,4.59E-02,1.95E-02,2.29E-01
21,16,OMP,0.0004218,1.74E-05,5.22E-03,5.75E-02,2.48E-02,2.74E-01
22,16,OMP,0.0005272,1.96E-05,4.17E-03,5.10E-02,1.90E-02,2.32E-01
23,16,OMP,0.000421,2.04E-05,5.23E-03,4.90E-02,2.27E-02,2.13E-01
24,16,OMP,0.000485,2.08E-05,4.54E-03,4.81E-02,1.89E-02,2.00E-01
25,16,OMP,0.0005322,1.94E-05,4.13E-03,5.15E-02,1.65E-02,2.06E-01
26,16,OMP,0.000492,1.96E-05,4.47E-03,5.10E-02,1.72E-02,1.96E-01
27,16,OMP,0.000719,1.92E-05,3.06E-03,5.21E-02,1.13E-02,1.93E-01
28,16,OMP,0.0004986,2.18E-05,4.41E-03,4.59E-02,1.58E-02,1.64E-01
29,16,OMP,0.0006052,2.42E-05,3.64E-03,4.13E-02,1.25E-02,1.42E-01
30,16,OMP,0.0005806,2.10E-05,3.79E-03,4.76E-02,1.26E-02,1.59E-01
31,16,OMP,0.000617,2.18E-05,3.57E-03,4.59E-02,1.15E-02,1.48E-01
32,16,OMP,0.0005768,2.52E-05,3.81E-03,3.97E-02,1.19E-02,1.24E-01
33,16,OMP,0.0006344,2.42E-05,3.47E-03,4.13E-02,1.05E-02,1.25E-01
34,16,OMP,0.0006576,2.46E-05,3.35E-03,4.07E-02,9.84E-03,1.20E-01
35,16,OMP,0.0006262,2.50E-05,3.51E-03,4.00E-02,1.00E-02,1.14E-01
36,16,OMP,0.0006972,2.66E-05,3.16E-03,3.76E-02,8.77E-03,1.04E-01
37,16,OMP,0.0007944,2.64E-05,2.77E-03,3.79E-02,7.48E-03,1.02E-01
38,16,OMP,0.0008576,2.68E-05,2.57E-03,3.73E-02,6.75E-03,9.82E-02
39,16,OMP,0.0007216,2.46E-05,3.05E-03,4.07E-02,7.82E-03,1.04E-01
40,16,OMP,0.0007752,2.54E-05,2.84E-03,3.94E-02,7.09E-03,9.84E-02
41,16,OMP,0.00097,2.80E-05,2.27E-03,3.57E-02,5.53E-03,8.71E-02
42,16,OMP,0.0007632,2.62E-05,2.88E-03,3.82E-02,6.86E-03,9.09E-02
43,16,OMP,0.0007676,2.92E-05,2.87E-03,3.42E-02,6.67E-03,7.96E-02
44,16,OMP,0.0009268,2.94E-05,2.37E-03,3.40E-02,5.39E-03,7.73E-02
45,16,OMP,0.0008836,3.24E-05,2.49E-03,3.09E-02,5.53E-03,6.86E-02
46,16,OMP,0.0008534,2.94E-05,2.58E-03,3.40E-02,5.60E-03,7.39E-02
47,16,OMP,0.0010824,2.94E-05,2.03E-03,3.40E-02,4.32E-03,7.24E-02
48,16,OMP,0.0010116,3.06E-05,2.17E-03,3.27E-02,4.53E-03,6.81E-02
49,16,OMP,0.0009592,2.92E-05,2.29E-03,3.42E-02,4.68E-03,6.99E-02
50,16,OMP,0.0008472,3.30E-05,2.60E-03,3.03E-02,5.19E-03,6.06E-02
51,16,OMP,0.0009158,3.24E-05,2.40E-03,3.09E-02,4.71E-03,6.05E-02
52,16,OMP,0.000912,3.06E-05,2.41E-03,3.27E-02,4.64E-03,6.28E-02
53,16,OMP,0.0009112,3.10E-05,2.41E-03,3.23E-02,4.56E-03,6.09E-02
54,16,OMP,0.0009272,3.56E-05,2.37E-03,2.81E-02,4.39E-03,5.20E-02
55,16,OMP,0.0009538,3.28E-05,2.31E-03,3.05E-02,4.19E-03,5.54E-02
56,16,OMP,0.001003,3.66E-05,2.19E-03,2.73E-02,3.92E-03,4.88E-02
57,16,OMP,0.00111,3.62E-05,1.98E-03,2.76E-02,3.48E-03,4.85E-02
58,16,OMP,0.00107,3.22E-05,2.06E-03,3.11E-02,3.54E-03,5.35E-02
59,16,OMP,0.001026,3.68E-05,2.14E-03,2.72E-02,3.63E-03,4.61E-02
60,16,OMP,0.0010712,3.94E-05,2.05E-03,2.54E-02,3.42E-03,4.23E-02
61,16,OMP,0.0010858,3.74E-05,2.03E-03,2.67E-02,3.32E-03,4.38E-02
62,16,OMP,0.0010902,4.50E-05,2.02E-03,2.22E-02,3.25E-03,3.58E-02
63,16,OMP,0.0012158,4.10E-05,1.81E-03,2.44E-02,2.87E-03,3.87E-02
64,16,OMP,0.001162,3.62E-05,1.89E-03,2.76E-02,2.96E-03,4.32E-02
65,16,OMP,0.0012392,3.74E-05,1.78E-03,2.67E-02,2.73E-03,4.11E-02
66,16,OMP,0.0011114,3.96E-05,1.98E-03,2.53E-02,3.00E-03,3.83E-02
67,16,OMP,0.0012284,3.98E-05,1.79E-03,2.51E-02,2.67E-03,3.75E-02
68,16,OMP,0.0011592,4.06E-05,1.90E-03,2.46E-02,2.79E-03,3.62E-02
69,16,OMP,0.0012186,3.48E-05,1.81E-03,2.87E-02,2.62E-03,4.16E-02
70,16,OMP,0.0012222,4.00E-05,1.80E-03,2.50E-02,2.57E-03,3.57E-02
71,16,OMP,0.001253,4.22E-05,1.76E-03,2.37E-02,2.47E-03,3.34E-02
72,16,OMP,0.0012838,4.20E-05,1.71E-03,2.38E-02,2.38E-03,3.31E-02
73,16,OMP,0.0013318,4.52E-05,1.65E-03,2.21E-02,2.26E-03,3.03E-02
74,16,OMP,0.0013302,4.32E-05,1.65E-03,2.31E-02,2.23E-03,3.13E-02
75,16,OMP,0.0013812,4.16E-05,1.59E-03,2.40E-02,2.12E-03,3.21E-02
76,16,OMP,0.0013782,4.84E-05,1.60E-03,2.07E-02,2.10E-03,2.72E-02
77,16,OMP,0.0013728,4.24E-05,1.60E-03,2.36E-02,2.08E-03,3.06E-02
78,16,OMP,0.0016294,4.28E-05,1.35E-03,2.34E-02,1.73E-03,3.00E-02
79,16,OMP,0.001497,4.46E-05,1.47E-03,2.24E-02,1.86E-03,2.84E-02
80,16,OMP,0.0014374,5.88E-05,1.53E-03,1.70E-02,1.91E-03,2.13E-02
81,16,OMP,0.001464,4.86E-05,1.50E-03,2.06E-02,1.86E-03,2.54E-02
82,16,OMP,0.0014428,4.48E-05,1.52E-03,2.23E-02,1.86E-03,2.72E-02
83,16,OMP,0.0015162,5.04E-05,1.45E-03,1.98E-02,1.75E-03,2.39E-02
84,16,OMP,0.0016004,5.10E-05,1.37E-03,1.96E-02,1.64E-03,2.33E-02
85,16,OMP,0.0016292,4.98E-05,1.35E-03,2.01E-02,1.59E-03,2.36E-02
86,16,OMP,0.0032182,5.80E-05,6.84E-04,1.72E-02,7.95E-04,2.00E-02
87,16,OMP,0.0021966,4.82E-05,1.00E-03,2.07E-02,1.15E-03,2.38E-02
88,16,OMP,0.0034196,4.52E-05,6.43E-04,2.21E-02,7.31E-04,2.51E-02
89,16,OMP,0.0018916,5.42E-05,1.16E-03,1.85E-02,1.31E-03,2.07E-02
90,16,OMP,0.0035164,7.86E-05,6.26E-04,1.27E-02,6.95E-04,1.41E-02
91,16,OMP,0.004575,5.10E-05,4.81E-04,1.96E-02,5.28E-04,2.15E-02
92,16,OMP,0.0057906,5.12E-05,3.80E-04,1.95E-02,4.13E-04,2.12E-02
93,16,OMP,0.006256,0.0047854,3.52E-04,2.09E-04,3.78E-04,2.25E-04
94,16,OMP,0.0065364,0.0010066,3.37E-04,9.93E-04,3.58E-04,1.06E-03
95,16,OMP,0.0083974,0.007598,2.62E-04,1.32E-04,2.76E-04,1.39E-04
96,16,OMP,0.009906,0.004807,2.22E-04,2.08E-04,2.31E-04,2.17E-04
1,32,SEQ,3.00E-06,2.00E-06,0,0,0,0
1,32,OMP,2.94E-05,7.60E-06,1.02E-01,2.63E-01,1.02E+01,2.63E+01
2,32,OMP,0.0001322,1.54E-05,2.27E-02,1.30E-01,1.13E+00,6.49E+00
3,32,OMP,0.0001258,1.42E-05,2.38E-02,1.41E-01,7.95E-01,4.69E+00
4,32,OMP,0.000148,1.54E-05,2.03E-02,1.30E-01,5.07E-01,3.25E+00
5,32,OMP,0.0001468,1.50E-05,2.04E-02,1.33E-01,4.09E-01,2.67E+00
6,32,OMP,0.0002458,1.90E-05,1.22E-02,1.05E-01,2.03E-01,1.75E+00
7,32,OMP,0.0001892,1.52E-05,1.59E-02,1.32E-01,2.27E-01,1.88E+00
8,32,OMP,0.0003132,2.00E-05,9.58E-03,1.00E-01,1.20E-01,1.25E+00
9,32,OMP,0.0002768,1.58E-05,1.08E-02,1.27E-01,1.20E-01,1.41E+00
10,32,OMP,0.0002554,1.64E-05,1.17E-02,1.22E-01,1.17E-01,1.22E+00
11,32,OMP,0.000253,1.66E-05,1.19E-02,1.20E-01,1.08E-01,1.10E+00
12,32,OMP,0.000233,1.72E-05,1.29E-02,1.16E-01,1.07E-01,9.69E-01
13,32,OMP,0.0002568,2.08E-05,1.17E-02,9.62E-02,8.99E-02,7.40E-01
14,32,OMP,0.0003054,1.66E-05,9.82E-03,1.20E-01,7.02E-02,8.61E-01
15,32,OMP,0.0002864,1.94E-05,1.05E-02,1.03E-01,6.98E-02,6.87E-01
16,32,OMP,0.0002922,2.18E-05,1.03E-02,9.17E-02,6.42E-02,5.73E-01
17,32,OMP,0.0003668,2.20E-05,8.18E-03,9.09E-02,4.81E-02,5.35E-01
18,32,OMP,0.0003672,2.26E-05,8.17E-03,8.85E-02,4.54E-02,4.92E-01
19,32,OMP,0.0003512,2.48E-05,8.54E-03,8.06E-02,4.50E-02,4.24E-01
20,32,OMP,0.0003714,2.36E-05,8.08E-03,8.47E-02,4.04E-02,4.24E-01
21,32,OMP,0.0004828,2.34E-05,6.21E-03,8.55E-02,2.96E-02,4.07E-01
22,32,OMP,0.0004256,2.34E-05,7.05E-03,8.55E-02,3.20E-02,3.89E-01
23,32,OMP,0.0004352,2.30E-05,6.89E-03,8.70E-02,3.00E-02,3.78E-01
24,32,OMP,0.0005172,2.68E-05,5.80E-03,7.46E-02,2.42E-02,3.11E-01
25,32,OMP,0.0004584,2.46E-05,6.54E-03,8.13E-02,2.62E-02,3.25E-01
26,32,OMP,0.0004842,2.18E-05,6.20E-03,9.17E-02,2.38E-02,3.53E-01
27,32,OMP,0.0005606,2.56E-05,5.35E-03,7.81E-02,1.98E-02,2.89E-01
28,32,OMP,0.0005154,2.30E-05,5.82E-03,8.70E-02,2.08E-02,3.11E-01
29,32,OMP,0.0005166,2.54E-05,5.81E-03,7.87E-02,2.00E-02,2.72E-01
30,32,OMP,0.0006108,2.56E-05,4.91E-03,7.81E-02,1.64E-02,2.60E-01
31,32,OMP,0.0005446,2.28E-05,5.51E-03,8.77E-02,1.78E-02,2.83E-01
32,32,OMP,0.0007464,2.50E-05,4.02E-03,8.00E-02,1.26E-02,2.50E-01
33,32,OMP,0.0005916,2.86E-05,5.07E-03,6.99E-02,1.54E-02,2.12E-01
34,32,OMP,0.0006694,3.08E-05,4.48E-03,6.49E-02,1.32E-02,1.91E-01
35,32,OMP,0.0007342,2.78E-05,4.09E-03,7.19E-02,1.17E-02,2.06E-01
36,32,OMP,0.000625,2.54E-05,4.80E-03,7.87E-02,1.33E-02,2.19E-01
37,32,OMP,0.0006374,3.26E-05,4.71E-03,6.13E-02,1.27E-02,1.66E-01
38,32,OMP,0.0007838,2.82E-05,3.83E-03,7.09E-02,1.01E-02,1.87E-01
39,32,OMP,0.000759,2.84E-05,3.95E-03,7.04E-02,1.01E-02,1.81E-01
40,32,OMP,0.0007722,3.10E-05,3.89E-03,6.45E-02,9.71E-03,1.61E-01
41,32,OMP,0.0006808,2.86E-05,4.41E-03,6.99E-02,1.07E-02,1.71E-01
42,32,OMP,0.0008578,3.16E-05,3.50E-03,6.33E-02,8.33E-03,1.51E-01
43,32,OMP,0.0007658,3.14E-05,3.92E-03,6.37E-02,9.11E-03,1.48E-01
44,32,OMP,0.0007586,3.16E-05,3.95E-03,6.33E-02,8.99E-03,1.44E-01
45,32,OMP,0.000767,3.44E-05,3.91E-03,5.81E-02,8.69E-03,1.29E-01
46,32,OMP,0.0008748,3.18E-05,3.43E-03,6.29E-02,7.46E-03,1.37E-01
47,32,OMP,0.0008468,3.30E-05,3.54E-03,6.06E-02,7.54E-03,1.29E-01
48,32,OMP,0.0008552,3.10E-05,3.51E-03,6.45E-02,7.31E-03,1.34E-01
49,32,OMP,0.000874,3.52E-05,3.43E-03,5.68E-02,7.01E-03,1.16E-01
50,32,OMP,0.000899,3.42E-05,3.34E-03,5.85E-02,6.67E-03,1.17E-01
51,32,OMP,0.0009032,3.94E-05,3.32E-03,5.08E-02,6.51E-03,9.95E-02
52,32,OMP,0.0008878,3.28E-05,3.38E-03,6.10E-02,6.50E-03,1.17E-01
53,32,OMP,0.0009696,4.38E-05,3.09E-03,4.57E-02,5.84E-03,8.62E-02
54,32,OMP,0.0010864,3.16E-05,2.76E-03,6.33E-02,5.11E-03,1.17E-01
55,32,OMP,0.0009762,3.50E-05,3.07E-03,5.71E-02,5.59E-03,1.04E-01
56,32,OMP,0.0010104,3.86E-05,2.97E-03,5.18E-02,5.30E-03,9.25E-02
57,32,OMP,0.0010142,3.78E-05,2.96E-03,5.29E-02,5.19E-03,9.28E-02
58,32,OMP,0.0010346,3.58E-05,2.90E-03,5.59E-02,5.00E-03,9.63E-02
59,32,OMP,0.00102,3.70E-05,2.94E-03,5.41E-02,4.99E-03,9.16E-02
60,32,OMP,0.0010936,3.70E-05,2.74E-03,5.41E-02,4.57E-03,9.01E-02
61,32,OMP,0.0010792,4.10E-05,2.78E-03,4.88E-02,4.56E-03,8.00E-02
62,32,OMP,0.0010952,3.94E-05,2.74E-03,5.08E-02,4.42E-03,8.19E-02
63,32,OMP,0.0010828,3.82E-05,2.77E-03,5.24E-02,4.40E-03,8.31E-02
64,32,OMP,0.001142,4.06E-05,2.63E-03,4.93E-02,4.10E-03,7.70E-02
65,32,OMP,0.0011288,4.06E-05,2.66E-03,4.93E-02,4.09E-03,7.58E-02
66,32,OMP,0.001187,4.06E-05,2.53E-03,4.93E-02,3.83E-03,7.46E-02
67,32,OMP,0.0011624,4.38E-05,2.58E-03,4.57E-02,3.85E-03,6.82E-02
68,32,OMP,0.0011598,3.60E-05,2.59E-03,5.56E-02,3.80E-03,8.17E-02
69,32,OMP,0.0012028,3.96E-05,2.49E-03,5.05E-02,3.61E-03,7.32E-02
70,32,OMP,0.0012378,3.82E-05,2.42E-03,5.24E-02,3.46E-03,7.48E-02
71,32,OMP,0.0012722,3.84E-05,2.36E-03,5.21E-02,3.32E-03,7.34E-02
72,32,OMP,0.0013332,4.38E-05,2.25E-03,4.57E-02,3.13E-03,6.34E-02
73,32,OMP,0.0013878,4.44E-05,2.16E-03,4.50E-02,2.96E-03,6.17E-02
74,32,OMP,0.001339,5.06E-05,2.24E-03,3.95E-02,3.03E-03,5.34E-02
75,32,OMP,0.0013706,4.58E-05,2.19E-03,4.37E-02,2.92E-03,5.82E-02
76,32,OMP,0.0013918,4.06E-05,2.16E-03,4.93E-02,2.84E-03,6.48E-02
77,32,OMP,0.001428,4.08E-05,2.10E-03,4.90E-02,2.73E-03,6.37E-02
78,32,OMP,0.0015062,4.30E-05,1.99E-03,4.65E-02,2.55E-03,5.96E-02
79,32,OMP,0.001446,4.40E-05,2.07E-03,4.55E-02,2.63E-03,5.75E-02
80,32,OMP,0.0014502,4.32E-05,2.07E-03,4.63E-02,2.59E-03,5.79E-02
81,32,OMP,0.0016536,4.86E-05,1.81E-03,4.12E-02,2.24E-03,5.08E-02
82,32,OMP,0.0015662,4.64E-05,1.92E-03,4.31E-02,2.34E-03,5.26E-02
83,32,OMP,0.0015282,5.04E-05,1.96E-03,3.97E-02,2.37E-03,4.78E-02
84,32,OMP,0.0015378,5.12E-05,1.95E-03,3.91E-02,2.32E-03,4.65E-02
85,32,OMP,0.0016802,4.98E-05,1.79E-03,4.02E-02,2.10E-03,4.72E-02
86,32,OMP,0.0041306,5.92E-05,7.26E-04,3.38E-02,8.45E-04,3.93E-02
87,32,OMP,0.0018706,5.12E-05,1.60E-03,3.91E-02,1.84E-03,4.49E-02
88,32,OMP,0.0032988,0.0019278,9.09E-04,1.04E-03,1.03E-03,1.18E-03
89,32,OMP,0.0055302,4.86E-05,5.42E-04,4.12E-02,6.10E-04,4.62E-02
90,32,OMP,0.0056628,6.82E-05,5.30E-04,2.93E-02,5.89E-04,3.26E-02
91,32,OMP,0.0076552,0.0009992,3.92E-04,2.00E-03,4.31E-04,2.20E-03
92,32,OMP,0.007259,4.86E-05,4.13E-04,4.12E-02,4.49E-04,4.47E-02
93,32,OMP,0.0085682,0.0047192,3.50E-04,4.24E-04,3.76E-04,4.56E-04
94,32,OMP,0.0078814,0.0056844,3.81E-04,3.52E-04,4.05E-04,3.74E-04
95,32,OMP,0.0108696,0.0057332,2.76E-04,3.49E-04,2.91E-04,3.67E-04
96,32,OMP,0.0097736,0.009478,3.07E-04,2.11E-04,3.20E-04,2.20E-04
1,64,SEQ,1.18E-05,1.12E-05,0,0,0,0
1,64,OMP,2.72E-05,1.38E-05,4.34E-01,8.12E-01,4.34E+01,8.12E+01
2,64,OMP,9.52E-05,1.92E-05,1.24E-01,5.83E-01,6.20E+00,2.92E+01
3,64,OMP,9.42E-05,2.40E-05,1.25E-01,4.67E-01,4.18E+00,1.56E+01
4,64,OMP,0.0001572,3.24E-05,7.51E-02,3.46E-01,1.88E+00,8.64E+00
5,64,OMP,0.0001234,3.82E-05,9.56E-02,2.93E-01,1.91E+00,5.86E+00
6,64,OMP,0.0001638,2.42E-05,7.20E-02,4.63E-01,1.20E+00,7.71E+00
7,64,OMP,0.0001652,2.60E-05,7.14E-02,4.31E-01,1.02E+00,6.15E+00
8,64,OMP,0.0001916,3.12E-05,6.16E-02,3.59E-01,7.70E-01,4.49E+00
9,64,OMP,0.0002232,2.52E-05,5.29E-02,4.44E-01,5.87E-01,4.94E+00
10,64,OMP,0.0003202,3.34E-05,3.69E-02,3.35E-01,3.69E-01,3.35E+00
11,64,OMP,0.0002508,3.26E-05,4.70E-02,3.44E-01,4.28E-01,3.12E+00
12,64,OMP,0.0002516,2.76E-05,4.69E-02,4.06E-01,3.91E-01,3.38E+00
13,64,OMP,0.0002882,3.54E-05,4.09E-02,3.16E-01,3.15E-01,2.43E+00
14,64,OMP,0.000307,3.50E-05,3.84E-02,3.20E-01,2.75E-01,2.29E+00
15,64,OMP,0.0003286,3.58E-05,3.59E-02,3.13E-01,2.39E-01,2.09E+00
16,64,OMP,0.0002898,4.24E-05,4.07E-02,2.64E-01,2.54E-01,1.65E+00
17,64,OMP,0.0003454,3.10E-05,3.42E-02,3.61E-01,2.01E-01,2.13E+00
18,64,OMP,0.0004642,3.22E-05,2.54E-02,3.48E-01,1.41E-01,1.93E+00
19,64,OMP,0.000436,3.08E-05,2.71E-02,3.64E-01,1.42E-01,1.91E+00
20,64,OMP,0.0003558,4.74E-05,3.32E-02,2.36E-01,1.66E-01,1.18E+00
21,64,OMP,0.0003876,4.22E-05,3.04E-02,2.65E-01,1.45E-01,1.26E+00
22,64,OMP,0.000476,4.36E-05,2.48E-02,2.57E-01,1.13E-01,1.17E+00
23,64,OMP,0.0004182,3.28E-05,2.82E-02,3.41E-01,1.23E-01,1.48E+00
24,64,OMP,0.0004908,3.80E-05,2.40E-02,2.95E-01,1.00E-01,1.23E+00
25,64,OMP,0.000482,3.86E-05,2.45E-02,2.90E-01,9.79E-02,1.16E+00
26,64,OMP,0.000491,3.64E-05,2.40E-02,3.08E-01,9.24E-02,1.18E+00
27,64,OMP,0.0005418,3.12E-05,2.18E-02,3.59E-01,8.07E-02,1.33E+00
28,64,OMP,0.0004902,4.32E-05,2.41E-02,2.59E-01,8.60E-02,9.26E-01
29,64,OMP,0.0005168,4.44E-05,2.28E-02,2.52E-01,7.87E-02,8.70E-01
30,64,OMP,0.000539,3.56E-05,2.19E-02,3.15E-01,7.30E-02,1.05E+00
31,64,OMP,0.0005986,4.82E-05,1.97E-02,2.32E-01,6.36E-02,7.50E-01
32,64,OMP,0.0005896,4.50E-05,2.00E-02,2.49E-01,6.25E-02,7.78E-01
33,64,OMP,0.0008154,4.80E-05,1.45E-02,2.33E-01,4.39E-02,7.07E-01
34,64,OMP,0.0007326,4.48E-05,1.61E-02,2.50E-01,4.74E-02,7.35E-01
35,64,OMP,0.0007242,4.64E-05,1.63E-02,2.41E-01,4.66E-02,6.90E-01
36,64,OMP,0.0006696,3.94E-05,1.76E-02,2.84E-01,4.90E-02,7.90E-01
37,64,OMP,0.0006518,4.34E-05,1.81E-02,2.58E-01,4.89E-02,6.97E-01
38,64,OMP,0.0006626,4.18E-05,1.78E-02,2.68E-01,4.69E-02,7.05E-01
39,64,OMP,0.000772,5.04E-05,1.53E-02,2.22E-01,3.92E-02,5.70E-01
40,64,OMP,0.0008146,4.30E-05,1.45E-02,2.60E-01,3.62E-02,6.51E-01
41,64,OMP,0.000833,4.80E-05,1.42E-02,2.33E-01,3.46E-02,5.69E-01
42,64,OMP,0.0007488,4.48E-05,1.58E-02,2.50E-01,3.75E-02,5.95E-01
43,64,OMP,0.0007792,4.36E-05,1.51E-02,2.57E-01,3.52E-02,5.97E-01
44,64,OMP,0.0007922,3.84E-05,1.49E-02,2.92E-01,3.39E-02,6.63E-01
45,64,OMP,0.0007974,4.66E-05,1.48E-02,2.40E-01,3.29E-02,5.34E-01
46,64,OMP,0.0008194,4.82E-05,1.44E-02,2.32E-01,3.13E-02,5.05E-01
47,64,OMP,0.0008196,4.14E-05,1.44E-02,2.71E-01,3.06E-02,5.76E-01
48,64,OMP,0.000814,5.26E-05,1.45E-02,2.13E-01,3.02E-02,4.44E-01
49,64,OMP,0.0008252,4.68E-05,1.43E-02,2.39E-01,2.92E-02,4.88E-01
50,64,OMP,0.0009256,4.66E-05,1.27E-02,2.40E-01,2.55E-02,4.81E-01
51,64,OMP,0.0009618,5.26E-05,1.23E-02,2.13E-01,2.41E-02,4.18E-01
52,64,OMP,0.0009058,4.76E-05,1.30E-02,2.35E-01,2.51E-02,4.52E-01
53,64,OMP,0.0009506,4.28E-05,1.24E-02,2.62E-01,2.34E-02,4.94E-01
54,64,OMP,0.0009178,4.50E-05,1.29E-02,2.49E-01,2.38E-02,4.61E-01
55,64,OMP,0.0009928,6.30E-05,1.19E-02,1.78E-01,2.16E-02,3.23E-01
56,64,OMP,0.0009704,4.56E-05,1.22E-02,2.46E-01,2.17E-02,4.39E-01
57,64,OMP,0.001035,4.60E-05,1.14E-02,2.43E-01,2.00E-02,4.27E-01
58,64,OMP,0.0009974,4.82E-05,1.18E-02,2.32E-01,2.04E-02,4.01E-01
59,64,OMP,0.001052,5.28E-05,1.12E-02,2.12E-01,1.90E-02,3.60E-01
60,64,OMP,0.0010724,4.78E-05,1.10E-02,2.34E-01,1.83E-02,3.91E-01
61,64,OMP,0.0011588,4.52E-05,1.02E-02,2.48E-01,1.67E-02,4.06E-01
62,64,OMP,0.0010618,4.96E-05,1.11E-02,2.26E-01,1.79E-02,3.64E-01
63,64,OMP,0.0011468,4.90E-05,1.03E-02,2.29E-01,1.63E-02,3.63E-01
64,64,OMP,0.0011274,4.54E-05,1.05E-02,2.47E-01,1.64E-02,3.85E-01
65,64,OMP,0.0012518,4.54E-05,9.43E-03,2.47E-01,1.45E-02,3.80E-01
66,64,OMP,0.0011646,4.62E-05,1.01E-02,2.42E-01,1.54E-02,3.67E-01
67,64,OMP,0.0011936,5.88E-05,9.89E-03,1.90E-01,1.48E-02,2.84E-01
68,64,OMP,0.0012064,5.38E-05,9.78E-03,2.08E-01,1.44E-02,3.06E-01
69,64,OMP,0.0012182,4.70E-05,9.69E-03,2.38E-01,1.40E-02,3.45E-01
70,64,OMP,0.0012176,5.16E-05,9.69E-03,2.17E-01,1.38E-02,3.10E-01
71,64,OMP,0.001416,4.60E-05,8.33E-03,2.43E-01,1.17E-02,3.43E-01
72,64,OMP,0.0012338,6.02E-05,9.56E-03,1.86E-01,1.33E-02,2.58E-01
73,64,OMP,0.0015942,5.04E-05,7.40E-03,2.22E-01,1.01E-02,3.04E-01
74,64,OMP,0.0013384,5.22E-05,8.82E-03,2.15E-01,1.19E-02,2.90E-01
75,64,OMP,0.001341,4.66E-05,8.80E-03,2.40E-01,1.17E-02,3.20E-01
76,64,OMP,0.0013872,5.24E-05,8.51E-03,2.14E-01,1.12E-02,2.81E-01
77,64,OMP,0.0013986,4.90E-05,8.44E-03,2.29E-01,1.10E-02,2.97E-01
78,64,OMP,0.0014752,5.72E-05,8.00E-03,1.96E-01,1.03E-02,2.51E-01
79,64,OMP,0.0014242,6.26E-05,8.29E-03,1.79E-01,1.05E-02,2.26E-01
80,64,OMP,0.0014376,5.84E-05,8.21E-03,1.92E-01,1.03E-02,2.40E-01
81,64,OMP,0.0014886,5.32E-05,7.93E-03,2.11E-01,9.79E-03,2.60E-01
82,64,OMP,0.0014892,5.98E-05,7.92E-03,1.87E-01,9.66E-03,2.28E-01
83,64,OMP,0.001463,5.50E-05,8.07E-03,2.04E-01,9.72E-03,2.45E-01
84,64,OMP,0.0017066,5.96E-05,6.91E-03,1.88E-01,8.23E-03,2.24E-01
85,64,OMP,0.002112,5.38E-05,5.59E-03,2.08E-01,6.57E-03,2.45E-01
86,64,OMP,0.001733,6.02E-05,6.81E-03,1.86E-01,7.92E-03,2.16E-01
87,64,OMP,0.0019628,5.72E-05,6.01E-03,1.96E-01,6.91E-03,2.25E-01
88,64,OMP,0.0023646,5.60E-05,4.99E-03,2.00E-01,5.67E-03,2.27E-01
89,64,OMP,0.0024142,5.78E-05,4.89E-03,1.94E-01,5.49E-03,2.18E-01
90,64,OMP,0.003973,5.60E-05,2.97E-03,2.00E-01,3.30E-03,2.22E-01
91,64,OMP,0.0074792,0.0038362,1.58E-03,2.92E-03,1.73E-03,3.21E-03
92,64,OMP,0.0041798,5.78E-05,2.82E-03,1.94E-01,3.07E-03,2.11E-01
93,64,OMP,0.007737,0.0057232,1.53E-03,1.96E-03,1.64E-03,2.10E-03
94,64,OMP,0.0081882,0.002895,1.44E-03,3.87E-03,1.53E-03,4.12E-03
95,64,OMP,0.0100502,0.0076138,1.17E-03,1.47E-03,1.24E-03,1.55E-03
96,64,OMP,0.0116592,0.0085494,1.01E-03,1.31E-03,1.05E-03,1.36E-03
1,128,SEQ,4.54E-05,5.62E-05,0,0,0,0
1,128,OMP,6.64E-05,5.42E-05,6.84E-01,1.04E+00,6.84E+01,1.04E+02
2,128,OMP,0.0001262,8.54E-05,3.60E-01,6.58E-01,1.80E+01,3.29E+01
3,128,OMP,0.0001706,8.74E-05,2.66E-01,6.43E-01,8.87E+00,2.14E+01
4,128,OMP,0.0001832,8.80E-05,2.48E-01,6.39E-01,6.20E+00,1.60E+01
5,128,OMP,0.0002066,9.54E-05,2.20E-01,5.89E-01,4.39E+00,1.18E+01
6,128,OMP,0.0002438,8.42E-05,1.86E-01,6.67E-01,3.10E+00,1.11E+01
7,128,OMP,0.0002392,8.78E-05,1.90E-01,6.40E-01,2.71E+00,9.14E+00
8,128,OMP,0.00024,8.60E-05,1.89E-01,6.53E-01,2.36E+00,8.17E+00
9,128,OMP,0.0002418,8.54E-05,1.88E-01,6.58E-01,2.09E+00,7.31E+00
10,128,OMP,0.0002866,8.22E-05,1.58E-01,6.84E-01,1.58E+00,6.84E+00
11,128,OMP,0.0002538,8.36E-05,1.79E-01,6.72E-01,1.63E+00,6.11E+00
12,128,OMP,0.0003474,7.42E-05,1.31E-01,7.57E-01,1.09E+00,6.31E+00
13,128,OMP,0.0002938,8.34E-05,1.55E-01,6.74E-01,1.19E+00,5.18E+00
14,128,OMP,0.000326,9.08E-05,1.39E-01,6.19E-01,9.95E-01,4.42E+00
15,128,OMP,0.0003866,7.96E-05,1.17E-01,7.06E-01,7.83E-01,4.71E+00
16,128,OMP,0.0003264,7.64E-05,1.39E-01,7.36E-01,8.69E-01,4.60E+00
17,128,OMP,0.0003452,8.06E-05,1.32E-01,6.97E-01,7.74E-01,4.10E+00
18,128,OMP,0.0003786,9.06E-05,1.20E-01,6.20E-01,6.66E-01,3.45E+00
19,128,OMP,0.000355,7.54E-05,1.28E-01,7.45E-01,6.73E-01,3.92E+00
20,128,OMP,0.0003872,7.74E-05,1.17E-01,7.26E-01,5.86E-01,3.63E+00
21,128,OMP,0.000433,8.32E-05,1.05E-01,6.75E-01,4.99E-01,3.22E+00
22,128,OMP,0.0004272,7.30E-05,1.06E-01,7.70E-01,4.83E-01,3.50E+00
23,128,OMP,0.0005162,6.48E-05,8.80E-02,8.67E-01,3.82E-01,3.77E+00
24,128,OMP,0.0004454,7.60E-05,1.02E-01,7.39E-01,4.25E-01,3.08E+00
25,128,OMP,0.000471,7.82E-05,9.64E-02,7.19E-01,3.86E-01,2.87E+00
26,128,OMP,0.0005262,7.58E-05,8.63E-02,7.41E-01,3.32E-01,2.85E+00
27,128,OMP,0.0005868,8.14E-05,7.74E-02,6.90E-01,2.87E-01,2.56E+00
28,128,OMP,0.0005258,7.50E-05,8.63E-02,7.49E-01,3.08E-01,2.68E+00
29,128,OMP,0.000517,9.36E-05,8.78E-02,6.00E-01,3.03E-01,2.07E+00
30,128,OMP,0.0005744,7.56E-05,7.90E-02,7.43E-01,2.63E-01,2.48E+00
31,128,OMP,0.00061,7.58E-05,7.44E-02,7.41E-01,2.40E-01,2.39E+00
32,128,OMP,0.0006042,8.62E-05,7.51E-02,6.52E-01,2.35E-01,2.04E+00
33,128,OMP,0.000596,6.88E-05,7.62E-02,8.17E-01,2.31E-01,2.48E+00
34,128,OMP,0.0006406,6.24E-05,7.09E-02,9.01E-01,2.08E-01,2.65E+00
35,128,OMP,0.0006298,8.56E-05,7.21E-02,6.57E-01,2.06E-01,1.88E+00
36,128,OMP,0.0006694,8.60E-05,6.78E-02,6.53E-01,1.88E-01,1.82E+00
37,128,OMP,0.0007214,8.82E-05,6.29E-02,6.37E-01,1.70E-01,1.72E+00
38,128,OMP,0.0007498,7.54E-05,6.05E-02,7.45E-01,1.59E-01,1.96E+00
39,128,OMP,0.0007202,8.30E-05,6.30E-02,6.77E-01,1.62E-01,1.74E+00
40,128,OMP,0.0007746,7.30E-05,5.86E-02,7.70E-01,1.47E-01,1.92E+00
41,128,OMP,0.0007072,9.50E-05,6.42E-02,5.92E-01,1.57E-01,1.44E+00
42,128,OMP,0.0007632,7.28E-05,5.95E-02,7.72E-01,1.42E-01,1.84E+00
43,128,OMP,0.0007558,8.90E-05,6.01E-02,6.31E-01,1.40E-01,1.47E+00
44,128,OMP,0.0007616,9.64E-05,5.96E-02,5.83E-01,1.35E-01,1.32E+00
45,128,OMP,0.0007938,9.70E-05,5.72E-02,5.79E-01,1.27E-01,1.29E+00
46,128,OMP,0.0009084,8.36E-05,5.00E-02,6.72E-01,1.09E-01,1.46E+00
47,128,OMP,0.0008722,8.12E-05,5.21E-02,6.92E-01,1.11E-01,1.47E+00
48,128,OMP,0.000892,7.54E-05,5.09E-02,7.45E-01,1.06E-01,1.55E+00
49,128,OMP,0.0009014,7.64E-05,5.04E-02,7.36E-01,1.03E-01,1.50E+00
50,128,OMP,0.0008898,8.36E-05,5.10E-02,6.72E-01,1.02E-01,1.34E+00
51,128,OMP,0.0009306,7.92E-05,4.88E-02,7.10E-01,9.57E-02,1.39E+00
52,128,OMP,0.0009262,8.60E-05,4.90E-02,6.53E-01,9.43E-02,1.26E+00
53,128,OMP,0.000957,9.16E-05,4.74E-02,6.14E-01,8.95E-02,1.16E+00
54,128,OMP,0.0009468,9.72E-05,4.80E-02,5.78E-01,8.88E-02,1.07E+00
55,128,OMP,0.0009956,8.24E-05,4.56E-02,6.82E-01,8.29E-02,1.24E+00
56,128,OMP,0.0009884,7.94E-05,4.59E-02,7.08E-01,8.20E-02,1.26E+00
57,128,OMP,0.0010878,7.62E-05,4.17E-02,7.38E-01,7.32E-02,1.29E+00
58,128,OMP,0.0010108,8.42E-05,4.49E-02,6.67E-01,7.74E-02,1.15E+00
59,128,OMP,0.001065,8.68E-05,4.26E-02,6.47E-01,7.23E-02,1.10E+00
60,128,OMP,0.0010742,8.42E-05,4.23E-02,6.67E-01,7.04E-02,1.11E+00
61,128,OMP,0.0011336,7.88E-05,4.00E-02,7.13E-01,6.57E-02,1.17E+00
62,128,OMP,0.0011082,9.12E-05,4.10E-02,6.16E-01,6.61E-02,9.94E-01
63,128,OMP,0.0010788,9.38E-05,4.21E-02,5.99E-01,6.68E-02,9.51E-01
64,128,OMP,0.0011454,9.12E-05,3.96E-02,6.16E-01,6.19E-02,9.63E-01
65,128,OMP,0.001166,8.18E-05,3.89E-02,6.87E-01,5.99E-02,1.06E+00
66,128,OMP,0.0011922,8.40E-05,3.81E-02,6.69E-01,5.77E-02,1.01E+00
67,128,OMP,0.001205,8.26E-05,3.77E-02,6.80E-01,5.62E-02,1.02E+00
68,128,OMP,0.0012096,8.72E-05,3.75E-02,6.44E-01,5.52E-02,9.48E-01
69,128,OMP,0.001243,7.12E-05,3.65E-02,7.89E-01,5.29E-02,1.14E+00
70,128,OMP,0.0014284,8.38E-05,3.18E-02,6.71E-01,4.54E-02,9.58E-01
71,128,OMP,0.0012674,8.82E-05,3.58E-02,6.37E-01,5.05E-02,8.97E-01
72,128,OMP,0.0013458,8.58E-05,3.37E-02,6.55E-01,4.69E-02,9.10E-01
73,128,OMP,0.001301,9.82E-05,3.49E-02,5.72E-01,4.78E-02,7.84E-01
74,128,OMP,0.0014206,8.56E-05,3.20E-02,6.57E-01,4.32E-02,8.87E-01
75,128,OMP,0.0013636,8.26E-05,3.33E-02,6.80E-01,4.44E-02,9.07E-01
76,128,OMP,0.0014188,8.66E-05,3.20E-02,6.49E-01,4.21E-02,8.54E-01
77,128,OMP,0.0015084,8.46E-05,3.01E-02,6.64E-01,3.91E-02,8.63E-01
78,128,OMP,0.0015474,9.82E-05,2.93E-02,5.72E-01,3.76E-02,7.34E-01
79,128,OMP,0.001417,7.58E-05,3.20E-02,7.41E-01,4.06E-02,9.39E-01
80,128,OMP,0.0015254,9.22E-05,2.98E-02,6.10E-01,3.72E-02,7.62E-01
81,128,OMP,0.0015602,8.46E-05,2.91E-02,6.64E-01,3.59E-02,8.20E-01
82,128,OMP,0.0015616,8.58E-05,2.91E-02,6.55E-01,3.55E-02,7.99E-01
83,128,OMP,0.001543,8.50E-05,2.94E-02,6.61E-01,3.54E-02,7.97E-01
84,128,OMP,0.00159,9.08E-05,2.86E-02,6.19E-01,3.40E-02,7.37E-01
85,128,OMP,0.0018016,8.76E-05,2.52E-02,6.42E-01,2.96E-02,7.55E-01
86,128,OMP,0.0020864,7.70E-05,2.18E-02,7.30E-01,2.53E-02,8.49E-01
87,128,OMP,0.0024444,9.28E-05,1.86E-02,6.06E-01,2.13E-02,6.96E-01
88,128,OMP,0.0018132,8.42E-05,2.50E-02,6.67E-01,2.85E-02,7.58E-01
89,128,OMP,0.005242,9.76E-05,8.66E-03,5.76E-01,9.73E-03,6.47E-01
90,128,OMP,0.0033346,0.0001034,1.36E-02,5.44E-01,1.51E-02,6.04E-01
91,128,OMP,0.0054238,0.0010332,8.37E-03,5.44E-02,9.20E-03,5.98E-02
92,128,OMP,0.007145,0.0001052,6.35E-03,5.34E-01,6.91E-03,5.81E-01
93,128,OMP,0.0072904,0.0032942,6.23E-03,1.71E-02,6.70E-03,1.83E-02
94,128,OMP,0.0082286,0.0010584,5.52E-03,5.31E-02,5.87E-03,5.65E-02
95,128,OMP,0.0086092,0.0057112,5.27E-03,9.84E-03,5.55E-03,1.04E-02
96,128,OMP,0.010498,0.0085768,4.32E-03,6.55E-03,4.50E-03,6.83E-03
1,256,SEQ,0.0001792,0.0004318,0,0,0,0
1,256,OMP,0.0002286,0.0004246,0.7839020122,1.016957136,78.39020122,101.6957136
2,256,OMP,0.0003488,0.0003812,0.5137614679,1.13273872,25.68807339,56.63693599
3,256,OMP,0.0003126,0.0004044,0.5732565579,1.067754698,19.10855193,35.59182328
4,256,OMP,0.0003004,0.0002946,0.5965379494,1.465716225,14.91344874,36.64290563
5,256,OMP,0.0002902,0.0004106,0.6175051688,1.051631758,12.35010338,21.03263517
6,256,OMP,0.0003092,0.0003512,0.5795601552,1.229498861,9.659335921,20.49164768
7,256,OMP,0.000314,0.0003618,0.5707006369,1.193477059,8.152866242,17.04967227
8,256,OMP,0.000297,0.0004276,0.6033670034,1.009822264,7.542087542,12.6227783
9,256,OMP,0.0003422,0.000386,0.5236703682,1.11865285,5.818559647,12.42947611
10,256,OMP,0.0003406,0.0004342,0.5261303582,0.9944725933,5.261303582,9.944725933
11,256,OMP,0.0003174,0.0004276,0.5645872716,1.009822264,5.13261156,9.180202398
12,256,OMP,0.000321,0.00043,0.5582554517,1.004186047,4.652128764,8.368217054
13,256,OMP,0.0003482,0.0004578,0.5146467547,0.9432066405,3.95882119,7.255435696
14,256,OMP,0.0003702,0.0004902,0.4840626688,0.8808649531,3.457590492,6.291892522
15,256,OMP,0.0003886,0.0004818,0.461142563,0.896222499,3.074283754,5.97481666
16,256,OMP,0.0003914,0.0004856,0.4578436382,0.8892092257,2.861522739,5.557557661
17,256,OMP,0.0005324,0.0005072,0.3365890308,0.851340694,1.979935475,5.007886435
18,256,OMP,0.0004456,0.0005002,0.4021543986,0.8632546981,2.234191103,4.795859434
19,256,OMP,0.0004836,0.0005154,0.370554177,0.8377958867,1.950285142,4.409452035
20,256,OMP,0.0005056,0.0004992,0.3544303797,0.8649839744,1.772151899,4.324919872
21,256,OMP,0.000473,0.0004544,0.378858351,0.9502640845,1.804087385,4.525067069
22,256,OMP,0.0005248,0.0004878,0.3414634146,0.885198852,1.55210643,4.023631145
23,256,OMP,0.0005266,0.000483,0.34029624,0.8939958592,1.47954887,3.886938518
24,256,OMP,0.000532,0.0005106,0.3368421053,0.8456717587,1.403508772,3.523632328
25,256,OMP,0.0005682,0.0004902,0.3153819078,0.8808649531,1.261527631,3.523459812
26,256,OMP,0.000596,0.0004448,0.3006711409,0.9707733813,1.156427465,3.733743774
27,256,OMP,0.0005988,0.0005026,0.2992651971,0.8591325109,1.108389619,3.181972263
28,256,OMP,0.0005998,0.000435,0.2987662554,0.9926436782,1.067022341,3.545155993
29,256,OMP,0.0006086,0.000483,0.2944462701,0.8939958592,1.015331966,3.082744342
30,256,OMP,0.0006282,0.0004718,0.2852594715,0.9152183128,0.950864905,3.050727709
31,256,OMP,0.000668,0.0004472,0.2682634731,0.9655635063,0.8653660421,3.114720988
32,256,OMP,0.000636,0.0004768,0.2817610063,0.9056208054,0.8805031447,2.830065017
33,256,OMP,0.0006728,0.0004274,0.2663495838,1.010294806,0.807119951,3.061499412
34,256,OMP,0.000752,0.0004728,0.2382978723,0.9132825719,0.7008760951,2.686125212
35,256,OMP,0.0007074,0.000469,0.2533220243,0.9206823028,0.7237772123,2.630520865
36,256,OMP,0.0006834,0.0004918,0.2622183202,0.8779991867,0.7283842227,2.43888663
37,256,OMP,0.000691,0.0004376,0.2593342981,0.9867458867,0.7009035084,2.666880775
38,256,OMP,0.0007436,0.0004032,0.2409897795,1.07093254,0.6341836301,2.818243525
39,256,OMP,0.0007488,0.0004578,0.2393162393,0.9432066405,0.6136313829,2.418478565
40,256,OMP,0.0007454,0.0004746,0.2404078347,0.9098187948,0.6010195868,2.274546987
41,256,OMP,0.0008222,0.000468,0.2179518365,0.9226495726,0.5315898452,2.250364811
42,256,OMP,0.0007868,0.0004344,0.2277580071,0.994014733,0.5422809693,2.366701745
43,256,OMP,0.0008178,0.0004794,0.2191244803,0.9007092199,0.5095918147,2.094672604
44,256,OMP,0.000846,0.0004592,0.211820331,0.9403310105,0.4814098431,2.137115933
45,256,OMP,0.0008402,0.0004596,0.2132825518,0.9395126197,0.4739612262,2.087805821
46,256,OMP,0.0008658,0.0004322,0.206976207,0.9990745025,0.449948276,2.171901092
47,256,OMP,0.0009338,0.0004372,0.191904048,0.9876486734,0.4083064851,2.101380156
48,256,OMP,0.0009008,0.000417,0.1989342806,1.035491607,0.414446418,2.157274181
49,256,OMP,0.0009332,0.0004322,0.1920274325,0.9990745025,0.3918927194,2.038927556
50,256,OMP,0.0009366,0.0004328,0.1913303438,0.997689464,0.3826606876,1.995378928
51,256,OMP,0.0009778,0.0004302,0.1832685621,1.0037192,0.3593501217,1.968076863
52,256,OMP,0.0009794,0.0004456,0.1829691648,0.9690305206,0.3518637785,1.863520232
53,256,OMP,0.0009562,0.0004404,0.1874084919,0.9804722979,0.3536009282,1.849947732
54,256,OMP,0.0009962,0.0004458,0.1798835575,0.9685957829,0.3331176991,1.793695894
55,256,OMP,0.0010324,0.0004258,0.1735761333,1.014091123,0.3155929696,1.843802041
56,256,OMP,0.0010716,0.0004526,0.1672265771,0.9540433053,0.2986188876,1.70364876
57,256,OMP,0.0010498,0.0004254,0.1706991808,1.015044664,0.299472247,1.780780112
58,256,OMP,0.0010864,0.0004296,0.1649484536,1.005121043,0.2843938855,1.732967315
59,256,OMP,0.0010662,0.000395,0.1680735322,1.093164557,0.2848703935,1.852821283
60,256,OMP,0.0011568,0.0004434,0.1549100968,0.9738385205,0.2581834947,1.623064201
61,256,OMP,0.0011216,0.0004342,0.1597717546,0.9944725933,0.2619209092,1.63028294
62,256,OMP,0.0011366,0.0004218,0.1576632061,1.023707918,0.2542954936,1.651141804
63,256,OMP,0.0011248,0.0004212,0.1593172119,1.025166192,0.2528844634,1.627247924
64,256,OMP,0.001196,0.0004266,0.1498327759,1.012189405,0.2341137124,1.581545945
65,256,OMP,0.001187,0.0004262,0.150968829,1.013139371,0.2322597369,1.558675956
66,256,OMP,0.0012344,0.0004326,0.1451717434,0.9981507166,0.2199571869,1.512349571
67,256,OMP,0.0012466,0.0004078,0.1437510027,1.058852379,0.2145537354,1.580376685
68,256,OMP,0.0012534,0.0004674,0.1429711186,0.9238339752,0.2102516449,1.358579375
69,256,OMP,0.00146,0.0004404,0.122739726,0.9804722979,0.1778836609,1.420974345
70,256,OMP,0.001304,0.0004154,0.1374233129,1.039480019,0.1963190184,1.484971456
71,256,OMP,0.0013598,0.0004052,0.1317840859,1.065646594,0.1856113886,1.500910696
72,256,OMP,0.0013144,0.000435,0.1363359708,0.9926436782,0.189355515,1.378671775
73,256,OMP,0.001383,0.0004346,0.1295733912,0.9935572941,0.1774977961,1.361037389
74,256,OMP,0.001375,0.0004592,0.1303272727,0.9403310105,0.1761179361,1.270717582
75,256,OMP,0.001496,0.0004456,0.1197860963,0.9690305206,0.159714795,1.292040694
76,256,OMP,0.0014312,0.0004068,0.1252096143,1.061455261,0.1647494925,1.396651659
77,256,OMP,0.001463,0.0004556,0.1224880383,0.947761194,0.1590753744,1.230858694
78,256,OMP,0.0014558,0.0004318,0.1230938316,1,0.1578126046,1.282051282
79,256,OMP,0.0015194,0.000471,0.1179412926,0.9167728238,0.1492927755,1.160471929
80,256,OMP,0.0014948,0.0004426,0.1198822585,0.9755987347,0.1498528231,1.219498418
81,256,OMP,0.0015616,0.0004268,0.1147540984,1.011715089,0.1416717264,1.249030974
82,256,OMP,0.0015216,0.000456,0.1177707676,0.9469298246,0.1436228873,1.154792469
83,256,OMP,0.001631,0.0004282,0.1098712446,1.008407286,0.1323749935,1.214948538
84,256,OMP,0.0015856,0.0004436,0.1130171544,0.973399459,0.1345442314,1.15880888
85,256,OMP,0.001865,0.0004042,0.09608579088,1.068283028,0.1130421069,1.256803563
86,256,OMP,0.0038376,0.000434,0.04669585157,0.9949308756,0.05429750183,1.156896367
87,256,OMP,0.0020732,0.0004346,0.08643642678,0.9935572941,0.09935221469,1.142019878
88,256,OMP,0.0041114,0.0013556,0.04358612638,0.31853054,0.04952968907,0.3619665227
89,256,OMP,0.0032086,0.000426,0.05584990338,1.013615023,0.06275270043,1.138893285
90,256,OMP,0.0033624,0.0004108,0.05329526529,1.051119766,0.05921696143,1.167910851
91,256,OMP,0.003557,0.0004048,0.05037953331,1.066699605,0.05536212452,1.172197368
92,256,OMP,0.0063118,0.0025028,0.02839126715,0.17252677,0.03086007299,0.1875290978
93,256,OMP,0.0058014,0.0013416,0.03088909574,0.3218545021,0.03321408144,0.3460801098
94,256,OMP,0.0087378,0.0050432,0.02050859484,0.08562024112,0.02181765409,0.09108536289
95,256,OMP,0.0100134,0.0050754,0.01789601933,0.08507703826,0.01883791509,0.08955477712
96,256,OMP,0.0086912,0.0049778,0.0206185567,0.08674514846,0.02147766323,0.09035952964
1,512,SEQ,0.0011368,0.0030544,0,0,0,0
1,512,OMP,0.000866,0.0019794,1.312702079,1.543093867,131.2702079,154.3093867
2,512,OMP,0.0009052,0.0011772,1.25585506,2.594631329,62.79275298,129.7315664
3,512,OMP,0.0008498,0.0009844,1.337726524,3.102803738,44.59088413,103.4267913
4,512,OMP,0.0007556,0.0008392,1.504499735,3.639656816,37.61249338,90.9914204
5,512,OMP,0.0006242,0.0007468,1.82121115,4.089983931,36.42422301,81.79967863
6,512,OMP,0.0006796,0.0006916,1.672748676,4.41642568,27.87914459,73.60709466
7,512,OMP,0.0005268,0.0006558,2.1579347,4.657517536,30.82763857,66.5359648
8,512,OMP,0.0005356,0.0006382,2.122479462,4.785960514,26.53099328,59.82450642
9,512,OMP,0.0005486,0.0006496,2.07218374,4.701970443,23.02426378,52.24411604
10,512,OMP,0.0005304,0.0007074,2.143288084,4.317783432,21.43288084,43.17783432
11,512,OMP,0.0005462,0.0007128,2.081288905,4.285072952,18.92080823,38.95520865
12,512,OMP,0.0005154,0.000822,2.205665503,3.715815085,18.38054585,30.96512571
13,512,OMP,0.0004976,0.000754,2.284565916,4.050928382,17.57358397,31.16098755
14,512,OMP,0.0006172,0.0009148,1.841866494,3.338871885,13.15618924,23.84908489
15,512,OMP,0.0005258,0.0009344,2.162038798,3.268835616,14.41359199,21.79223744
16,512,OMP,0.0005162,0.0009602,2.202247191,3.181003958,13.76404494,19.88127473
17,512,OMP,0.0005344,0.000975,2.127245509,3.132717949,12.51320888,18.42775264
18,512,OMP,0.0005592,0.0010096,2.032904149,3.025356577,11.29391194,16.80753654
19,512,OMP,0.000567,0.0010168,2.004938272,3.00393391,10.55230669,15.81017848
20,512,OMP,0.0005742,0.001083,1.97979798,2.820313943,9.898989899,14.10156971
21,512,OMP,0.0005732,0.0010956,1.983251919,2.787878788,9.444056757,13.27561328
22,512,OMP,0.000606,0.0011328,1.875907591,2.696327684,8.526852685,12.25603493
23,512,OMP,0.000588,0.0011526,1.933333333,2.650008676,8.405797101,11.52177685
24,512,OMP,0.0006556,0.0011968,1.733984137,2.552139037,7.224933903,10.63391266
25,512,OMP,0.0006288,0.0012166,1.807888041,2.510603321,7.231552163,10.04241328
26,512,OMP,0.000668,0.0012332,1.701796407,2.476808304,6.545370797,9.526185783
27,512,OMP,0.0006748,0.0013422,1.684647303,2.275666816,6.239434455,8.428395614
28,512,OMP,0.0006734,0.001394,1.688149688,2.191104735,6.029106029,7.825374052
29,512,OMP,0.0007164,0.0014206,1.586823004,2.150077432,5.471803462,7.414060111
30,512,OMP,0.000761,0.0013832,1.493823916,2.20821284,4.979413053,7.360709466
31,512,OMP,0.000737,0.0014804,1.542469471,2.063226155,4.97570797,6.655568242
32,512,OMP,0.0007988,0.001531,1.423134702,1.995035924,4.447295944,6.234487263
33,512,OMP,0.0008086,0.0014426,1.405886718,2.11728823,4.260262781,6.416024938
34,512,OMP,0.0007992,0.0016078,1.422422422,1.899738773,4.18359536,5.587466981
35,512,OMP,0.000816,0.001558,1.393137255,1.960462131,3.980392157,5.601320374
36,512,OMP,0.0008916,0.0016656,1.275011216,1.833813641,3.541697822,5.09392678
37,512,OMP,0.0008718,0.0016634,1.3039688,1.836239028,3.52424,4.962808185
38,512,OMP,0.0009064,0.0016534,1.25419241,1.847344865,3.300506341,4.861433856
39,512,OMP,0.0009678,0.0017262,1.174622856,1.769435755,3.011853477,4.537014756
40,512,OMP,0.0009052,0.0018188,1.25585506,1.679349021,3.139637649,4.198372553
41,512,OMP,0.0009508,0.0018444,1.195624737,1.656039905,2.916157895,4.039121718
42,512,OMP,0.0009298,0.0018716,1.222628522,1.631972644,2.911020291,3.885649152
43,512,OMP,0.0009716,0.00185,1.170028818,1.651027027,2.720997252,3.839597737
44,512,OMP,0.00104,0.0019334,1.093076923,1.579807593,2.484265734,3.590471802
45,512,OMP,0.000985,0.0019026,1.154111675,1.605382109,2.564692611,3.567515797
46,512,OMP,0.0010638,0.0020188,1.068621921,1.512978007,2.323091134,3.289082623
47,512,OMP,0.0010416,0.0019398,1.091397849,1.574595319,2.322123084,3.350202807
48,512,OMP,0.001035,0.0021304,1.098357488,1.433721367,2.288244767,2.986919514
49,512,OMP,0.0010576,0.0020502,1.074886536,1.489805873,2.193645991,3.040420148
50,512,OMP,0.0010788,0.0020678,1.053763441,1.477125447,2.107526882,2.954250895
51,512,OMP,0.001081,0.0022436,1.051618871,1.361383491,2.061997787,2.669379394
52,512,OMP,0.0011014,0.0022466,1.032140912,1.359565566,1.984886368,2.614549165
53,512,OMP,0.001105,0.0021944,1.028778281,1.391906672,1.941091095,2.626239003
54,512,OMP,0.001114,0.0023198,1.020466786,1.31666523,1.889753308,2.438268944
55,512,OMP,0.001171,0.0024708,0.970794193,1.236198802,1.765080351,2.247634185
56,512,OMP,0.0011788,0.002389,0.9643705463,1.27852658,1.722090261,2.283083179
57,512,OMP,0.0012462,0.0024556,0.9122131279,1.24385079,1.600373909,2.182194368
58,512,OMP,0.0012028,0.0024018,0.9451280346,1.271712882,1.629531094,2.192608417
59,512,OMP,0.0012158,0.0024066,0.9350222076,1.269176431,1.584783403,2.151146494
60,512,OMP,0.0012292,0.0025412,0.9248291572,1.201951834,1.541381929,2.003253056
61,512,OMP,0.0012982,0.0024992,0.8756740102,1.222151088,1.435531164,2.003526374
62,512,OMP,0.0012582,0.0025696,0.903512955,1.188667497,1.45727896,1.91720564
63,512,OMP,0.0012594,0.0025266,0.9026520565,1.208897332,1.432781042,1.918884655
64,512,OMP,0.0013378,0.0025612,0.8497533264,1.192565985,1.327739572,1.863384351
65,512,OMP,0.001355,0.002621,0.8389667897,1.165356734,1.290718138,1.792856514
66,512,OMP,0.0013566,0.0025536,0.8379772962,1.196115288,1.26966257,1.812295891
67,512,OMP,0.0013846,0.0024892,0.8210313448,1.227060903,1.225419918,1.831434184
68,512,OMP,0.001554,0.0026164,0.7315315315,1.167405595,1.075781664,1.716772935
69,512,OMP,0.0014728,0.0026184,0.7718631179,1.166513902,1.1186422,1.690599857
70,512,OMP,0.001529,0.0026796,0.7434924787,1.139871623,1.062132112,1.628388032
71,512,OMP,0.0015764,0.0026042,0.7211367673,1.172874587,1.015685588,1.651936038
72,512,OMP,0.0015096,0.0025506,0.7530471648,1.197522152,1.04589884,1.663225211
73,512,OMP,0.0015186,0.0025286,0.7485842223,1.207941153,1.025457839,1.654713909
74,512,OMP,0.0015264,0.0026224,0.7447589099,1.164734594,1.006430959,1.573965668
75,512,OMP,0.0016486,0.0026526,0.6895547737,1.151474025,0.919406365,1.535298701
76,512,OMP,0.0016434,0.002752,0.6917366435,1.109883721,0.9101797941,1.460373317
77,512,OMP,0.0015438,0.0026112,0.7363648141,1.169730392,0.9563179404,1.519130379
78,512,OMP,0.0016176,0.0025862,0.7027695351,1.181037816,0.9009865835,1.514151046
79,512,OMP,0.0017476,0.0026562,0.6504921035,1.14991341,0.8234077259,1.455586595
80,512,OMP,0.0017772,0.0027722,0.6396578888,1.101796407,0.799572361,1.377245509
81,512,OMP,0.0017042,0.002804,0.6670578571,1.089300999,0.8235282186,1.344816048
82,512,OMP,0.0017028,0.0025688,0.6676062955,1.189037683,0.8141540189,1.450045955
83,512,OMP,0.0018006,0.0026784,0.6313451072,1.140382318,0.7606567556,1.3739546
84,512,OMP,0.0018724,0.002545,0.6071352275,1.200157171,0.7227800328,1.428758537
85,512,OMP,0.002163,0.0025892,0.525566343,1.179669396,0.6183133448,1.387846348
86,512,OMP,0.001995,0.002645,0.5698245614,1.154782609,0.6625866993,1.342770475
87,512,OMP,0.0025152,0.0026626,0.4519720102,1.147149403,0.5195080577,1.318562532
88,512,OMP,0.0038886,0.0027218,0.2923417168,1.122198545,0.3322064964,1.275225619
89,512,OMP,0.0047336,0.0027226,0.2401554842,1.121868802,0.2698376227,1.260526744
90,512,OMP,0.0039016,0.0026548,0.291367644,1.150519813,0.3237418267,1.278355348
91,512,OMP,0.0050266,0.0036122,0.2261568456,0.8455788716,0.2485240061,0.9292075512
92,512,OMP,0.0077588,0.0053216,0.1465175027,0.573962718,0.1592581551,0.6238725195
93,512,OMP,0.0089544,0.006401,0.1269543465,0.4771754413,0.13651005,0.5130918724
94,512,OMP,0.0079462,0.0057312,0.1430620926,0.5329424902,0.1521937155,0.566960096
95,512,OMP,0.0082712,0.0063252,0.1374407583,0.4828938215,0.1446744824,0.5083092858
96,512,OMP,0.0108664,0.0067514,0.1046160642,0.4524098705,0.1089750669,0.4712602818
1,1024,SEQ,0.0050552,0.021889,0,0,0,0
1,1024,OMP,0.0035262,0.0097576,1.433611253,2.243277035,143.3611253,224.3277035
2,1024,OMP,0.0026368,0.006355,1.91717233,3.444374508,95.8586165,172.2187254
3,1024,OMP,0.0021522,0.0046236,2.348852337,4.734189809,78.2950779,157.806327
4,1024,OMP,0.0019346,0.0038354,2.613046625,5.707097043,65.32616562,142.6774261
5,1024,OMP,0.00151,0.0031288,3.34781457,6.995972897,66.95629139,139.9194579
6,1024,OMP,0.0015156,0.0026362,3.335444708,8.303239511,55.59074514,138.3873252
7,1024,OMP,0.0014668,0.0023396,3.446413962,9.355872799,49.23448518,133.6553257
8,1024,OMP,0.001331,0.0021002,3.798046582,10.42234073,47.47558227,130.2792591
9,1024,OMP,0.0013046,0.0019604,3.874904185,11.16557845,43.05449095,124.0619828
10,1024,OMP,0.0012492,0.0017328,4.04674992,12.63215605,40.4674992,126.3215605
11,1024,OMP,0.0010926,0.0016256,4.626761852,13.46518209,42.06147139,122.4107462
12,1024,OMP,0.0010994,0.0015656,4.598144442,13.98122126,38.31787035,116.5101771
13,1024,OMP,0.0011146,0.0014376,4.535438722,15.22607123,34.88799017,117.1236248
14,1024,OMP,0.0010758,0.0013858,4.699014687,15.79520854,33.56439062,112.8229182
15,1024,OMP,0.0011338,0.0013522,4.45863468,16.18769413,29.7242312,107.9179609
16,1024,OMP,0.0011252,0.001345,4.492712407,16.27434944,28.07945254,101.714684
17,1024,OMP,0.0010294,0.001333,4.910821838,16.42085521,28.88718728,96.59326596
18,1024,OMP,0.0010452,0.001306,4.836586299,16.76033691,26.86992388,93.11298281
19,1024,OMP,0.0010458,0.0012742,4.833811436,17.17862188,25.44111282,90.41379937
20,1024,OMP,0.0010582,0.0012276,4.777168777,17.83072662,23.88584389,89.15363311
21,1024,OMP,0.0010512,0.0012268,4.808980213,17.84235409,22.89990578,84.96359091
22,1024,OMP,0.0010656,0.0013824,4.743993994,15.83405671,21.56360906,71.97298506
23,1024,OMP,0.0010338,0.0013638,4.889920681,16.05000733,21.2605247,69.78264058
24,1024,OMP,0.0010508,0.0014524,4.810810811,15.0709171,20.04504505,62.79548793
25,1024,OMP,0.0010162,0.0013232,4.974611297,16.54247279,19.89844519,66.16989117
26,1024,OMP,0.0011278,0.0015368,4.482355027,14.24323269,17.23982703,54.7816642
27,1024,OMP,0.0010328,0.0015172,4.894655306,14.42723438,18.12835299,53.4342014
28,1024,OMP,0.001049,0.0018714,4.819065777,11.69659079,17.2109492,41.77353853
29,1024,OMP,0.0010648,0.0013614,4.747558227,16.07830175,16.37089044,55.44241982
30,1024,OMP,0.0011034,0.0020464,4.58147544,10.6963448,15.2715848,35.65448267
31,1024,OMP,0.0011014,0.001876,4.589794807,11.66791045,14.8057897,37.6384208
32,1024,OMP,0.0011416,0.0014638,4.428170988,14.95354557,13.83803434,46.72982989
33,1024,OMP,0.0011454,0.002282,4.413480007,9.59202454,13.37418184,29.06674103
34,1024,OMP,0.001167,0.0020686,4.331790917,10.58155274,12.74056152,31.12221394
35,1024,OMP,0.0012226,0.0019844,4.1347947,11.0305382,11.81369914,31.51582342
36,1024,OMP,0.0012198,0.0020798,4.144285949,10.52456967,11.51190541,29.23491575
37,1024,OMP,0.00123,0.0018338,4.109918699,11.93641618,11.10788838,32.26058428
38,1024,OMP,0.0011692,0.001805,4.323640096,12.12686981,11.37800025,31.91281528
39,1024,OMP,0.001258,0.0026068,4.018441971,8.39688507,10.30369736,21.53047454
40,1024,OMP,0.001195,0.0026004,4.230292887,8.417551146,10.57573222,21.04387786
41,1024,OMP,0.0012224,0.0022644,4.135471204,9.666578343,10.08651513,23.57702035
42,1024,OMP,0.0012934,0.0016894,3.908458327,12.95667101,9.305853159,30.84921668
43,1024,OMP,0.0012942,0.0032474,3.906042343,6.740469299,9.083819402,15.67551
44,1024,OMP,0.0012866,0.003187,3.929115498,6.868214622,8.92980795,15.60957869
45,1024,OMP,0.0012818,0.0026084,3.94382899,8.391734397,8.764064423,18.64829866
46,1024,OMP,0.0012688,0.0026072,3.984237074,8.395596809,8.661384944,18.25129741
47,1024,OMP,0.0014248,0.0038978,3.548006738,5.615731951,7.548950506,11.94836585
48,1024,OMP,0.0014166,0.0033912,3.568544402,6.454647322,7.434467504,13.44718192
49,1024,OMP,0.0014312,0.0035018,3.532140861,6.25078531,7.208450736,12.75670472
50,1024,OMP,0.0013848,0.0023736,3.650491046,9.221857095,7.300982091,18.44371419
51,1024,OMP,0.0014538,0.0032922,3.477232081,6.64874552,6.81810212,13.03675592
52,1024,OMP,0.0014658,0.0034054,3.448765179,6.427732425,6.63224073,12.36102389
53,1024,OMP,0.0014376,0.0029072,3.516416249,7.529237755,6.63474764,14.20610897
54,1024,OMP,0.001508,0.003477,3.352254642,6.295369571,6.207878966,11.6580918
55,1024,OMP,0.0015066,0.002541,3.355369707,8.614325069,6.100672194,15.66240922
56,1024,OMP,0.001539,0.0018744,3.284730344,11.67787025,5.865589901,20.85333974
57,1024,OMP,0.0015136,0.0026308,3.339852008,8.320282804,5.859389489,14.59698737
58,1024,OMP,0.0015086,0.0028296,3.350921384,7.735722364,5.777450662,13.33745235
59,1024,OMP,0.0016336,0.0044162,3.094515181,4.956523708,5.244940985,8.400887641
60,1024,OMP,0.0016358,0.0030738,3.090353344,7.12115297,5.150588907,11.86858828
61,1024,OMP,0.0016614,0.001744,3.042735043,12.55103211,4.988090234,20.57546248
62,1024,OMP,0.0016966,0.0045384,2.979606271,4.823065397,4.805816567,7.779137738
63,1024,OMP,0.0016338,0.0031686,3.094136369,6.908098214,4.91132757,10.96523526
64,1024,OMP,0.0016274,0.0041188,3.106304535,5.314411965,4.853600836,8.303768695
65,1024,OMP,0.0017484,0.0039948,2.891329215,5.479373185,4.448198793,8.4298049
66,1024,OMP,0.001699,0.0047056,2.975397293,4.651691601,4.508177716,7.048017578
67,1024,OMP,0.0017146,0.003663,2.94832614,5.975702976,4.400486776,8.918959665
68,1024,OMP,0.0017536,0.003284,2.882755474,6.665347138,4.239346286,9.801981085
69,1024,OMP,0.001798,0.0042506,2.811568409,5.149625935,4.074736825,7.463225993
70,1024,OMP,0.0018678,0.0041522,2.706499625,5.271663215,3.866428036,7.53094745
71,1024,OMP,0.0018924,0.0035244,2.671316846,6.210702531,3.762418093,8.747468353
72,1024,OMP,0.001908,0.0039216,2.649475891,5.581650347,3.679827626,7.752292148
73,1024,OMP,0.0018822,0.0047372,2.685793221,4.620661994,3.679168795,6.329673965
74,1024,OMP,0.0019586,0.0045374,2.581027264,4.824128355,3.487874682,6.519092372
75,1024,OMP,0.0019674,0.003731,2.569482566,5.866791745,3.425976754,7.822388993
76,1024,OMP,0.0019954,0.0031502,2.533426882,6.948447718,3.333456423,9.142694365
77,1024,OMP,0.0020236,0.0042286,2.498122159,5.176417727,3.244314492,6.722620425
78,1024,OMP,0.0020396,0.0037174,2.478525201,5.888255232,3.177596412,7.549045169
79,1024,OMP,0.002046,0.004511,2.470772239,4.852360896,3.127559796,6.142228982
80,1024,OMP,0.0020914,0.0039244,2.417136846,5.577667924,3.021421058,6.972084905
81,1024,OMP,0.0020436,0.003597,2.473673909,6.085348902,3.053918406,7.512776422
82,1024,OMP,0.0021634,0.0052926,2.336692244,4.135774478,2.849624687,5.043627412
83,1024,OMP,0.0020904,0.0062842,2.41829315,3.483180039,2.913606204,4.196602456
84,1024,OMP,0.0025202,0.0053284,2.00587255,4.107987388,2.387943512,4.890461177
85,1024,OMP,0.0021766,0.006046,2.322521364,3.620410189,2.732378075,4.259306104
86,1024,OMP,0.002493,0.0064044,2.027757722,3.417806508,2.357857816,3.974193614
87,1024,OMP,0.0034716,0.0042524,1.456158544,5.147446148,1.673745452,5.916604768
88,1024,OMP,0.0023564,0.0055386,2.1453064,3.952081754,2.437848181,4.491001993
89,1024,OMP,0.0028396,0.0048824,1.78025074,4.483245945,2.00028173,5.037354994
90,1024,OMP,0.0031052,0.0042096,1.627978874,5.199781452,1.808865416,5.777534947
91,1024,OMP,0.0059786,0.0061656,0.8455491252,3.550181653,0.9291748629,3.90129852
92,1024,OMP,0.0056506,0.0058974,0.8946306587,3.711635636,0.972424629,4.034386561
93,1024,OMP,0.0076694,0.0075148,0.6591389157,2.912785437,0.7087515222,3.132027351
94,1024,OMP,0.004186,0.0076304,1.207644529,2.868656951,1.284728223,3.051762714
95,1024,OMP,0.0082288,0.0094924,0.6143301575,2.305950023,0.6466633237,2.427315814
96,1024,OMP,0.0087176,0.0102814,0.5798843718,2.128990215,0.6040462207,2.217698141
1,2048,SEQ,0.0231482,0.118614,0,0,0,0
1,2048,OMP,0.014459,0.042346,1.600954423,2.801067397,160.0954423,280.1067397
2,2048,OMP,0.0107952,0.0246262,2.144304876,4.816577466,107.2152438,240.8288733
3,2048,OMP,0.0081028,0.0188404,2.856814928,6.295726205,95.22716427,209.8575402
4,2048,OMP,0.0070348,0.015033,3.290527094,7.890241469,82.26317735,197.2560367
5,2048,OMP,0.0058072,0.0125476,3.986120678,9.453122509,79.72241356,189.0624502
6,2048,OMP,0.0051092,0.01082,4.530689736,10.96247689,75.5114956,182.7079482
7,2048,OMP,0.004698,0.0094096,4.927245636,12.6056368,70.38922338,180.0805257
8,2048,OMP,0.0041266,0.0084102,5.609509039,14.1035885,70.11886299,176.2948562
9,2048,OMP,0.0037082,0.0077322,6.242435683,15.34026538,69.36039648,170.4473932
10,2048,OMP,0.0035204,0.0070994,6.575445972,16.70760909,65.75445972,167.0760909
11,2048,OMP,0.0034906,0.0067706,6.631581963,17.51897912,60.28710875,159.2634465
12,2048,OMP,0.0032354,0.0061988,7.154664029,19.13499387,59.62220024,159.4582822
13,2048,OMP,0.0031328,0.005845,7.388981103,20.29324209,56.83831618,156.1018622
14,2048,OMP,0.0030946,0.005511,7.480191301,21.52313555,53.42993786,153.7366825
15,2048,OMP,0.0028708,0.0052388,8.063327296,22.64144461,53.7555153,150.942964
16,2048,OMP,0.0028092,0.0051232,8.240139542,23.15232667,51.50087213,144.7020417
17,2048,OMP,0.002714,0.0047278,8.529182019,25.08862473,50.17165894,147.5801455
18,2048,OMP,0.0027478,0.00463,8.424266686,25.61857451,46.80148159,142.325414
19,2048,OMP,0.0027436,0.0049872,8.437162852,23.78368624,44.40612027,125.177296
20,2048,OMP,0.0026722,0.0049864,8.662600105,23.78750201,43.31300052,118.93751
21,2048,OMP,0.0025888,0.004927,8.941671817,24.07428455,42.57938961,114.6394503
22,2048,OMP,0.0026794,0.004706,8.639322236,25.20484488,39.26964653,114.5674767
23,2048,OMP,0.0025316,0.004347,9.143703587,27.28640442,39.75523299,118.6365409
24,2048,OMP,0.0025066,0.0052954,9.234899864,22.39944102,38.47874943,93.33100427
25,2048,OMP,0.0026008,0.0042814,8.900415257,27.70448919,35.60166103,110.8179567
26,2048,OMP,0.002467,0.0041324,9.383137414,28.7034169,36.08899005,110.3977573
27,2048,OMP,0.0025156,0.0044628,9.201860391,26.57838129,34.08096441,98.4384492
28,2048,OMP,0.0025424,0.0044016,9.104861548,26.94792803,32.51736267,96.24260009
29,2048,OMP,0.0025822,0.0039986,8.964526373,29.66388236,30.91215991,102.2892495
30,2048,OMP,0.0025156,0.0039904,9.201860391,29.72483962,30.67286797,99.08279872
31,2048,OMP,0.002617,0.0041504,8.845319068,28.57893215,28.53328731,92.19010371
32,2048,OMP,0.0024602,0.0039754,9.409072433,29.83699753,29.40335135,93.2406173
33,2048,OMP,0.0025488,0.0039586,9.081999372,29.9636235,27.52121022,90.7988591
34,2048,OMP,0.0026302,0.0037284,8.800927686,31.8136466,25.88508143,93.56954884
35,2048,OMP,0.002534,0.0039208,9.13504341,30.25249949,26.10012403,86.43571283
36,2048,OMP,0.0026154,0.0034126,8.85073029,34.75766278,24.58536192,96.54906328
37,2048,OMP,0.0026442,0.0036054,8.754330232,32.89898486,23.66035198,88.91617529
38,2048,OMP,0.0027028,0.0036276,8.564525677,32.69765134,22.53822547,86.04645089
39,2048,OMP,0.0027774,0.0040322,8.33448549,29.4166956,21.37047562,75.42742462
40,2048,OMP,0.0028496,0.0034388,8.123315553,34.49284634,20.30828888,86.23211585
41,2048,OMP,0.0027624,0.0036568,8.379742253,32.43655655,20.43839574,79.11355257
42,2048,OMP,0.0026752,0.0038974,8.652885766,30.43413558,20.60210897,72.46222757
43,2048,OMP,0.0026368,0.0035018,8.778898665,33.87229425,20.41604341,78.77277732
44,2048,OMP,0.0029476,0.0033902,7.853236531,34.98731638,17.84826484,79.51662814
45,2048,OMP,0.002898,0.0033096,7.987646653,35.83937636,17.7503259,79.64305858
46,2048,OMP,0.0026946,0.0033314,8.590588585,35.60485081,18.67519258,77.40184959
47,2048,OMP,0.002716,0.0033704,8.522901325,35.19285545,18.13383261,74.87841585
48,2048,OMP,0.0028144,0.0034596,8.224914724,34.28546653,17.13523901,71.42805527
49,2048,OMP,0.0028092,0.0036846,8.240139542,32.19182544,16.81661131,65.69760293
50,2048,OMP,0.0028492,0.0031218,8.124455988,37.99538728,16.24891198,75.99077455
51,2048,OMP,0.0027492,0.0031682,8.419976721,37.43892431,16.50975828,73.40965551
52,2048,OMP,0.002941,0.0033446,7.870860252,35.46433056,15.13626971,68.2006357
53,2048,OMP,0.0027756,0.0031768,8.339890474,37.3375724,15.7356424,70.44824981
54,2048,OMP,0.0028458,0.0031594,8.134162626,37.54320441,15.06326412,69.5244526
55,2048,OMP,0.002686,0.0034266,8.61809382,34.615654,15.66926149,62.93755273
56,2048,OMP,0.002965,0.0031328,7.807150084,37.86197651,13.94133944,67.61067233
57,2048,OMP,0.0029536,0.0031948,7.837283315,37.12720671,13.74961985,65.13545037
58,2048,OMP,0.0028438,0.0032588,8.139883255,36.39806064,14.03428147,62.75527696
59,2048,OMP,0.0029324,0.0034952,7.893943527,33.93625544,13.3795653,57.51907701
60,2048,OMP,0.0030228,0.0033444,7.657866878,35.46645138,12.76311146,59.1107523
61,2048,OMP,0.0029886,0.003726,7.745499565,31.83413849,12.69754027,52.18711227
62,2048,OMP,0.0028516,0.0042792,8.117618179,27.71873247,13.09293255,44.70763302
63,2048,OMP,0.0028838,0.003827,8.026978293,30.99399007,12.74123538,49.19680964
64,2048,OMP,0.0029108,0.0032756,7.952521644,36.21138112,12.42581507,56.580283
65,2048,OMP,0.0031078,0.0037164,7.448420104,31.91637068,11.45910785,49.10210874
66,2048,OMP,0.0029724,0.0031474,7.787713632,37.68634428,11.79956611,57.10052164
67,2048,OMP,0.0030112,0.0041922,7.687367163,28.29397452,11.47368233,42.22981272
68,2048,OMP,0.0031372,0.0040144,7.378617876,29.54713033,10.85090864,43.45166225
69,2048,OMP,0.0031706,0.0047958,7.300889422,24.73289128,10.58099916,35.84476997
70,2048,OMP,0.0030646,0.0035764,7.553416433,33.16575327,10.7905949,47.37964753
71,2048,OMP,0.0032676,0.0046276,7.084159628,25.63186101,9.977689617,36.10121269
72,2048,OMP,0.003121,0.0048226,7.416917655,24.59544644,10.30127452,34.16034228
73,2048,OMP,0.0030934,0.0047512,7.483093037,24.96506146,10.25081238,34.19871433
74,2048,OMP,0.0031794,0.0036432,7.28068189,32.55764163,9.83875931,43.99681302
75,2048,OMP,0.0047536,0.0035774,4.869614608,33.15648236,6.492819477,44.20864315
76,2048,OMP,0.0038966,0.0034828,5.940614895,34.05708051,7.816598546,44.81194804
77,2048,OMP,0.0031008,0.0033774,7.465234778,35.11991473,9.695110101,45.61027887
78,2048,OMP,0.0033726,0.0038176,6.863606713,31.07030595,8.799495786,39.83372558
79,2048,OMP,0.0053434,0.0039594,4.332110641,29.95756933,5.483684356,37.92097383
80,2048,OMP,0.003208,0.0042966,7.215773067,27.60647954,9.019716334,34.50809943
81,2048,OMP,0.0039206,0.0050888,5.90424935,23.30883509,7.289196728,28.77633962
82,2048,OMP,0.00487,0.0055048,4.753223819,21.54737683,5.796614414,26.27728882
83,2048,OMP,0.0039308,0.004561,5.888928462,26.006139,7.095094533,31.3326976
84,2048,OMP,0.0033682,0.004462,6.872572888,26.58314657,8.18163439,31.64660306
85,2048,OMP,0.0039174,0.0041272,5.909072344,28.73958131,6.951849816,33.81127213
86,2048,OMP,0.0033742,0.0041868,6.860352083,28.33046718,7.977153585,32.9424037
87,2048,OMP,0.0048212,0.0041994,4.801335767,28.24546364,5.518776744,32.46605016
88,2048,OMP,0.0034686,0.004919,6.673643545,24.11343769,7.583685847,27.40163374
89,2048,OMP,0.0046144,0.0041338,5.016513523,28.69369587,5.636532048,32.24010772
90,2048,OMP,0.0077154,0.0085384,3.000259222,13.89182985,3.333621358,15.4353665
91,2048,OMP,0.0077134,0.0074878,3.001037156,15.84096797,3.297843029,17.40765711
92,2048,OMP,0.0063544,0.0066914,3.642861639,17.7263353,3.959632216,19.26775576
93,2048,OMP,0.0091656,0.0071126,2.525552064,16.67660209,2.715647381,17.9318302
94,2048,OMP,0.010094,0.0082004,2.293263325,14.46441637,2.439641835,15.38767699
95,2048,OMP,0.0110504,0.0112208,2.094783899,10.57090404,2.205035683,11.12726741
96,2048,OMP,0.0109644,0.01336,2.111214476,8.878293413,2.199181746,9.248222305
1,4096,SEQ,0.4712824,1.2339612,0,0,0,0
1,4096,OMP,0.0910742,0.2178512,5.174708095,5.66423871,517.4708095,566.423871
2,4096,OMP,0.0548602,0.1258736,8.590606669,9.803177155,429.5303335,490.1588578
3,4096,OMP,0.0402968,0.0888406,11.69528101,13.88960903,389.8427005,462.9869677
4,4096,OMP,0.0322092,0.0688688,14.63191883,17.91756499,365.7979708,447.9391248
5,4096,OMP,0.0262764,0.055553,17.93557717,22.21232337,358.7115434,444.2464673
6,4096,OMP,0.0227698,0.0467158,20.69769607,26.41421532,344.9616012,440.236922
7,4096,OMP,0.020292,0.0403674,23.2250345,30.56826053,331.7862071,436.6894361
8,4096,OMP,0.0175364,0.0357068,26.87452385,34.55815699,335.9315481,431.9769624
9,4096,OMP,0.016516,0.0329904,28.53489949,37.4036447,317.0544388,415.5960522
10,4096,OMP,0.0151924,0.0299928,31.02093152,41.14191406,310.2093152,411.4191406
11,4096,OMP,0.0144072,0.0278986,32.71158865,44.23021944,297.3780786,402.092904
12,4096,OMP,0.0134246,0.0260998,35.10588025,47.27856918,292.5490021,393.9880765
13,4096,OMP,0.012872,0.0241076,36.61298943,51.18556804,281.6383803,393.7351387
14,4096,OMP,0.0119434,0.0223976,39.45965136,55.09345644,281.8546525,393.5246889
15,4096,OMP,0.0116056,0.0224428,40.60818915,54.98249773,270.721261,366.5499849
16,4096,OMP,0.0112574,0.021259,41.86423153,58.04417894,261.651447,362.7761183
17,4096,OMP,0.0106562,0.020006,44.22612188,61.67955613,260.1536581,362.8209184
18,4096,OMP,0.0105364,0.0198862,44.72897764,62.05113094,248.4943202,344.7285052
19,4096,OMP,0.010209,0.0184344,46.16342443,66.93796381,242.9653917,352.3050727
20,4096,OMP,0.0099268,0.0190714,47.47576258,64.70218233,237.3788129,323.5109116
21,4096,OMP,0.0097418,0.0183356,48.377343,67.29865398,230.3683,320.4697809
22,4096,OMP,0.0095822,0.0188136,49.18311035,65.58878684,223.5595925,298.1308493
23,4096,OMP,0.0092968,0.0187446,50.69296962,65.8302231,220.4042158,286.2183613
24,4096,OMP,0.0092476,0.0160384,50.9626714,76.93792398,212.3444641,320.5746833
25,4096,OMP,0.0089956,0.017502,52.39032416,70.50401097,209.5612966,282.0160439
26,4096,OMP,0.0089748,0.0152638,52.51174399,80.84233284,201.9682461,310.9320494
27,4096,OMP,0.008846,0.0170184,53.27632828,72.50747426,197.3197344,268.546201
28,4096,OMP,0.008723,0.0153538,54.02755933,80.36845602,192.955569,287.0302001
29,4096,OMP,0.0088968,0.0162788,52.97212481,75.80172986,182.6624993,261.3852754
30,4096,OMP,0.0085424,0.0167144,55.16978835,73.82623367,183.8992945,246.0874456
31,4096,OMP,0.0086178,0.0163256,54.68708951,75.58443181,176.4099662,243.8207478
32,4096,OMP,0.0086126,0.0160914,54.72010775,76.68451471,171.0003367,239.6391085
33,4096,OMP,0.0085252,0.0158572,55.28109604,77.81709255,167.5184729,235.8093714
34,4096,OMP,0.008429,0.015229,55.91201803,81.02706678,164.4471119,238.3149023
35,4096,OMP,0.0085476,0.016921,55.13622537,72.92483896,157.5320725,208.3566827
36,4096,OMP,0.0084462,0.0144426,55.79815775,85.43899298,154.9948826,237.3305361
37,4096,OMP,0.0086508,0.0148354,54.47847598,83.17680683,147.2391243,224.8021806
38,4096,OMP,0.0084638,0.0143316,55.68212859,86.10072846,146.5319174,226.5808644
39,4096,OMP,0.0085616,0.0175394,55.04606616,70.3536723,141.1437594,180.3940315
40,4096,OMP,0.0085342,0.0147134,55.22279768,83.86648905,138.0569942,209.6662226
41,4096,OMP,0.0082248,0.0158892,57.30016535,77.66037308,139.7565009,189.4155441
42,4096,OMP,0.008536,0.015408,55.21115276,80.08574766,131.4551256,190.6803516
43,4096,OMP,0.0089042,0.016648,52.92810135,74.12068717,123.0886078,172.3736911
44,4096,OMP,0.008789,0.014722,53.62184549,83.81749762,121.8678307,190.4943128
45,4096,OMP,0.0085186,0.0146738,55.32392647,84.09281849,122.9420588,186.87293
46,4096,OMP,0.0082768,0.0146406,56.94017011,84.28351297,123.7829785,183.2250282
47,4096,OMP,0.0083224,0.0144986,56.62818418,85.10898983,120.4854983,181.0829571
48,4096,OMP,0.0087852,0.0147086,53.64503938,83.89385802,111.7604987,174.7788709
49,4096,OMP,0.0083114,0.0146138,56.70313064,84.43807908,115.7206748,172.3226104
50,4096,OMP,0.0086498,0.01407,54.48477421,87.70157783,108.9695484,175.4031557
51,4096,OMP,0.008534,0.0152564,55.22409187,80.88154479,108.2825331,158.5912643
52,4096,OMP,0.0085964,0.0135854,54.82322833,90.8299498,105.4292852,174.6729804
53,4096,OMP,0.0084794,0.0139404,55.57968724,88.51691487,104.8673344,167.0130469
54,4096,OMP,0.0085498,0.0132978,55.12203794,92.79438704,102.077848,171.8414575
55,4096,OMP,0.008497,0.0138314,55.46456396,89.21448299,100.8446618,162.2081509
56,4096,OMP,0.0087684,0.014083,53.74782172,87.62062061,95.97825308,156.4653939
57,4096,OMP,0.0085622,0.015296,55.04220878,80.67214958,96.56527856,141.530087
58,4096,OMP,0.00893,0.0131902,52.77518477,93.55136389,90.99169788,161.295455
59,4096,OMP,0.008587,0.0132758,54.88324211,92.94816132,93.02244425,157.5392565
60,4096,OMP,0.008986,0.0130364,52.44629424,94.65505814,87.41049039,157.7584302
61,4096,OMP,0.0085568,0.013559,55.07694465,91.00679991,90.2900732,149.1914753
62,4096,OMP,0.008886,0.0137512,53.03650686,89.73480133,85.54275301,144.7335505
63,4096,OMP,0.0088094,0.0144598,53.49767294,85.3373629,84.91694118,135.4561316
64,4096,OMP,0.0086768,0.0127022,54.31523142,97.14547086,84.8675491,151.7897982
65,4096,OMP,0.0086144,0.0137112,54.70867385,89.99658673,84.16719054,138.4562873
66,4096,OMP,0.0087626,0.0126362,53.78339762,97.65287032,81.4899964,147.9588944
67,4096,OMP,0.0086526,0.0141274,54.46714282,87.34524399,81.29424302,130.3660358
68,4096,OMP,0.0088858,0.0128446,53.0377006,96.06848014,77.99661853,141.2771767
69,4096,OMP,0.00911,0.013575,51.73242591,90.89953591,74.9745303,131.7384578
70,4096,OMP,0.00899,0.0132116,52.42295884,93.39983045,74.8899412,133.4283292
71,4096,OMP,0.0088014,0.0136108,53.54629945,90.66044612,75.41732317,127.6907692
72,4096,OMP,0.0089578,0.015082,52.61140012,81.81681475,73.07138906,113.6344649
73,4096,OMP,0.0090388,0.0155398,52.13993008,79.40650459,71.42456175,108.7760337
74,4096,OMP,0.008988,0.0154822,52.43462394,79.70192867,70.85759992,107.705309
75,4096,OMP,0.0088116,0.0149552,53.48431613,82.51051139,71.3124215,110.0140152
76,4096,OMP,0.0090964,0.0153078,51.8097709,80.60996355,68.17075118,106.0657415
77,4096,OMP,0.0089092,0.014957,52.89839716,82.50058167,68.69921709,107.1436126
78,4096,OMP,0.0088694,0.0161358,53.13577018,76.47350612,68.12278228,98.04295656
79,4096,OMP,0.0090908,0.016117,51.8416861,76.56271018,65.62238747,96.91482301
80,4096,OMP,0.0088514,0.0164454,53.24382584,75.03382101,66.55478229,93.79227626
81,4096,OMP,0.0097522,0.0166458,48.32575214,74.13048337,59.66142239,91.51911527
82,4096,OMP,0.0088838,0.0153808,53.04964092,80.22737439,64.69468405,97.83826145
83,4096,OMP,0.0089306,0.0155182,52.77163908,79.51703161,63.58028805,95.80365255
84,4096,OMP,0.0111706,0.018148,42.18953324,67.99433546,50.22563481,80.94563746
85,4096,OMP,0.0091186,0.0154612,51.68363565,79.81018291,60.80427723,93.89433283
86,4096,OMP,0.010821,0.0156948,43.5525737,78.62229528,50.64252756,91.42127358
87,4096,OMP,0.0107714,0.0151378,43.75312401,81.51522678,50.29094714,93.69566297
88,4096,OMP,0.0121204,0.0140602,38.88340319,87.76270608,44.18568544,99.73034782
89,4096,OMP,0.0110636,0.0133336,42.59756318,92.5452391,47.86243054,103.9834147
90,4096,OMP,0.0134394,0.0158572,35.06722026,77.81709255,38.96357807,86.46343617
91,4096,OMP,0.0134388,0.0130136,35.0687859,94.82089506,38.53712737,104.1987858
92,4096,OMP,0.0137168,0.0172176,34.35804269,71.66859493,37.34569858,77.90064666
93,4096,OMP,0.012572,0.015143,37.48666879,81.48723503,40.30824601,87.62068282
94,4096,OMP,0.0151328,0.016114,31.14310636,76.57696413,33.13096422,81.46485546
95,4096,OMP,0.0149124,0.0171898,31.60339047,71.78450011,33.26672681,75.5626317
96,4096,OMP,0.0175248,0.018913,26.89231261,65.2440755,28.01282563,67.96257865