Threads,Dim,Version,Sym,Trans
1,4,SEQ,0.0,0.0
1,4,OMP,1.84e-05,2.6e-06
2,4,OMP,8.42e-05,8e-06
3,4,OMP,9.7e-05,7.8e-06
4,4,OMP,0.0001096,1.34e-05
5,4,OMP,0.0001638,1e-05
6,4,OMP,0.0001514,1.1e-05
7,4,OMP,0.000151,1.1e-05
8,4,OMP,0.0001988,1.34e-05
9,4,OMP,0.0002346,1.18e-05
10,4,OMP,0.0002348,1.24e-05
11,4,OMP,0.0002756,1.62e-05
12,4,OMP,0.0002458,1.36e-05
13,4,OMP,0.0002618,1.26e-05
14,4,OMP,0.0003012,1.52e-05
15,4,OMP,0.0003098,1.9e-05
16,4,OMP,0.0003766,1.5e-05
17,4,OMP,0.000406,1.62e-05
18,4,OMP,0.000364,1.64e-05
19,4,OMP,0.0003466,1.52e-05
20,4,OMP,0.0004494,2e-05
21,4,OMP,0.0003974,1.68e-05
22,4,OMP,0.0004188,1.62e-05
23,4,OMP,0.0004482,1.84e-05
24,4,OMP,0.000431,1.84e-05
25,4,OMP,0.0004646,2.3e-05
26,4,OMP,0.0004956,2.12e-05
27,4,OMP,0.000493,2.18e-05
28,4,OMP,0.0005256,2.06e-05
29,4,OMP,0.0005906,2.52e-05
30,4,OMP,0.0005632,2.44e-05
31,4,OMP,0.0005728,2.36e-05
32,4,OMP,0.0007748,2.18e-05
33,4,OMP,0.0005936,2.34e-05
34,4,OMP,0.000607,2.66e-05
35,4,OMP,0.000661,2.46e-05
36,4,OMP,0.000659,2.62e-05
37,4,OMP,0.0007936,2.42e-05
38,4,OMP,0.000761,2.6e-05
39,4,OMP,0.0007572,2.72e-05
40,4,OMP,0.0007036,2.86e-05
41,4,OMP,0.0007216,2.86e-05
42,4,OMP,0.0007206,2.84e-05
43,4,OMP,0.0008326,2.88e-05
44,4,OMP,0.0009408,2.56e-05
45,4,OMP,0.000833,2.98e-05
46,4,OMP,0.0008288,2.98e-05
47,4,OMP,0.001015,3.12e-05
48,4,OMP,0.000852,2.98e-05
49,4,OMP,0.0008818,3.42e-05
50,4,OMP,0.0009006,2.64e-05
51,4,OMP,0.0009182,4.24e-05
52,4,OMP,0.0008886,3.5e-05
53,4,OMP,0.000972,3.16e-05
54,4,OMP,0.0009562,3.5e-05
55,4,OMP,0.0010406,3.3e-05
56,4,OMP,0.000974,3.48e-05
57,4,OMP,0.0010304,3.42e-05
58,4,OMP,0.001013,3.86e-05
59,4,OMP,0.0010232,3.24e-05
60,4,OMP,0.0010554,3.26e-05
61,4,OMP,0.0010788,3.62e-05
62,4,OMP,0.00112,3.58e-05
63,4,OMP,0.0011454,3.86e-05
64,4,OMP,0.0012026,3.86e-05
65,4,OMP,0.0012036,3.64e-05
66,4,OMP,0.0011742,3.6e-05
67,4,OMP,0.0011986,3.96e-05
68,4,OMP,0.0012544,4.06e-05
69,4,OMP,0.0012236,3.78e-05
70,4,OMP,0.0013122,3.88e-05
71,4,OMP,0.0014052,4.1e-05
72,4,OMP,0.0012828,4.12e-05
73,4,OMP,0.0013026,4.26e-05
74,4,OMP,0.0014098,4.1e-05
75,4,OMP,0.0013698,3.88e-05
76,4,OMP,0.0013764,3.84e-05
77,4,OMP,0.0015206,4.04e-05
78,4,OMP,0.0014398,4.68e-05
79,4,OMP,0.0014594,4.62e-05
80,4,OMP,0.0014522,4.04e-05
81,4,OMP,0.0014972,4.62e-05
82,4,OMP,0.0016074,4.46e-05
83,4,OMP,0.0014918,4.64e-05
84,4,OMP,0.00157,4.24e-05
85,4,OMP,0.0028278,4.72e-05
86,4,OMP,0.0020918,4.58e-05
87,4,OMP,0.0021534,4.56e-05
88,4,OMP,0.003701,4.48e-05
89,4,OMP,0.003665,5.16e-05
90,4,OMP,0.0052884,0.0009852
91,4,OMP,0.005681,5.76e-05
92,4,OMP,0.0069012,5.38e-05
93,4,OMP,0.0071614,0.0010346
94,4,OMP,0.0084116,0.0066558
95,4,OMP,0.009038,0.0056964
96,4,OMP,0.009938,0.006689
1,8,SEQ,6e-07,2e-07
1,8,OMP,1.38e-05,2e-06
2,8,OMP,8.4e-05,8e-06
3,8,OMP,0.0001284,9e-06
4,8,OMP,0.000104,1.08e-05
5,8,OMP,0.0001178,1.12e-05
6,8,OMP,0.0001452,1.08e-05
7,8,OMP,0.0001518,1.14e-05
8,8,OMP,0.0001962,1.06e-05
9,8,OMP,0.0002558,1.08e-05
10,8,OMP,0.0002984,1.18e-05
11,8,OMP,0.000232,1.36e-05
12,8,OMP,0.0002838,1.34e-05
13,8,OMP,0.000383,1.36e-05
14,8,OMP,0.0002698,1.3e-05
15,8,OMP,0.0002792,1.96e-05
16,8,OMP,0.000359,1.74e-05
17,8,OMP,0.0003756,1.46e-05
18,8,OMP,0.0003474,1.46e-05
19,8,OMP,0.000422,1.76e-05
20,8,OMP,0.0005222,1.76e-05
21,8,OMP,0.0003982,1.68e-05
22,8,OMP,0.0004888,1.68e-05
23,8,OMP,0.0004136,1.78e-05
24,8,OMP,0.000426,1.82e-05
25,8,OMP,0.0004376,2.7e-05
26,8,OMP,0.0005054,1.92e-05
27,8,OMP,0.0004768,1.92e-05
28,8,OMP,0.0004942,1.84e-05
29,8,OMP,0.0005124,2.1e-05
30,8,OMP,0.0005448,2.16e-05
31,8,OMP,0.0005478,2.02e-05
32,8,OMP,0.0005566,2.02e-05
33,8,OMP,0.000582,2.18e-05
34,8,OMP,0.0006068,2.1e-05
35,8,OMP,0.000667,2.2e-05
36,8,OMP,0.0006776,2.72e-05
37,8,OMP,0.0007808,2.36e-05
38,8,OMP,0.000669,2.4e-05
39,8,OMP,0.0007904,2.48e-05
40,8,OMP,0.0007284,2.42e-05
41,8,OMP,0.0007494,2.74e-05
42,8,OMP,0.0007736,2.56e-05
43,8,OMP,0.0007506,2.88e-05
44,8,OMP,0.0007932,2.56e-05
45,8,OMP,0.0008266,2.84e-05
46,8,OMP,0.0008156,2.8e-05
47,8,OMP,0.0008112,2.74e-05
48,8,OMP,0.0008324,2.72e-05
49,8,OMP,0.0008278,2.92e-05
50,8,OMP,0.000843,2.7e-05
51,8,OMP,0.0008748,3.04e-05
52,8,OMP,0.0011064,3.66e-05
53,8,OMP,0.0009294,2.86e-05
54,8,OMP,0.001079,2.98e-05
55,8,OMP,0.0010006,3.2e-05
56,8,OMP,0.001005,3.22e-05
57,8,OMP,0.0010928,3.22e-05
58,8,OMP,0.0012192,3.18e-05
59,8,OMP,0.001156,3.3e-05
60,8,OMP,0.001102,3.9e-05
61,8,OMP,0.0011972,3.34e-05
62,8,OMP,0.0011952,3.4e-05
63,8,OMP,0.0012072,3.32e-05
64,8,OMP,0.0012384,3.82e-05
65,8,OMP,0.0012768,3.88e-05
66,8,OMP,0.0011422,3.34e-05
67,8,OMP,0.0013112,3.9e-05
68,8,OMP,0.0012042,3.98e-05
69,8,OMP,0.0011984,3.6e-05
70,8,OMP,0.0012236,3.88e-05
71,8,OMP,0.0013158,4.64e-05
72,8,OMP,0.0013158,4.02e-05
73,8,OMP,0.001362,4.02e-05
74,8,OMP,0.001294,4.34e-05
75,8,OMP,0.0014438,4.08e-05
76,8,OMP,0.0014348,3.56e-05
77,8,OMP,0.0015546,3.96e-05
78,8,OMP,0.001453,3.92e-05
79,8,OMP,0.0014006,4.56e-05
80,8,OMP,0.0014706,4.2e-05
81,8,OMP,0.0016376,4.12e-05
82,8,OMP,0.001454,4.5e-05
83,8,OMP,0.0016192,4.64e-05
84,8,OMP,0.0015448,4.68e-05
85,8,OMP,0.001657,4.28e-05
86,8,OMP,0.0032076,4.6e-05
87,8,OMP,0.002014,4.58e-05
88,8,OMP,0.002224,4.7e-05
89,8,OMP,0.0027008,5.6e-05
90,8,OMP,0.0022606,4.86e-05
91,8,OMP,0.0055932,5.68e-05
92,8,OMP,0.0057498,0.0019382
93,8,OMP,0.0083234,0.0019674
94,8,OMP,0.0067618,0.0024454
95,8,OMP,0.0086386,0.0057248
96,8,OMP,0.009572,0.0074612
1,16,SEQ,2.2e-06,1e-06
1,16,OMP,2.66e-05,4e-06
2,16,OMP,0.000192,8.4e-06
3,16,OMP,0.0001042,1e-05
4,16,OMP,0.0001336,1.04e-05
5,16,OMP,0.0001548,1.18e-05
6,16,OMP,0.0002058,1.24e-05
7,16,OMP,0.0001484,1.38e-05
8,16,OMP,0.0001772,1.2e-05
9,16,OMP,0.0002316,1.36e-05
10,16,OMP,0.0002638,1.18e-05
11,16,OMP,0.0002634,1.44e-05
12,16,OMP,0.0002334,1.12e-05
13,16,OMP,0.0004742,1.74e-05
14,16,OMP,0.00033,1.32e-05
15,16,OMP,0.0002914,1.34e-05
16,16,OMP,0.0003718,1.52e-05
17,16,OMP,0.0003532,1.48e-05
18,16,OMP,0.0003364,1.8e-05
19,16,OMP,0.0004042,1.42e-05
20,16,OMP,0.0005636,2.18e-05
21,16,OMP,0.0004218,1.74e-05
22,16,OMP,0.0005272,1.96e-05
23,16,OMP,0.000421,2.04e-05
24,16,OMP,0.000485,2.08e-05
25,16,OMP,0.0005322,1.94e-05
26,16,OMP,0.000492,1.96e-05
27,16,OMP,0.000719,1.92e-05
28,16,OMP,0.0004986,2.18e-05
29,16,OMP,0.0006052,2.42e-05
30,16,OMP,0.0005806,2.1e-05
31,16,OMP,0.000617,2.18e-05
32,16,OMP,0.0005768,2.52e-05
33,16,OMP,0.0006344,2.42e-05
34,16,OMP,0.0006576,2.46e-05
35,16,OMP,0.0006262,2.5e-05
36,16,OMP,0.0006972,2.66e-05
37,16,OMP,0.0007944,2.64e-05
38,16,OMP,0.0008576,2.68e-05
39,16,OMP,0.0007216,2.46e-05
40,16,OMP,0.0007752,2.54e-05
41,16,OMP,0.00097,2.8e-05
42,16,OMP,0.0007632,2.62e-05
43,16,OMP,0.0007676,2.92e-05
44,16,OMP,0.0009268,2.94e-05
45,16,OMP,0.0008836,3.24e-05
46,16,OMP,0.0008534,2.94e-05
47,16,OMP,0.0010824,2.94e-05
48,16,OMP,0.0010116,3.06e-05
49,16,OMP,0.0009592,2.92e-05
50,16,OMP,0.0008472,3.3e-05
51,16,OMP,0.0009158,3.24e-05
52,16,OMP,0.000912,3.06e-05
53,16,OMP,0.0009112,3.1e-05
54,16,OMP,0.0009272,3.56e-05
55,16,OMP,0.0009538,3.28e-05
56,16,OMP,0.001003,3.66e-05
57,16,OMP,0.00111,3.62e-05
58,16,OMP,0.00107,3.22e-05
59,16,OMP,0.001026,3.68e-05
60,16,OMP,0.0010712,3.94e-05
61,16,OMP,0.0010858,3.74e-05
62,16,OMP,0.0010902,4.5e-05
63,16,OMP,0.0012158,4.1e-05
64,16,OMP,0.001162,3.62e-05
65,16,OMP,0.0012392,3.74e-05
66,16,OMP,0.0011114,3.96e-05
67,16,OMP,0.0012284,3.98e-05
68,16,OMP,0.0011592,4.06e-05
69,16,OMP,0.0012186,3.48e-05
70,16,OMP,0.0012222,4e-05
71,16,OMP,0.001253,4.22e-05
72,16,OMP,0.0012838,4.2e-05
73,16,OMP,0.0013318,4.52e-05
74,16,OMP,0.0013302,4.32e-05
75,16,OMP,0.0013812,4.16e-05
76,16,OMP,0.0013782,4.84e-05
77,16,OMP,0.0013728,4.24e-05
78,16,OMP,0.0016294,4.28e-05
79,16,OMP,0.001497,4.46e-05
80,16,OMP,0.0014374,5.88e-05
81,16,OMP,0.001464,4.86e-05
82,16,OMP,0.0014428,4.48e-05
83,16,OMP,0.0015162,5.04e-05
84,16,OMP,0.0016004,5.1e-05
85,16,OMP,0.0016292,4.98e-05
86,16,OMP,0.0032182,5.8e-05
87,16,OMP,0.0021966,4.82e-05
88,16,OMP,0.0034196,4.52e-05
89,16,OMP,0.0018916,5.42e-05
90,16,OMP,0.0035164,7.86e-05
91,16,OMP,0.004575,5.1e-05
92,16,OMP,0.0057906,5.12e-05
93,16,OMP,0.006256,0.0047854
94,16,OMP,0.0065364,0.0010066
95,16,OMP,0.0083974,0.007598
96,16,OMP,0.009906,0.004807
1,32,SEQ,3e-06,2e-06
1,32,OMP,2.94e-05,7.6e-06
2,32,OMP,0.0001322,1.54e-05
3,32,OMP,0.0001258,1.42e-05
4,32,OMP,0.000148,1.54e-05
5,32,OMP,0.0001468,1.5e-05
6,32,OMP,0.0002458,1.9e-05
7,32,OMP,0.0001892,1.52e-05
8,32,OMP,0.0003132,2e-05
9,32,OMP,0.0002768,1.58e-05
10,32,OMP,0.0002554,1.64e-05
11,32,OMP,0.000253,1.66e-05
12,32,OMP,0.000233,1.72e-05
13,32,OMP,0.0002568,2.08e-05
14,32,OMP,0.0003054,1.66e-05
15,32,OMP,0.0002864,1.94e-05
16,32,OMP,0.0002922,2.18e-05
17,32,OMP,0.0003668,2.2e-05
18,32,OMP,0.0003672,2.26e-05
19,32,OMP,0.0003512,2.48e-05
20,32,OMP,0.0003714,2.36e-05
21,32,OMP,0.0004828,2.34e-05
22,32,OMP,0.0004256,2.34e-05
23,32,OMP,0.0004352,2.3e-05
24,32,OMP,0.0005172,2.68e-05
25,32,OMP,0.0004584,2.46e-05
26,32,OMP,0.0004842,2.18e-05
27,32,OMP,0.0005606,2.56e-05
28,32,OMP,0.0005154,2.3e-05
29,32,OMP,0.0005166,2.54e-05
30,32,OMP,0.0006108,2.56e-05
31,32,OMP,0.0005446,2.28e-05
32,32,OMP,0.0007464,2.5e-05
33,32,OMP,0.0005916,2.86e-05
34,32,OMP,0.0006694,3.08e-05
35,32,OMP,0.0007342,2.78e-05
36,32,OMP,0.000625,2.54e-05
37,32,OMP,0.0006374,3.26e-05
38,32,OMP,0.0007838,2.82e-05
39,32,OMP,0.000759,2.84e-05
40,32,OMP,0.0007722,3.1e-05
41,32,OMP,0.0006808,2.86e-05
42,32,OMP,0.0008578,3.16e-05
43,32,OMP,0.0007658,3.14e-05
44,32,OMP,0.0007586,3.16e-05
45,32,OMP,0.000767,3.44e-05
46,32,OMP,0.0008748,3.18e-05
47,32,OMP,0.0008468,3.3e-05
48,32,OMP,0.0008552,3.1e-05
49,32,OMP,0.000874,3.52e-05
50,32,OMP,0.000899,3.42e-05
51,32,OMP,0.0009032,3.94e-05
52,32,OMP,0.0008878,3.28e-05
53,32,OMP,0.0009696,4.38e-05
54,32,OMP,0.0010864,3.16e-05
55,32,OMP,0.0009762,3.5e-05
56,32,OMP,0.0010104,3.86e-05
57,32,OMP,0.0010142,3.78e-05
58,32,OMP,0.0010346,3.58e-05
59,32,OMP,0.00102,3.7e-05
60,32,OMP,0.0010936,3.7e-05
61,32,OMP,0.0010792,4.1e-05
62,32,OMP,0.0010952,3.94e-05
63,32,OMP,0.0010828,3.82e-05
64,32,OMP,0.001142,4.06e-05
65,32,OMP,0.0011288,4.06e-05
66,32,OMP,0.001187,4.06e-05
67,32,OMP,0.0011624,4.38e-05
68,32,OMP,0.0011598,3.6e-05
69,32,OMP,0.0012028,3.96e-05
70,32,OMP,0.0012378,3.82e-05
71,32,OMP,0.0012722,3.84e-05
72,32,OMP,0.0013332,4.38e-05
73,32,OMP,0.0013878,4.44e-05
74,32,OMP,0.001339,5.06e-05
75,32,OMP,0.0013706,4.58e-05
76,32,OMP,0.0013918,4.06e-05
77,32,OMP,0.001428,4.08e-05
78,32,OMP,0.0015062,4.3e-05
79,32,OMP,0.001446,4.4e-05
80,32,OMP,0.0014502,4.32e-05
81,32,OMP,0.0016536,4.86e-05
82,32,OMP,0.0015662,4.64e-05
83,32,OMP,0.0015282,5.04e-05
84,32,OMP,0.0015378,5.12e-05
85,32,OMP,0.0016802,4.98e-05
86,32,OMP,0.0041306,5.92e-05
87,32,OMP,0.0018706,5.12e-05
88,32,OMP,0.0032988,0.0019278
89,32,OMP,0.0055302,4.86e-05
90,32,OMP,0.0056628,6.82e-05
91,32,OMP,0.0076552,0.0009992
92,32,OMP,0.007259,4.86e-05
93,32,OMP,0.0085682,0.0047192
94,32,OMP,0.0078814,0.0056844
95,32,OMP,0.0108696,0.0057332
96,32,OMP,0.0097736,0.009478
1,64,SEQ,1.18e-05,1.12e-05
1,64,OMP,2.72e-05,1.38e-05
2,64,OMP,9.52e-05,1.92e-05
3,64,OMP,9.42e-05,2.4e-05
4,64,OMP,0.0001572,3.24e-05
5,64,OMP,0.0001234,3.82e-05
6,64,OMP,0.0001638,2.42e-05
7,64,OMP,0.0001652,2.6e-05
8,64,OMP,0.0001916,3.12e-05
9,64,OMP,0.0002232,2.52e-05
10,64,OMP,0.0003202,3.34e-05
11,64,OMP,0.0002508,3.26e-05
12,64,OMP,0.0002516,2.76e-05
13,64,OMP,0.0002882,3.54e-05
14,64,OMP,0.000307,3.5e-05
15,64,OMP,0.0003286,3.58e-05
16,64,OMP,0.0002898,4.24e-05
17,64,OMP,0.0003454,3.1e-05
18,64,OMP,0.0004642,3.22e-05
19,64,OMP,0.000436,3.08e-05
20,64,OMP,0.0003558,4.74e-05
21,64,OMP,0.0003876,4.22e-05
22,64,OMP,0.000476,4.36e-05
23,64,OMP,0.0004182,3.28e-05
24,64,OMP,0.0004908,3.8e-05
25,64,OMP,0.000482,3.86e-05
26,64,OMP,0.000491,3.64e-05
27,64,OMP,0.0005418,3.12e-05
28,64,OMP,0.0004902,4.32e-05
29,64,OMP,0.0005168,4.44e-05
30,64,OMP,0.000539,3.56e-05
31,64,OMP,0.0005986,4.82e-05
32,64,OMP,0.0005896,4.5e-05
33,64,OMP,0.0008154,4.8e-05
34,64,OMP,0.0007326,4.48e-05
35,64,OMP,0.0007242,4.64e-05
36,64,OMP,0.0006696,3.94e-05
37,64,OMP,0.0006518,4.34e-05
38,64,OMP,0.0006626,4.18e-05
39,64,OMP,0.000772,5.04e-05
40,64,OMP,0.0008146,4.3e-05
41,64,OMP,0.000833,4.8e-05
42,64,OMP,0.0007488,4.48e-05
43,64,OMP,0.0007792,4.36e-05
44,64,OMP,0.0007922,3.84e-05
45,64,OMP,0.0007974,4.66e-05
46,64,OMP,0.0008194,4.82e-05
47,64,OMP,0.0008196,4.14e-05
48,64,OMP,0.000814,5.26e-05
49,64,OMP,0.0008252,4.68e-05
50,64,OMP,0.0009256,4.66e-05
51,64,OMP,0.0009618,5.26e-05
52,64,OMP,0.0009058,4.76e-05
53,64,OMP,0.0009506,4.28e-05
54,64,OMP,0.0009178,4.5e-05
55,64,OMP,0.0009928,6.3e-05
56,64,OMP,0.0009704,4.56e-05
57,64,OMP,0.001035,4.6e-05
58,64,OMP,0.0009974,4.82e-05
59,64,OMP,0.001052,5.28e-05
60,64,OMP,0.0010724,4.78e-05
61,64,OMP,0.0011588,4.52e-05
62,64,OMP,0.0010618,4.96e-05
63,64,OMP,0.0011468,4.9e-05
64,64,OMP,0.0011274,4.54e-05
65,64,OMP,0.0012518,4.54e-05
66,64,OMP,0.0011646,4.62e-05
67,64,OMP,0.0011936,5.88e-05
68,64,OMP,0.0012064,5.38e-05
69,64,OMP,0.0012182,4.7e-05
70,64,OMP,0.0012176,5.16e-05
71,64,OMP,0.001416,4.6e-05
72,64,OMP,0.0012338,6.02e-05
73,64,OMP,0.0015942,5.04e-05
74,64,OMP,0.0013384,5.22e-05
75,64,OMP,0.001341,4.66e-05
76,64,OMP,0.0013872,5.24e-05
77,64,OMP,0.0013986,4.9e-05
78,64,OMP,0.0014752,5.72e-05
79,64,OMP,0.0014242,6.26e-05
80,64,OMP,0.0014376,5.84e-05
81,64,OMP,0.0014886,5.32e-05
82,64,OMP,0.0014892,5.98e-05
83,64,OMP,0.001463,5.5e-05
84,64,OMP,0.0017066,5.96e-05
85,64,OMP,0.002112,5.38e-05
86,64,OMP,0.001733,6.02e-05
87,64,OMP,0.0019628,5.72e-05
88,64,OMP,0.0023646,5.6e-05
89,64,OMP,0.0024142,5.78e-05
90,64,OMP,0.003973,5.6e-05
91,64,OMP,0.0074792,0.0038362
92,64,OMP,0.0041798,5.78e-05
93,64,OMP,0.007737,0.0057232
94,64,OMP,0.0081882,0.002895
95,64,OMP,0.0100502,0.0076138
96,64,OMP,0.0116592,0.0085494
1,128,SEQ,4.54e-05,5.62e-05
1,128,OMP,6.64e-05,5.42e-05
2,128,OMP,0.0001262,8.54e-05
3,128,OMP,0.0001706,8.74e-05
4,128,OMP,0.0001832,8.8e-05
5,128,OMP,0.0002066,9.54e-05
6,128,OMP,0.0002438,8.42e-05
7,128,OMP,0.0002392,8.78e-05
8,128,OMP,0.00024,8.6e-05
9,128,OMP,0.0002418,8.54e-05
10,128,OMP,0.0002866,8.22e-05
11,128,OMP,0.0002538,8.36e-05
12,128,OMP,0.0003474,7.42e-05
13,128,OMP,0.0002938,8.34e-05
14,128,OMP,0.000326,9.08e-05
15,128,OMP,0.0003866,7.96e-05
16,128,OMP,0.0003264,7.64e-05
17,128,OMP,0.0003452,8.06e-05
18,128,OMP,0.0003786,9.06e-05
19,128,OMP,0.000355,7.54e-05
20,128,OMP,0.0003872,7.74e-05
21,128,OMP,0.000433,8.32e-05
22,128,OMP,0.0004272,7.3e-05
23,128,OMP,0.0005162,6.48e-05
24,128,OMP,0.0004454,7.6e-05
25,128,OMP,0.000471,7.82e-05
26,128,OMP,0.0005262,7.58e-05
27,128,OMP,0.0005868,8.14e-05
28,128,OMP,0.0005258,7.5e-05
29,128,OMP,0.000517,9.36e-05
30,128,OMP,0.0005744,7.56e-05
31,128,OMP,0.00061,7.58e-05
32,128,OMP,0.0006042,8.62e-05
33,128,OMP,0.000596,6.88e-05
34,128,OMP,0.0006406,6.24e-05
35,128,OMP,0.0006298,8.56e-05
36,128,OMP,0.0006694,8.6e-05
37,128,OMP,0.0007214,8.82e-05
38,128,OMP,0.0007498,7.54e-05
39,128,OMP,0.0007202,8.3e-05
40,128,OMP,0.0007746,7.3e-05
41,128,OMP,0.0007072,9.5e-05
42,128,OMP,0.0007632,7.28e-05
43,128,OMP,0.0007558,8.9e-05
44,128,OMP,0.0007616,9.64e-05
45,128,OMP,0.0007938,9.7e-05
46,128,OMP,0.0009084,8.36e-05
47,128,OMP,0.0008722,8.12e-05
48,128,OMP,0.000892,7.54e-05
49,128,OMP,0.0009014,7.64e-05
50,128,OMP,0.0008898,8.36e-05
51,128,OMP,0.0009306,7.92e-05
52,128,OMP,0.0009262,8.6e-05
53,128,OMP,0.000957,9.16e-05
54,128,OMP,0.0009468,9.72e-05
55,128,OMP,0.0009956,8.24e-05
56,128,OMP,0.0009884,7.94e-05
57,128,OMP,0.0010878,7.62e-05
58,128,OMP,0.0010108,8.42e-05
59,128,OMP,0.001065,8.68e-05
60,128,OMP,0.0010742,8.42e-05
61,128,OMP,0.0011336,7.88e-05
62,128,OMP,0.0011082,9.12e-05
63,128,OMP,0.0010788,9.38e-05
64,128,OMP,0.0011454,9.12e-05
65,128,OMP,0.001166,8.18e-05
66,128,OMP,0.0011922,8.4e-05
67,128,OMP,0.001205,8.26e-05
68,128,OMP,0.0012096,8.72e-05
69,128,OMP,0.001243,7.12e-05
70,128,OMP,0.0014284,8.38e-05
71,128,OMP,0.0012674,8.82e-05
72,128,OMP,0.0013458,8.58e-05
73,128,OMP,0.001301,9.82e-05
74,128,OMP,0.0014206,8.56e-05
75,128,OMP,0.0013636,8.26e-05
76,128,OMP,0.0014188,8.66e-05
77,128,OMP,0.0015084,8.46e-05
78,128,OMP,0.0015474,9.82e-05
79,128,OMP,0.001417,7.58e-05
80,128,OMP,0.0015254,9.22e-05
81,128,OMP,0.0015602,8.46e-05
82,128,OMP,0.0015616,8.58e-05
83,128,OMP,0.001543,8.5e-05
84,128,OMP,0.00159,9.08e-05
85,128,OMP,0.0018016,8.76e-05
86,128,OMP,0.0020864,7.7e-05
87,128,OMP,0.0024444,9.28e-05
88,128,OMP,0.0018132,8.42e-05
89,128,OMP,0.005242,9.76e-05
90,128,OMP,0.0033346,0.0001034
91,128,OMP,0.0054238,0.0010332
92,128,OMP,0.007145,0.0001052
93,128,OMP,0.0072904,0.0032942
94,128,OMP,0.0082286,0.0010584
95,128,OMP,0.0086092,0.0057112
96,128,OMP,0.010498,0.0085768
1,256,SEQ,0.0001792,0.0004318
1,256,OMP,0.0002286,0.0004246
2,256,OMP,0.0003488,0.0003812
3,256,OMP,0.0003126,0.0004044
4,256,OMP,0.0003004,0.0002946
5,256,OMP,0.0002902,0.0004106
6,256,OMP,0.0003092,0.0003512
7,256,OMP,0.000314,0.0003618
8,256,OMP,0.000297,0.0004276
9,256,OMP,0.0003422,0.000386
10,256,OMP,0.0003406,0.0004342
11,256,OMP,0.0003174,0.0004276
12,256,OMP,0.000321,0.00043
13,256,OMP,0.0003482,0.0004578
14,256,OMP,0.0003702,0.0004902
15,256,OMP,0.0003886,0.0004818
16,256,OMP,0.0003914,0.0004856
17,256,OMP,0.0005324,0.0005072
18,256,OMP,0.0004456,0.0005002
19,256,OMP,0.0004836,0.0005154
20,256,OMP,0.0005056,0.0004992
21,256,OMP,0.000473,0.0004544
22,256,OMP,0.0005248,0.0004878
23,256,OMP,0.0005266,0.000483
24,256,OMP,0.000532,0.0005106
25,256,OMP,0.0005682,0.0004902
26,256,OMP,0.000596,0.0004448
27,256,OMP,0.0005988,0.0005026
28,256,OMP,0.0005998,0.000435
29,256,OMP,0.0006086,0.000483
30,256,OMP,0.0006282,0.0004718
31,256,OMP,0.000668,0.0004472
32,256,OMP,0.000636,0.0004768
33,256,OMP,0.0006728,0.0004274
34,256,OMP,0.000752,0.0004728
35,256,OMP,0.0007074,0.000469
36,256,OMP,0.0006834,0.0004918
37,256,OMP,0.000691,0.0004376
38,256,OMP,0.0007436,0.0004032
39,256,OMP,0.0007488,0.0004578
40,256,OMP,0.0007454,0.0004746
41,256,OMP,0.0008222,0.000468
42,256,OMP,0.0007868,0.0004344
43,256,OMP,0.0008178,0.0004794
44,256,OMP,0.000846,0.0004592
45,256,OMP,0.0008402,0.0004596
46,256,OMP,0.0008658,0.0004322
47,256,OMP,0.0009338,0.0004372
48,256,OMP,0.0009008,0.000417
49,256,OMP,0.0009332,0.0004322
50,256,OMP,0.0009366,0.0004328
51,256,OMP,0.0009778,0.0004302
52,256,OMP,0.0009794,0.0004456
53,256,OMP,0.0009562,0.0004404
54,256,OMP,0.0009962,0.0004458
55,256,OMP,0.0010324,0.0004258
56,256,OMP,0.0010716,0.0004526
57,256,OMP,0.0010498,0.0004254
58,256,OMP,0.0010864,0.0004296
59,256,OMP,0.0010662,0.000395
60,256,OMP,0.0011568,0.0004434
61,256,OMP,0.0011216,0.0004342
62,256,OMP,0.0011366,0.0004218
63,256,OMP,0.0011248,0.0004212
64,256,OMP,0.001196,0.0004266
65,256,OMP,0.001187,0.0004262
66,256,OMP,0.0012344,0.0004326
67,256,OMP,0.0012466,0.0004078
68,256,OMP,0.0012534,0.0004674
69,256,OMP,0.00146,0.0004404
70,256,OMP,0.001304,0.0004154
71,256,OMP,0.0013598,0.0004052
72,256,OMP,0.0013144,0.000435
73,256,OMP,0.001383,0.0004346
74,256,OMP,0.001375,0.0004592
75,256,OMP,0.001496,0.0004456
76,256,OMP,0.0014312,0.0004068
77,256,OMP,0.001463,0.0004556
78,256,OMP,0.0014558,0.0004318
79,256,OMP,0.0015194,0.000471
80,256,OMP,0.0014948,0.0004426
81,256,OMP,0.0015616,0.0004268
82,256,OMP,0.0015216,0.000456
83,256,OMP,0.001631,0.0004282
84,256,OMP,0.0015856,0.0004436
85,256,OMP,0.001865,0.0004042
86,256,OMP,0.0038376,0.000434
87,256,OMP,0.0020732,0.0004346
88,256,OMP,0.0041114,0.0013556
89,256,OMP,0.0032086,0.000426
90,256,OMP,0.0033624,0.0004108
91,256,OMP,0.003557,0.0004048
92,256,OMP,0.0063118,0.0025028
93,256,OMP,0.0058014,0.0013416
94,256,OMP,0.0087378,0.0050432
95,256,OMP,0.0100134,0.0050754
96,256,OMP,0.0086912,0.0049778
1,512,SEQ,0.0011368,0.0030544
1,512,OMP,0.000866,0.0019794
2,512,OMP,0.0009052,0.0011772
3,512,OMP,0.0008498,0.0009844
4,512,OMP,0.0007556,0.0008392
5,512,OMP,0.0006242,0.0007468
6,512,OMP,0.0006796,0.0006916
7,512,OMP,0.0005268,0.0006558
8,512,OMP,0.0005356,0.0006382
9,512,OMP,0.0005486,0.0006496
10,512,OMP,0.0005304,0.0007074
11,512,OMP,0.0005462,0.0007128
12,512,OMP,0.0005154,0.000822
13,512,OMP,0.0004976,0.000754
14,512,OMP,0.0006172,0.0009148
15,512,OMP,0.0005258,0.0009344
16,512,OMP,0.0005162,0.0009602
17,512,OMP,0.0005344,0.000975
18,512,OMP,0.0005592,0.0010096
19,512,OMP,0.000567,0.0010168
20,512,OMP,0.0005742,0.001083
21,512,OMP,0.0005732,0.0010956
22,512,OMP,0.000606,0.0011328
23,512,OMP,0.000588,0.0011526
24,512,OMP,0.0006556,0.0011968
25,512,OMP,0.0006288,0.0012166
26,512,OMP,0.000668,0.0012332
27,512,OMP,0.0006748,0.0013422
28,512,OMP,0.0006734,0.001394
29,512,OMP,0.0007164,0.0014206
30,512,OMP,0.000761,0.0013832
31,512,OMP,0.000737,0.0014804
32,512,OMP,0.0007988,0.001531
33,512,OMP,0.0008086,0.0014426
34,512,OMP,0.0007992,0.0016078
35,512,OMP,0.000816,0.001558
36,512,OMP,0.0008916,0.0016656
37,512,OMP,0.0008718,0.0016634
38,512,OMP,0.0009064,0.0016534
39,512,OMP,0.0009678,0.0017262
40,512,OMP,0.0009052,0.0018188
41,512,OMP,0.0009508,0.0018444
42,512,OMP,0.0009298,0.0018716
43,512,OMP,0.0009716,0.00185
44,512,OMP,0.00104,0.0019334
45,512,OMP,0.000985,0.0019026
46,512,OMP,0.0010638,0.0020188
47,512,OMP,0.0010416,0.0019398
48,512,OMP,0.001035,0.0021304
49,512,OMP,0.0010576,0.0020502
50,512,OMP,0.0010788,0.0020678
51,512,OMP,0.001081,0.0022436
52,512,OMP,0.0011014,0.0022466
53,512,OMP,0.001105,0.0021944
54,512,OMP,0.001114,0.0023198
55,512,OMP,0.001171,0.0024708
56,512,OMP,0.0011788,0.002389
57,512,OMP,0.0012462,0.0024556
58,512,OMP,0.0012028,0.0024018
59,512,OMP,0.0012158,0.0024066
60,512,OMP,0.0012292,0.0025412
61,512,OMP,0.0012982,0.0024992
62,512,OMP,0.0012582,0.0025696
63,512,OMP,0.0012594,0.0025266
64,512,OMP,0.0013378,0.0025612
65,512,OMP,0.001355,0.002621
66,512,OMP,0.0013566,0.0025536
67,512,OMP,0.0013846,0.0024892
68,512,OMP,0.001554,0.0026164
69,512,OMP,0.0014728,0.0026184
70,512,OMP,0.001529,0.0026796
71,512,OMP,0.0015764,0.0026042
72,512,OMP,0.0015096,0.0025506
73,512,OMP,0.0015186,0.0025286
74,512,OMP,0.0015264,0.0026224
75,512,OMP,0.0016486,0.0026526
76,512,OMP,0.0016434,0.002752
77,512,OMP,0.0015438,0.0026112
78,512,OMP,0.0016176,0.0025862
79,512,OMP,0.0017476,0.0026562
80,512,OMP,0.0017772,0.0027722
81,512,OMP,0.0017042,0.002804
82,512,OMP,0.0017028,0.0025688
83,512,OMP,0.0018006,0.0026784
84,512,OMP,0.0018724,0.002545
85,512,OMP,0.002163,0.0025892
86,512,OMP,0.001995,0.002645
87,512,OMP,0.0025152,0.0026626
88,512,OMP,0.0038886,0.0027218
89,512,OMP,0.0047336,0.0027226
90,512,OMP,0.0039016,0.0026548
91,512,OMP,0.0050266,0.0036122
92,512,OMP,0.0077588,0.0053216
93,512,OMP,0.0089544,0.006401
94,512,OMP,0.0079462,0.0057312
95,512,OMP,0.0082712,0.0063252
96,512,OMP,0.0108664,0.0067514
1,1024,SEQ,0.0050552,0.021889
1,1024,OMP,0.0035262,0.0097576
2,1024,OMP,0.0026368,0.006355
3,1024,OMP,0.0021522,0.0046236
4,1024,OMP,0.0019346,0.0038354
5,1024,OMP,0.00151,0.0031288
6,1024,OMP,0.0015156,0.0026362
7,1024,OMP,0.0014668,0.0023396
8,1024,OMP,0.001331,0.0021002
9,1024,OMP,0.0013046,0.0019604
10,1024,OMP,0.0012492,0.0017328
11,1024,OMP,0.0010926,0.0016256
12,1024,OMP,0.0010994,0.0015656
13,1024,OMP,0.0011146,0.0014376
14,1024,OMP,0.0010758,0.0013858
15,1024,OMP,0.0011338,0.0013522
16,1024,OMP,0.0011252,0.001345
17,1024,OMP,0.0010294,0.001333
18,1024,OMP,0.0010452,0.001306
19,1024,OMP,0.0010458,0.0012742
20,1024,OMP,0.0010582,0.0012276
21,1024,OMP,0.0010512,0.0012268
22,1024,OMP,0.0010656,0.0013824
23,1024,OMP,0.0010338,0.0013638
24,1024,OMP,0.0010508,0.0014524
25,1024,OMP,0.0010162,0.0013232
26,1024,OMP,0.0011278,0.0015368
27,1024,OMP,0.0010328,0.0015172
28,1024,OMP,0.001049,0.0018714
29,1024,OMP,0.0010648,0.0013614
30,1024,OMP,0.0011034,0.0020464
31,1024,OMP,0.0011014,0.001876
32,1024,OMP,0.0011416,0.0014638
33,1024,OMP,0.0011454,0.002282
34,1024,OMP,0.001167,0.0020686
35,1024,OMP,0.0012226,0.0019844
36,1024,OMP,0.0012198,0.0020798
37,1024,OMP,0.00123,0.0018338
38,1024,OMP,0.0011692,0.001805
39,1024,OMP,0.001258,0.0026068
40,1024,OMP,0.001195,0.0026004
41,1024,OMP,0.0012224,0.0022644
42,1024,OMP,0.0012934,0.0016894
43,1024,OMP,0.0012942,0.0032474
44,1024,OMP,0.0012866,0.003187
45,1024,OMP,0.0012818,0.0026084
46,1024,OMP,0.0012688,0.0026072
47,1024,OMP,0.0014248,0.0038978
48,1024,OMP,0.0014166,0.0033912
49,1024,OMP,0.0014312,0.0035018
50,1024,OMP,0.0013848,0.0023736
51,1024,OMP,0.0014538,0.0032922
52,1024,OMP,0.0014658,0.0034054
53,1024,OMP,0.0014376,0.0029072
54,1024,OMP,0.001508,0.003477
55,1024,OMP,0.0015066,0.002541
56,1024,OMP,0.001539,0.0018744
57,1024,OMP,0.0015136,0.0026308
58,1024,OMP,0.0015086,0.0028296
59,1024,OMP,0.0016336,0.0044162
60,1024,OMP,0.0016358,0.0030738
61,1024,OMP,0.0016614,0.001744
62,1024,OMP,0.0016966,0.0045384
63,1024,OMP,0.0016338,0.0031686
64,1024,OMP,0.0016274,0.0041188
65,1024,OMP,0.0017484,0.0039948
66,1024,OMP,0.001699,0.0047056
67,1024,OMP,0.0017146,0.003663
68,1024,OMP,0.0017536,0.003284
69,1024,OMP,0.001798,0.0042506
70,1024,OMP,0.0018678,0.0041522
71,1024,OMP,0.0018924,0.0035244
72,1024,OMP,0.001908,0.0039216
73,1024,OMP,0.0018822,0.0047372
74,1024,OMP,0.0019586,0.0045374
75,1024,OMP,0.0019674,0.003731
76,1024,OMP,0.0019954,0.0031502
77,1024,OMP,0.0020236,0.0042286
78,1024,OMP,0.0020396,0.0037174
79,1024,OMP,0.002046,0.004511
80,1024,OMP,0.0020914,0.0039244
81,1024,OMP,0.0020436,0.003597
82,1024,OMP,0.0021634,0.0052926
83,1024,OMP,0.0020904,0.0062842
84,1024,OMP,0.0025202,0.0053284
85,1024,OMP,0.0021766,0.006046
86,1024,OMP,0.002493,0.0064044
87,1024,OMP,0.0034716,0.0042524
88,1024,OMP,0.0023564,0.0055386
89,1024,OMP,0.0028396,0.0048824
90,1024,OMP,0.0031052,0.0042096
91,1024,OMP,0.0059786,0.0061656
92,1024,OMP,0.0056506,0.0058974
93,1024,OMP,0.0076694,0.0075148
94,1024,OMP,0.004186,0.0076304
95,1024,OMP,0.0082288,0.0094924
96,1024,OMP,0.0087176,0.0102814
1,2048,SEQ,0.0231482,0.118614
1,2048,OMP,0.014459,0.042346
2,2048,OMP,0.0107952,0.0246262
3,2048,OMP,0.0081028,0.0188404
4,2048,OMP,0.0070348,0.015033
5,2048,OMP,0.0058072,0.0125476
6,2048,OMP,0.0051092,0.01082
7,2048,OMP,0.004698,0.0094096
8,2048,OMP,0.0041266,0.0084102
9,2048,OMP,0.0037082,0.0077322
10,2048,OMP,0.0035204,0.0070994
11,2048,OMP,0.0034906,0.0067706
12,2048,OMP,0.0032354,0.0061988
13,2048,OMP,0.0031328,0.005845
14,2048,OMP,0.0030946,0.005511
15,2048,OMP,0.0028708,0.0052388
16,2048,OMP,0.0028092,0.0051232
17,2048,OMP,0.002714,0.0047278
18,2048,OMP,0.0027478,0.00463
19,2048,OMP,0.0027436,0.0049872
20,2048,OMP,0.0026722,0.0049864
21,2048,OMP,0.0025888,0.004927
22,2048,OMP,0.0026794,0.004706
23,2048,OMP,0.0025316,0.004347
24,2048,OMP,0.0025066,0.0052954
25,2048,OMP,0.0026008,0.0042814
26,2048,OMP,0.002467,0.0041324
27,2048,OMP,0.0025156,0.0044628
28,2048,OMP,0.0025424,0.0044016
29,2048,OMP,0.0025822,0.0039986
30,2048,OMP,0.0025156,0.0039904
31,2048,OMP,0.002617,0.0041504
32,2048,OMP,0.0024602,0.0039754
33,2048,OMP,0.0025488,0.0039586
34,2048,OMP,0.0026302,0.0037284
35,2048,OMP,0.002534,0.0039208
36,2048,OMP,0.0026154,0.0034126
37,2048,OMP,0.0026442,0.0036054
38,2048,OMP,0.0027028,0.0036276
39,2048,OMP,0.0027774,0.0040322
40,2048,OMP,0.0028496,0.0034388
41,2048,OMP,0.0027624,0.0036568
42,2048,OMP,0.0026752,0.0038974
43,2048,OMP,0.0026368,0.0035018
44,2048,OMP,0.0029476,0.0033902
45,2048,OMP,0.002898,0.0033096
46,2048,OMP,0.0026946,0.0033314
47,2048,OMP,0.002716,0.0033704
48,2048,OMP,0.0028144,0.0034596
49,2048,OMP,0.0028092,0.0036846
50,2048,OMP,0.0028492,0.0031218
51,2048,OMP,0.0027492,0.0031682
52,2048,OMP,0.002941,0.0033446
53,2048,OMP,0.0027756,0.0031768
54,2048,OMP,0.0028458,0.0031594
55,2048,OMP,0.002686,0.0034266
56,2048,OMP,0.002965,0.0031328
57,2048,OMP,0.0029536,0.0031948
58,2048,OMP,0.0028438,0.0032588
59,2048,OMP,0.0029324,0.0034952
60,2048,OMP,0.0030228,0.0033444
61,2048,OMP,0.0029886,0.003726
62,2048,OMP,0.0028516,0.0042792
63,2048,OMP,0.0028838,0.003827
64,2048,OMP,0.0029108,0.0032756
65,2048,OMP,0.0031078,0.0037164
66,2048,OMP,0.0029724,0.0031474
67,2048,OMP,0.0030112,0.0041922
68,2048,OMP,0.0031372,0.0040144
69,2048,OMP,0.0031706,0.0047958
70,2048,OMP,0.0030646,0.0035764
71,2048,OMP,0.0032676,0.0046276
72,2048,OMP,0.003121,0.0048226
73,2048,OMP,0.0030934,0.0047512
74,2048,OMP,0.0031794,0.0036432
75,2048,OMP,0.0047536,0.0035774
76,2048,OMP,0.0038966,0.0034828
77,2048,OMP,0.0031008,0.0033774
78,2048,OMP,0.0033726,0.0038176
79,2048,OMP,0.0053434,0.0039594
80,2048,OMP,0.003208,0.0042966
81,2048,OMP,0.0039206,0.0050888
82,2048,OMP,0.00487,0.0055048
83,2048,OMP,0.0039308,0.004561
84,2048,OMP,0.0033682,0.004462
85,2048,OMP,0.0039174,0.0041272
86,2048,OMP,0.0033742,0.0041868
87,2048,OMP,0.0048212,0.0041994
88,2048,OMP,0.0034686,0.004919
89,2048,OMP,0.0046144,0.0041338
90,2048,OMP,0.0077154,0.0085384
91,2048,OMP,0.0077134,0.0074878
92,2048,OMP,0.0063544,0.0066914
93,2048,OMP,0.0091656,0.0071126
94,2048,OMP,0.010094,0.0082004
95,2048,OMP,0.0110504,0.0112208
96,2048,OMP,0.0109644,0.01336
1,4096,SEQ,0.4712824,1.2339612
1,4096,OMP,0.0910742,0.2178512
2,4096,OMP,0.0548602,0.1258736
3,4096,OMP,0.0402968,0.0888406
4,4096,OMP,0.0322092,0.0688688
5,4096,OMP,0.0262764,0.055553
6,4096,OMP,0.0227698,0.0467158
7,4096,OMP,0.020292,0.0403674
8,4096,OMP,0.0175364,0.0357068
9,4096,OMP,0.016516,0.0329904
10,4096,OMP,0.0151924,0.0299928
11,4096,OMP,0.0144072,0.0278986
12,4096,OMP,0.0134246,0.0260998
13,4096,OMP,0.012872,0.0241076
14,4096,OMP,0.0119434,0.0223976
15,4096,OMP,0.0116056,0.0224428
16,4096,OMP,0.0112574,0.021259
17,4096,OMP,0.0106562,0.020006
18,4096,OMP,0.0105364,0.0198862
19,4096,OMP,0.010209,0.0184344
20,4096,OMP,0.0099268,0.0190714
21,4096,OMP,0.0097418,0.0183356
22,4096,OMP,0.0095822,0.0188136
23,4096,OMP,0.0092968,0.0187446
24,4096,OMP,0.0092476,0.0160384
25,4096,OMP,0.0089956,0.017502
26,4096,OMP,0.0089748,0.0152638
27,4096,OMP,0.008846,0.0170184
28,4096,OMP,0.008723,0.0153538
29,4096,OMP,0.0088968,0.0162788
30,4096,OMP,0.0085424,0.0167144
31,4096,OMP,0.0086178,0.0163256
32,4096,OMP,0.0086126,0.0160914
33,4096,OMP,0.0085252,0.0158572
34,4096,OMP,0.008429,0.015229
35,4096,OMP,0.0085476,0.016921
36,4096,OMP,0.0084462,0.0144426
37,4096,OMP,0.0086508,0.0148354
38,4096,OMP,0.0084638,0.0143316
39,4096,OMP,0.0085616,0.0175394
40,4096,OMP,0.0085342,0.0147134
41,4096,OMP,0.0082248,0.0158892
42,4096,OMP,0.008536,0.015408
43,4096,OMP,0.0089042,0.016648
44,4096,OMP,0.008789,0.014722
45,4096,OMP,0.0085186,0.0146738
46,4096,OMP,0.0082768,0.0146406
47,4096,OMP,0.0083224,0.0144986
48,4096,OMP,0.0087852,0.0147086
49,4096,OMP,0.0083114,0.0146138
50,4096,OMP,0.0086498,0.01407
51,4096,OMP,0.008534,0.0152564
52,4096,OMP,0.0085964,0.0135854
53,4096,OMP,0.0084794,0.0139404
54,4096,OMP,0.0085498,0.0132978
55,4096,OMP,0.008497,0.0138314
56,4096,OMP,0.0087684,0.014083
57,4096,OMP,0.0085622,0.015296
58,4096,OMP,0.00893,0.0131902
59,4096,OMP,0.008587,0.0132758
60,4096,OMP,0.008986,0.0130364
61,4096,OMP,0.0085568,0.013559
62,4096,OMP,0.008886,0.0137512
63,4096,OMP,0.0088094,0.0144598
64,4096,OMP,0.0086768,0.0127022
65,4096,OMP,0.0086144,0.0137112
66,4096,OMP,0.0087626,0.0126362
67,4096,OMP,0.0086526,0.0141274
68,4096,OMP,0.0088858,0.0128446
69,4096,OMP,0.00911,0.013575
70,4096,OMP,0.00899,0.0132116
71,4096,OMP,0.0088014,0.0136108
72,4096,OMP,0.0089578,0.015082
73,4096,OMP,0.0090388,0.0155398
74,4096,OMP,0.008988,0.0154822
75,4096,OMP,0.0088116,0.0149552
76,4096,OMP,0.0090964,0.0153078
77,4096,OMP,0.0089092,0.014957
78,4096,OMP,0.0088694,0.0161358
79,4096,OMP,0.0090908,0.016117
80,4096,OMP,0.0088514,0.0164454
81,4096,OMP,0.0097522,0.0166458
82,4096,OMP,0.0088838,0.0153808
83,4096,OMP,0.0089306,0.0155182
84,4096,OMP,0.0111706,0.018148
85,4096,OMP,0.0091186,0.0154612
86,4096,OMP,0.010821,0.0156948
87,4096,OMP,0.0107714,0.0151378
88,4096,OMP,0.0121204,0.0140602
89,4096,OMP,0.0110636,0.0133336
90,4096,OMP,0.0134394,0.0158572
91,4096,OMP,0.0134388,0.0130136
92,4096,OMP,0.0137168,0.0172176
93,4096,OMP,0.012572,0.015143
94,4096,OMP,0.0151328,0.016114
95,4096,OMP,0.0149124,0.0171898
96,4096,OMP,0.0175248,0.018913
