Processes,Dim,Version,RollingMean_MatTranspose,SpeedupMatTrans,EfficiencyMatTrans
1,16,SEQ,1.2e-06,,
1,16,MPI BDV,0.0001736,0.0069124423963133645,0.6912442396313364
4,16,MPI BDV,0.0004036,0.002973240832507433,0.07433102081268583
16,16,MPI BDV,0.000726,0.001652892561983471,0.010330578512396695
1,16,MPI DT,1e-06,1.2,120.0
2,16,MPI DT,3.4200000000000005e-05,0.035087719298245605,1.7543859649122802
3,16,MPI DT,3.920000000000001e-05,0.030612244897959173,1.0204081632653057
4,16,MPI DT,3.8799999999999994e-05,0.030927835051546396,0.7731958762886599
5,16,MPI DT,3.84e-05,0.03125,0.625
6,16,MPI DT,4.9400000000000015e-05,0.024291497975708492,0.4048582995951415
7,16,MPI DT,4.8599999999999995e-05,0.02469135802469136,0.35273368606701944
8,16,MPI DT,4.94e-05,0.0242914979757085,0.30364372469635625
9,16,MPI DT,5.680000000000001e-05,0.021126760563380278,0.23474178403755866
10,16,MPI DT,0.00021740000000000005,0.005519779208831645,0.05519779208831646
11,16,MPI DT,6.14e-05,0.019543973941368076,0.1776724903760734
12,16,MPI DT,0.000293,0.00409556313993174,0.0341296928327645
13,16,MPI DT,0.000153,0.00784313725490196,0.06033182503770739
14,16,MPI DT,0.0002318,0.005176876617773943,0.03697769012695673
15,16,MPI DT,0.0004182,0.0028694404591104736,0.01912960306073649
16,16,MPI DT,0.0003242,0.0037014188772362734,0.023133867982726708
17,16,MPI DT,0.00041479999999999995,0.0028929604628736743,0.0170174144874922
18,16,MPI DT,0.00034160000000000006,0.003512880562060889,0.019516003122560494
19,16,MPI DT,0.00043,0.0027906976744186047,0.014687882496940025
20,16,MPI DT,0.00035380000000000003,0.003391746749576031,0.016958733747880157
21,16,MPI DT,0.00043419999999999993,0.002763703362505758,0.013160492202408372
22,16,MPI DT,0.0004422000000000001,0.0027137042062415186,0.01233501911927963
23,16,MPI DT,0.0005774000000000003,0.002078281953585035,0.009036008493847978
24,16,MPI DT,0.0005367999999999999,0.0022354694485842027,0.009314456035767511
25,16,MPI DT,0.0004672000000000001,0.002568493150684931,0.010273972602739724
26,16,MPI DT,0.0005637999999999999,0.0021284143313231646,0.008186208966627556
27,16,MPI DT,0.0029804,0.00040263051939337,0.0014912241459013704
28,16,MPI DT,0.0006012000000000001,0.001996007984031936,0.0071285999429712
29,16,MPI DT,0.0005558,0.0021590500179920835,0.007445000062041667
30,16,MPI DT,0.0005545999999999999,0.002163721601153985,0.00721240533717995
31,16,MPI DT,0.0005809999999999999,0.0020654044750430295,0.006662595080783967
32,16,MPI DT,0.0005924000000000001,0.0020256583389601616,0.006330182309250506
33,16,MPI DT,0.0013168,0.0009113001215066828,0.0027615155197172206
34,16,MPI DT,0.0005676,0.002114164904862579,0.006218132073125233
35,16,MPI DT,0.0004866000000000001,0.002466091245376078,0.007045974986788794
36,16,MPI DT,0.0005803999999999999,0.0020675396278428673,0.005743165632896854
37,16,MPI DT,0.00045220000000000004,0.002653693056169836,0.007172143395053611
38,16,MPI DT,0.0005514,0.002176278563656148,0.005727048851726706
39,16,MPI DT,0.0005164,0.0023237800154918666,0.005958410296132991
40,16,MPI DT,0.0006087999999999999,0.001971090670170828,0.00492772667542707
41,16,MPI DT,0.0005154,0.002328288707799767,0.00567875294585309
42,16,MPI DT,0.0016999999999999995,0.0007058823529411766,0.0016806722689075633
43,16,MPI DT,0.0005606,0.0021405636817695326,0.004978055073882634
44,16,MPI DT,0.0010192,0.0011773940345368916,0.00267589553303839
45,16,MPI DT,0.0009204,0.001303780964797914,0.0028972910328842532
46,16,MPI DT,0.0008921999999999998,0.0013449899125756559,0.002923891114294904
47,16,MPI DT,0.0006274,0.0019126554032515143,0.0040694795813862004
48,16,MPI DT,0.0006392,0.0018773466833541925,0.0039111389236545675
49,16,MPI DT,0.0006306,0.0019029495718363462,0.003883570554768053
50,16,MPI DT,0.0005283999999999999,0.002271006813020439,0.004542013626040878
51,16,MPI DT,0.0006476,0.0018529956763434217,0.0036333248555753365
52,16,MPI DT,0.002326,0.0005159071367153912,0.00099212910906806
53,16,MPI DT,0.0006564,0.0018281535648994513,0.0034493463488668896
54,16,MPI DT,0.0006263999999999999,0.0019157088122605365,0.003547608911593586
55,16,MPI DT,0.0012545999999999998,0.0009564801530368245,0.0017390548237033174
56,16,MPI DT,0.0006552000000000001,0.001831501831501831,0.0032705389848246987
57,16,MPI DT,0.0006793999999999999,0.0017662643508978512,0.0030987093875400893
58,16,MPI DT,0.0006547999999999999,0.0018326206475259624,0.0031596907715964865
59,16,MPI DT,0.0006726,0.001784121320249777,0.003023934441101317
60,16,MPI DT,0.0006896,0.0017401392111368909,0.002900232018561485
61,16,MPI DT,0.0006580000000000001,0.0018237082066869298,0.0029896855847326717
62,16,MPI DT,0.0008085999999999999,0.0014840465001236707,0.0023936233872962434
63,16,MPI DT,0.000688,0.0017441860465116277,0.0027685492801771865
64,16,MPI DT,0.0007132000000000001,0.0016825574873808185,0.002628996074032529
65,16,MPI DT,0.0006938,0.0017296050735082157,0.002660930882320332
66,16,MPI DT,0.0009629999999999998,0.0012461059190031155,0.0018880392712168417
67,16,MPI DT,0.0009954,0.0012055455093429777,0.0017993216557357877
68,16,MPI DT,0.0006818,0.0017600469345849222,0.002588304315566062
69,16,MPI DT,0.0011108,0.0010803024846957148,0.0015656557749213257
70,16,MPI DT,0.0006876,0.001745200698080279,0.0024931438544003987
71,16,MPI DT,0.0007601999999999999,0.0015785319652722968,0.002223284458129995
72,16,MPI DT,0.0007622000000000001,0.0015743899239044868,0.002186652672089565
73,16,MPI DT,0.0031446,0.00038160656363289447,0.0005227487173053349
74,16,MPI DT,0.0007578,0.001583531274742676,0.0021399071280306433
75,16,MPI DT,0.0007306,0.0016424856282507528,0.0021899808376676707
76,16,MPI DT,0.0033464,0.00035859431030360985,0.00047183461882053927
77,16,MPI DT,0.0007834000000000001,0.0015317845289762571,0.0019893305571120224
78,16,MPI DT,0.000775,0.0015483870967741935,0.0019851116625310174
79,16,MPI DT,0.0008590000000000001,0.0013969732246798601,0.001768320537569443
80,16,MPI DT,0.0008448,0.0014204545454545453,0.0017755681818181818
81,16,MPI DT,0.0008429999999999997,0.0014234875444839863,0.0017573920302271435
82,16,MPI DT,0.0007897999999999999,0.0015193719929095975,0.001852892674279997
83,16,MPI DT,0.0032638000000000007,0.00036766958759727915,0.00044297540674370986
84,16,MPI DT,0.0011274000000000002,0.0010643959552953696,0.0012671380420182972
85,16,MPI DT,0.003255200000000001,0.0003686409437208158,0.0004336952279068421
86,16,MPI DT,0.0029771999999999997,0.00040306328093510683,0.0004686782336454731
87,16,MPI DT,0.0008119999999999999,0.001477832512315271,0.0016986580601324956
88,16,MPI DT,0.0023156,0.0005182242183451373,0.0005888911572103833
89,16,MPI DT,0.003327,0.0003606853020739405,0.0004052643843527421
90,16,MPI DT,0.0008774000000000001,0.0013676772281741507,0.0015196413646379452
91,16,MPI DT,0.0016728,0.0007173601147776184,0.0007883078184369432
92,16,MPI DT,0.0008742000000000001,0.0013726835964310224,0.0014920473874250244
93,16,MPI DT,0.0105656,0.00011357613386840312,0.0001221248751273152
94,16,MPI DT,0.0081084,0.0001479946721918011,0.0001574411406295756
95,16,MPI DT,0.005954600000000001,0.00020152487152789436,0.000212131443713573
96,16,MPI DT,0.00834,0.00014388489208633093,0.00014988009592326138
1,32,SEQ,6.4e-06,,
1,32,MPI BDV,0.00018659999999999998,0.03429796355841372,3.429796355841372
4,32,MPI BDV,0.0005943999999999999,0.010767160161507404,0.26917900403768513
16,32,MPI BDV,0.0007,0.009142857142857142,0.057142857142857134
1,32,MPI DT,2e-06,3.2,320.0
2,32,MPI DT,3.9200000000000004e-05,0.16326530612244897,8.16326530612245
3,32,MPI DT,4.02e-05,0.15920398009950248,5.306799336650083
4,32,MPI DT,4.44e-05,0.14414414414414414,3.6036036036036037
5,32,MPI DT,4.3200000000000007e-05,0.1481481481481481,2.9629629629629624
6,32,MPI DT,4.56e-05,0.14035087719298245,2.3391812865497075
7,32,MPI DT,4.8200000000000006e-05,0.13278008298755184,1.8968583283935976
8,32,MPI DT,5.520000000000001e-05,0.11594202898550722,1.4492753623188404
9,32,MPI DT,5.56e-05,0.11510791366906474,1.2789768185451638
10,32,MPI DT,0.00015859999999999998,0.04035308953341741,0.40353089533417413
11,32,MPI DT,7.139999999999999e-05,0.08963585434173671,0.8148714031066974
12,32,MPI DT,0.00016800000000000002,0.03809523809523809,0.31746031746031744
13,32,MPI DT,6.759999999999999e-05,0.09467455621301776,0.7282658170232136
14,32,MPI DT,0.0002416,0.026490066225165563,0.1892147587511826
15,32,MPI DT,0.00017380000000000002,0.036823935558112766,0.24549290372075178
16,32,MPI DT,0.0002364,0.02707275803722504,0.1692047377326565
17,32,MPI DT,0.00014519999999999998,0.0440771349862259,0.25927726462485823
18,32,MPI DT,0.00016319999999999998,0.0392156862745098,0.21786492374727667
19,32,MPI DT,0.0004194,0.015259895088221268,0.08031523730642773
20,32,MPI DT,0.00025199999999999995,0.0253968253968254,0.126984126984127
21,32,MPI DT,0.00032060000000000004,0.01996257018091079,0.09505985800433708
22,32,MPI DT,0.0003686,0.017362995116657624,0.07892270507571647
23,32,MPI DT,0.0002906,0.02202339986235375,0.0957539124450163
24,32,MPI DT,0.0005468,0.011704462326261888,0.0487685930260912
25,32,MPI DT,0.0004902,0.013055895552835577,0.052223582211342316
26,32,MPI DT,0.00046939999999999997,0.013634426927993182,0.05244010356920454
27,32,MPI DT,0.000553,0.011573236889692586,0.042863840332194765
28,32,MPI DT,0.0005679999999999999,0.011267605633802818,0.040241448692152924
29,32,MPI DT,0.0005348,0.011967090501121914,0.0412658293142135
30,32,MPI DT,0.0005572,0.01148600143575018,0.0382866714525006
31,32,MPI DT,0.0005792000000000001,0.011049723756906075,0.035644270183567986
32,32,MPI DT,0.0005542,0.01154817755322988,0.03608805485384337
33,32,MPI DT,0.0005596,0.011436740528949248,0.03465678948166439
34,32,MPI DT,0.0005612,0.011404133998574484,0.0335415705840426
35,32,MPI DT,0.0005482,0.011674571324334184,0.03335591806952624
36,32,MPI DT,0.0008636000000000001,0.007410838351088466,0.02058566208635685
37,32,MPI DT,0.0005685999999999999,0.011255715793176222,0.03042085349507087
38,32,MPI DT,0.0005288000000000001,0.01210287443267776,0.031849669559678315
39,32,MPI DT,0.0005344,0.011976047904191617,0.030707815138952863
40,32,MPI DT,0.0004990000000000001,0.012825651302605207,0.032064128256513016
41,32,MPI DT,0.0004448,0.014388489208633093,0.0350938761186173
42,32,MPI DT,0.000629,0.010174880763116057,0.024225906578847753
43,32,MPI DT,0.0006383999999999999,0.010025062656641605,0.023314099201492106
44,32,MPI DT,0.0006123999999999999,0.010450685826257348,0.02375155869603943
45,32,MPI DT,0.0006476,0.009882643607164916,0.021961430238144255
46,32,MPI DT,0.0006122,0.010454099967330937,0.022726304276806386
47,32,MPI DT,0.000593,0.010792580101180439,0.022962936385490296
48,32,MPI DT,0.0005624,0.011379800853485063,0.02370791844476055
49,32,MPI DT,0.0006657999999999999,0.009612496245118654,0.019617339275752356
50,32,MPI DT,0.0006940000000000001,0.009221902017291065,0.01844380403458213
51,32,MPI DT,0.0006094000000000001,0.010502133245815554,0.020592418129050105
52,32,MPI DT,0.0006402000000000001,0.009996875976257417,0.019224761492802726
53,32,MPI DT,0.0006904,0.009269988412514484,0.01749054417455563
54,32,MPI DT,0.0006405999999999999,0.009990633780830474,0.01850117366820458
55,32,MPI DT,0.000558,0.011469534050179211,0.020853698273053112
56,32,MPI DT,0.0006845999999999999,0.009348524685947998,0.016693794082049997
57,32,MPI DT,0.0006478,0.009879592466810742,0.017332618362825864
58,32,MPI DT,0.0007311999999999999,0.008752735229759301,0.015090922809929831
59,32,MPI DT,0.0006034,0.010606562810739144,0.017977225102947702
60,32,MPI DT,0.0007028000000000001,0.009106431417188388,0.015177385695313982
61,32,MPI DT,0.0006724000000000001,0.009518143961927423,0.0156035146916843
62,32,MPI DT,0.0007074000000000001,0.009047215154085382,0.014592282506589326
63,32,MPI DT,0.0006935999999999999,0.00922722029988466,0.014646381428388349
64,32,MPI DT,0.0011404000000000002,0.005612065941774815,0.008768853034023147
65,32,MPI DT,0.0006801999999999999,0.009408997353719495,0.014475380544183838
66,32,MPI DT,0.0007076000000000001,0.009044657998869417,0.013704027271014269
67,32,MPI DT,0.0006041999999999999,0.010592519033432638,0.01580972990064573
68,32,MPI DT,0.0006766,0.009459060005911913,0.013910382361635167
69,32,MPI DT,0.0007627999999999999,0.008390141583639224,0.012159625483535106
70,32,MPI DT,0.0006642,0.009635651912074676,0.013765217017249538
71,32,MPI DT,0.0006732,0.0095068330362448,0.01338990568485183
72,32,MPI DT,0.000676,0.009467455621301775,0.013149243918474687
73,32,MPI DT,0.0007693999999999999,0.008318170002599429,0.011394753428218397
74,32,MPI DT,0.0007698,0.00831384775266303,0.011234929395490582
75,32,MPI DT,0.0008254000000000001,0.007753816331475647,0.010338421775300862
76,32,MPI DT,0.0007384,0.00866738894907909,0.011404459143525118
77,32,MPI DT,0.0033194,0.0019280592878231004,0.0025039731010689614
78,32,MPI DT,0.003246,0.001971657424522489,0.002527765928874986
79,32,MPI DT,0.0012352,0.005181347150259067,0.0065586672788089445
80,32,MPI DT,0.0007954000000000001,0.008046266029670604,0.010057832537088255
81,32,MPI DT,0.0007670000000000001,0.008344198174706647,0.010301479228032897
82,32,MPI DT,0.0010036,0.006377042646472698,0.007776881276186217
83,32,MPI DT,0.0009324,0.006864006864006864,0.008269887787960077
84,32,MPI DT,0.0032298,0.0019815468450058824,0.002358984339292717
85,32,MPI DT,0.0010209999999999998,0.006268364348677768,0.0073745462925620805
86,32,MPI DT,0.0007497999999999999,0.008535609495865565,0.009925127320773913
87,32,MPI DT,0.0056902,0.0011247407823978066,0.0012928054970089732
88,32,MPI DT,0.0032380000000000004,0.0019765287214329828,0.002246055365264753
89,32,MPI DT,0.0008766,0.00730093543235227,0.008203298238598056
90,32,MPI DT,0.003553600000000001,0.0018009905447996391,0.0020011006053329327
91,32,MPI DT,0.006012399999999999,0.0010644667686780654,0.001169743701844028
92,32,MPI DT,0.005795799999999999,0.0011042479036543706,0.001200269460493881
93,32,MPI DT,0.0032472,0.001970928800197093,0.0021192782797818206
94,32,MPI DT,0.0036108000000000004,0.0017724603965880135,0.001885596166582993
95,32,MPI DT,0.015388199999999998,0.00041590309457896317,0.0004377927311357507
96,32,MPI DT,0.010551799999999998,0.0006065315870278057,0.0006318037364872976
1,64,SEQ,2.7600000000000003e-05,,
1,64,MPI BDV,0.00017979999999999998,0.15350389321468302,15.350389321468302
4,64,MPI BDV,0.0006454,0.04276417725441587,1.0691044313603968
16,64,MPI BDV,0.0008513999999999999,0.03241719520789289,0.20260747004933058
64,64,MPI BDV,0.0011144,0.02476669059583633,0.038697954055994264
1,64,MPI DT,1.2e-05,2.3000000000000003,230.00000000000003
2,64,MPI DT,5.98e-05,0.4615384615384616,23.07692307692308
3,64,MPI DT,5.7e-05,0.4842105263157895,16.140350877192983
4,64,MPI DT,6.200000000000003e-05,0.4451612903225805,11.129032258064512
5,64,MPI DT,5.86e-05,0.47098976109215024,9.419795221843005
6,64,MPI DT,6.459999999999998e-05,0.4272445820433438,7.120743034055731
7,64,MPI DT,6.1e-05,0.4524590163934427,6.463700234192039
8,64,MPI DT,6.840000000000001e-05,0.40350877192982454,5.0438596491228065
9,64,MPI DT,8.700000000000001e-05,0.3172413793103448,3.5249042145593865
10,64,MPI DT,9.159999999999999e-05,0.30131004366812236,3.0131004366812237
11,64,MPI DT,0.00011599999999999999,0.23793103448275868,2.163009404388715
12,64,MPI DT,9.259999999999999e-05,0.2980561555075595,2.483801295896329
13,64,MPI DT,0.0001036,0.26640926640926643,2.0493020493020495
14,64,MPI DT,0.0001336,0.20658682634730544,1.4756201881950388
15,64,MPI DT,0.00010700000000000001,0.25794392523364484,1.7196261682242988
16,64,MPI DT,8.04e-05,0.3432835820895523,2.145522388059702
17,64,MPI DT,0.00012319999999999999,0.22402597402597407,1.3177998472116121
18,64,MPI DT,0.00024619999999999997,0.1121039805036556,0.6227998916869756
19,64,MPI DT,0.0001406,0.19630156472261737,1.0331661301190387
20,64,MPI DT,0.0002986,0.09243134628265239,0.4621567314132619
21,64,MPI DT,0.00013580000000000002,0.203240058910162,0.9678098043341047
22,64,MPI DT,0.0002298,0.12010443864229767,0.5459292665558985
23,64,MPI DT,0.00034100000000000005,0.08093841642228738,0.3519061583577712
24,64,MPI DT,0.0002444,0.11292962356792147,0.4705400981996728
25,64,MPI DT,0.000515,0.05359223300970874,0.21436893203883495
26,64,MPI DT,0.0004422000000000001,0.062415196743554946,0.24005844901367288
27,64,MPI DT,0.0004294,0.06427573358174198,0.23805827252497028
28,64,MPI DT,0.0001742,0.1584385763490241,0.5658520583893718
29,64,MPI DT,0.00044699999999999997,0.061744966442953034,0.21291367738949324
30,64,MPI DT,0.0002452,0.11256117455138664,0.3752039151712888
31,64,MPI DT,0.00035860000000000004,0.0769659788064696,0.24827735098861162
32,64,MPI DT,0.00030619999999999996,0.09013716525146966,0.2816786414108427
33,64,MPI DT,0.000545,0.05064220183486239,0.1534612176814012
34,64,MPI DT,0.0003952000000000001,0.06983805668016194,0.2054060490592998
35,64,MPI DT,0.0003198,0.08630393996247655,0.24658268560707586
36,64,MPI DT,0.0005064000000000001,0.054502369668246446,0.15139547130068456
37,64,MPI DT,0.0006238000000000001,0.0442449503045848,0.11958094676914811
38,64,MPI DT,0.0006720000000000001,0.04107142857142857,0.1080827067669173
39,64,MPI DT,0.0004346,0.06350667280257709,0.1628376225707105
40,64,MPI DT,0.0007918000000000003,0.034857287193735785,0.08714321798433947
41,64,MPI DT,0.0004364,0.06324472960586619,0.15425543806308828
42,64,MPI DT,0.0010527999999999998,0.026215805471124627,0.062418584455058636
43,64,MPI DT,0.0006201999999999999,0.04450177362141246,0.10349249679398247
44,64,MPI DT,0.0004958,0.05566760790641388,0.12651729069639517
45,64,MPI DT,0.0011154000000000001,0.02474448628294782,0.05498774729543961
46,64,MPI DT,0.0005518000000000001,0.05001812250815513,0.10873504893077202
47,64,MPI DT,0.000786,0.035114503816793895,0.07471171024849765
48,64,MPI DT,0.0006608,0.04176755447941889,0.08701573849878935
49,64,MPI DT,0.00108,0.025555555555555557,0.052154195011337875
50,64,MPI DT,0.0005327999999999999,0.051801801801801814,0.10360360360360363
51,64,MPI DT,0.0005534,0.049873509215757145,0.09779119454070029
52,64,MPI DT,0.000923,0.029902491874322864,0.05750479206600551
53,64,MPI DT,0.0006211999999999999,0.04443013522215069,0.08383044381537866
54,64,MPI DT,0.0010864000000000002,0.02540500736377025,0.04704630993290787
55,64,MPI DT,0.0008298,0.033261026753434564,0.06047459409715375
56,64,MPI DT,0.0006416,0.04301745635910225,0.07681688635553972
57,64,MPI DT,0.0005451999999999999,0.05062362435803376,0.08881337606672589
58,64,MPI DT,0.000688,0.040116279069767447,0.06916599839615077
59,64,MPI DT,0.0007147999999999999,0.038612199216564086,0.06544440545180354
60,64,MPI DT,0.0007553999999999999,0.036536934074662436,0.06089489012443739
61,64,MPI DT,0.0013333999999999998,0.02069896505174742,0.03393272959302855
62,64,MPI DT,0.0008506000000000001,0.03244768398777334,0.05233497417382797
63,64,MPI DT,0.0007692,0.0358814352574103,0.056954659138746505
64,64,MPI DT,0.0006882000000000001,0.040104620749782036,0.06266346992153443
65,64,MPI DT,0.0007092,0.038917089678511006,0.05987244565924771
66,64,MPI DT,0.0008906000000000002,0.030990343588591956,0.04695506604332115
67,64,MPI DT,0.0009196,0.030013049151805134,0.044795595748962885
68,64,MPI DT,0.0007946,0.03473445758872389,0.05108008468929984
69,64,MPI DT,0.0008337999999999999,0.033101463180618865,0.04797313504437516
70,64,MPI DT,0.000608,0.045394736842105265,0.06484962406015038
71,64,MPI DT,0.0008312000000000001,0.033205004812319534,0.04676761241171765
72,64,MPI DT,0.0008988000000000002,0.03070761014686248,0.042649458537309
73,64,MPI DT,0.0008818000000000002,0.03129961442503969,0.04287618414388998
74,64,MPI DT,0.0008985999999999998,0.03071444469174272,0.041506006340192865
75,64,MPI DT,0.000909,0.030363036303630367,0.04048404840484049
76,64,MPI DT,0.0009662,0.028565514386255438,0.03758620313980979
77,64,MPI DT,0.0008730000000000001,0.03161512027491409,0.04105859775962868
78,64,MPI DT,0.0010023999999999999,0.027533918595371118,0.03529989563509117
79,64,MPI DT,0.0010522,0.02623075460938985,0.03320348684732893
80,64,MPI DT,0.0009891999999999998,0.027901334411645783,0.03487666801455723
81,64,MPI DT,0.0060344000000000005,0.0045737770117990195,0.005646638286171629
82,64,MPI DT,0.015969999999999998,0.0017282404508453355,0.0021076103059089455
83,64,MPI DT,0.0010384,0.026579352850539292,0.03202331668739674
84,64,MPI DT,0.0033488000000000003,0.008241758241758242,0.009811616954474097
85,64,MPI DT,0.0112624,0.002450632192072738,0.002883096696556162
86,64,MPI DT,0.0011016,0.02505446623093682,0.029133100268531185
87,64,MPI DT,0.0011288,0.024450744153082925,0.028104303624233246
88,64,MPI DT,0.011874,0.002324406265790804,0.0026413707565804594
89,64,MPI DT,0.0052036,0.005304020293642863,0.0059595733636436665
90,64,MPI DT,0.0124706,0.002213205459240133,0.002459117176933481
91,64,MPI DT,0.008097799999999999,0.0034083331275161165,0.00374542101924848
92,64,MPI DT,0.011450799999999999,0.00241031194327034,0.002619904286163413
93,64,MPI DT,0.018940400000000003,0.0014572025933982386,0.001566884509030364
94,64,MPI DT,0.0012622,0.02186658215813659,0.023262321444826158
95,64,MPI DT,0.016161400000000003,0.0017077728414617544,0.0017976556225913203
96,64,MPI DT,0.01652,0.0016707021791767557,0.0017403147699757873
1,128,SEQ,7.840000000000001e-05,,
1,128,MPI BDV,0.0002768,0.2832369942196532,28.32369942196532
4,128,MPI BDV,0.0004256000000000001,0.18421052631578946,4.605263157894736
16,128,MPI BDV,0.0007907999999999999,0.09914011127971677,0.6196256954982298
64,128,MPI BDV,0.0012234000000000001,0.06408370116069968,0.10013078306359326
1,128,MPI DT,5.6200000000000004e-05,1.395017793594306,139.5017793594306
2,128,MPI DT,0.00011199999999999997,0.7000000000000003,35.000000000000014
3,128,MPI DT,0.00012979999999999998,0.6040061633281973,20.133538777606578
4,128,MPI DT,0.00012460000000000002,0.6292134831460674,15.730337078651685
5,128,MPI DT,0.00013519999999999998,0.5798816568047339,11.597633136094679
6,128,MPI DT,0.0001372,0.5714285714285715,9.523809523809526
7,128,MPI DT,0.00013739999999999998,0.5705967976710337,8.15138282387191
8,128,MPI DT,0.00013959999999999998,0.5616045845272207,7.020057306590259
9,128,MPI DT,0.000167,0.46946107784431146,5.2162341982701275
10,128,MPI DT,0.00027739999999999997,0.2826243691420332,2.826243691420332
11,128,MPI DT,0.0002102,0.3729781160799239,3.3907101461811266
12,128,MPI DT,0.0001836,0.4270152505446624,3.55846042120552
13,128,MPI DT,0.0001906,0.4113326337880378,3.1640971829849063
14,128,MPI DT,0.0002444,0.3207855973813421,2.291325695581015
15,128,MPI DT,0.0002222,0.35283528352835286,2.3522352235223525
16,128,MPI DT,0.0001712,0.45794392523364497,2.862149532710281
17,128,MPI DT,0.0002226,0.35220125786163525,2.0717721050684426
18,128,MPI DT,0.0002266,0.3459841129744043,1.9221339609689125
19,128,MPI DT,0.0002424,0.32343234323432346,1.7022754907069657
20,128,MPI DT,0.00026260000000000004,0.2985529322162985,1.4927646610814926
21,128,MPI DT,0.00026999999999999995,0.29037037037037045,1.3827160493827164
22,128,MPI DT,0.00040119999999999994,0.19541375872382857,0.8882443578355844
23,128,MPI DT,0.00030900000000000003,0.2537216828478964,1.103137751512593
24,128,MPI DT,0.0003196,0.24530663329161453,1.0221109720483939
25,128,MPI DT,0.00034999999999999994,0.22400000000000006,0.8960000000000002
26,128,MPI DT,0.00024959999999999994,0.3141025641025642,1.2080867850098624
27,128,MPI DT,0.0003854,0.20342501297353402,0.7534259739760519
28,128,MPI DT,0.0005053999999999999,0.15512465373961223,0.5540166204986151
29,128,MPI DT,0.0004252,0.18438381937911574,0.6358062737210888
30,128,MPI DT,0.0004646,0.16874730951356007,0.562491031711867
31,128,MPI DT,0.0004506000000000001,0.17399023524189966,0.5612588233609667
32,128,MPI DT,0.0002154,0.36397400185701023,1.137418755803157
33,128,MPI DT,0.0005176,0.15146831530139104,0.4589948948527002
34,128,MPI DT,0.0005551999999999999,0.1412103746397695,0.41532463129343966
35,128,MPI DT,0.000582,0.13470790378006872,0.3848797250859106
36,128,MPI DT,0.0006346000000000001,0.12354238890639772,0.34317330251777145
37,128,MPI DT,0.0007381999999999999,0.10620428068274182,0.28703859643984275
38,128,MPI DT,0.0008606000000000001,0.09109923309319079,0.23973482392944945
39,128,MPI DT,0.0004118,0.1903836813987373,0.48816328563778794
40,128,MPI DT,0.0004382,0.17891373801916935,0.44728434504792336
41,128,MPI DT,0.0007174,0.10928352383607473,0.26654518008798717
42,128,MPI DT,0.0009548,0.08211143695014664,0.19550342130987297
43,128,MPI DT,0.000434,0.1806451612903226,0.42010502625656415
44,128,MPI DT,0.0005248,0.14939024390243905,0.33952328159645234
45,128,MPI DT,0.0008792000000000001,0.08917197452229299,0.1981599433828733
46,128,MPI DT,0.0005482000000000001,0.14301349872309374,0.3108989102675951
47,128,MPI DT,0.0009607999999999998,0.08159866777685265,0.17361418675926096
48,128,MPI DT,0.0007412000000000001,0.10577441985968698,0.22036337470768122
49,128,MPI DT,0.0012184,0.06434668417596849,0.1313197636244255
50,128,MPI DT,0.0006730000000000001,0.11649331352154532,0.23298662704309062
51,128,MPI DT,0.0015334,0.05112821181687753,0.1002513957193677
52,128,MPI DT,0.0005872000000000001,0.1335149863760218,0.2567595891846573
53,128,MPI DT,0.0006952000000000001,0.11277330264672036,0.21277981631456672
54,128,MPI DT,0.0014034000000000002,0.05586432948553513,0.10345246201025023
55,128,MPI DT,0.0008468,0.0925838450637695,0.16833426375230817
56,128,MPI DT,0.0008912000000000001,0.08797127468581688,0.1570915619389587
57,128,MPI DT,0.0015838000000000002,0.049501199646420004,0.086844209906
58,128,MPI DT,0.0008071999999999999,0.09712586719524284,0.16745839171593593
59,128,MPI DT,0.0009132,0.08585194918966274,0.14551177828756395
60,128,MPI DT,0.0009032,0.08680248007085917,0.14467080011809863
61,128,MPI DT,0.0007576000000000001,0.10348468848996832,0.16964703031142347
62,128,MPI DT,0.000981,0.0799184505606524,0.1289007267107297
63,128,MPI DT,0.0008807999999999998,0.08900999091734789,0.14128569986880618
64,128,MPI DT,0.0007204,0.1088284286507496,0.17004441976679624
65,128,MPI DT,0.0007172000000000001,0.10931399888455103,0.16817538289930928
66,128,MPI DT,0.0007367999999999999,0.10640608034744845,0.16122133385977036
67,128,MPI DT,0.0009763999999999999,0.08029496108152398,0.11984322549481191
68,128,MPI DT,0.001064,0.0736842105263158,0.10835913312693499
69,128,MPI DT,0.0009857999999999998,0.07952931629133701,0.11525987868309712
70,128,MPI DT,0.0010644,0.0736565201052236,0.10522360015031942
71,128,MPI DT,0.0009014,0.08697581539826937,0.12250114844826673
72,128,MPI DT,0.0025031999999999997,0.031319910514541395,0.043499875714640826
73,128,MPI DT,0.0010412000000000002,0.07529773338455628,0.10314757997884423
74,128,MPI DT,0.005998399999999999,0.013070152040544148,0.017662367622356956
75,128,MPI DT,0.0010102,0.07760839437735104,0.10347785916980139
76,128,MPI DT,0.0010458,0.07496653279785812,0.09864017473402384
77,128,MPI DT,0.0010416,0.07526881720430109,0.09775171065493649
78,128,MPI DT,0.0027318000000000004,0.028699026283036826,0.0367936234397908
79,128,MPI DT,0.0036958,0.021213269116294176,0.026852239387714145
80,128,MPI DT,0.0011754,0.06670069763484772,0.08337587204355965
81,128,MPI DT,0.0009772000000000001,0.08022922636103151,0.09904842760621174
82,128,MPI DT,0.0030326,0.025852403877860586,0.031527321802269005
83,128,MPI DT,0.001215,0.06452674897119343,0.07774307104963064
84,128,MPI DT,0.005450399999999999,0.01438426537501835,0.017124125446450415
85,128,MPI DT,0.001253,0.06256983240223464,0.07361156753204075
86,128,MPI DT,0.0011325999999999999,0.06922126081582201,0.08048983815793258
87,128,MPI DT,0.0033866,0.02315006200909467,0.026609266677120307
88,128,MPI DT,0.008735800000000002,0.008974564435998991,0.01019836867727158
89,128,MPI DT,0.0088626,0.008846162525669669,0.009939508455808616
90,128,MPI DT,0.0139334,0.005626767336041455,0.0062519637067127275
91,128,MPI DT,0.017439,0.004495670623315557,0.0049402973882588545
92,128,MPI DT,0.0081656,0.009601254041344176,0.010436145697113234
93,128,MPI DT,0.0236632,0.0033131613644815584,0.0035625391015930733
94,128,MPI DT,0.0244516,0.0032063341458227687,0.0034109937721518817
95,128,MPI DT,0.023982199999999995,0.0032690912426716493,0.0034411486764964728
96,128,MPI DT,0.0239696,0.003270809692276884,0.0034070934294550873
1,256,SEQ,0.0003126,,
1,256,MPI BDV,0.0008006,0.39045715713215084,39.04571571321508
4,256,MPI BDV,0.0006226,0.5020880179890781,12.552200449726952
16,256,MPI BDV,0.0010628,0.29412871659766654,1.838304478735416
64,256,MPI BDV,0.0014505999999999998,0.21549703570936168,0.3367141182958776
1,256,MPI DT,0.00040719999999999987,0.7676817288801574,76.76817288801574
2,256,MPI DT,0.0003894,0.802773497688752,40.1386748844376
3,256,MPI DT,0.0004534,0.6894574327304808,22.98191442434936
4,256,MPI DT,0.0005036000000000001,0.6207307386814932,15.51826846703733
5,256,MPI DT,0.00046399999999999995,0.6737068965517242,13.474137931034486
6,256,MPI DT,0.0004552000000000001,0.6867311072056238,11.445518453427063
7,256,MPI DT,0.0004654,0.6716802750322304,9.595432500460435
8,256,MPI DT,0.0004556,0.6861281826163301,8.576602282704126
9,256,MPI DT,0.0005639999999999999,0.5542553191489362,6.15839243498818
10,256,MPI DT,0.0005638,0.5544519333096842,5.544519333096842
11,256,MPI DT,0.0005895999999999999,0.530189959294437,4.8199087208585185
12,256,MPI DT,0.0005965999999999999,0.523969158565203,4.366409654710025
13,256,MPI DT,0.0006376000000000001,0.49027603513174395,3.7713541163980304
14,256,MPI DT,0.0006997999999999999,0.4466990568733925,3.1907075490956607
15,256,MPI DT,0.0006588,0.4744990892531877,3.163327261687918
16,256,MPI DT,0.0005332000000000001,0.586271567891973,3.6641972993248313
17,256,MPI DT,0.0007452000000000001,0.41948470209339767,2.4675570711376333
18,256,MPI DT,0.0007784000000000001,0.4015930113052415,2.231072285029119
19,256,MPI DT,0.0007376,0.42380694143167025,2.2305628496403695
20,256,MPI DT,0.0008431999999999999,0.37073055028463003,1.8536527514231502
21,256,MPI DT,0.0008050000000000003,0.3883229813664595,1.8491570541259976
22,256,MPI DT,0.0008553999999999999,0.3654430675707272,1.6611048525942145
23,256,MPI DT,0.0009094,0.34374312733670553,1.4945353362465459
24,256,MPI DT,0.0009438,0.3312142403051494,1.3800593346047891
25,256,MPI DT,0.0007976000000000001,0.39192577733199596,1.567703109327984
26,256,MPI DT,0.0008206,0.3809407750426517,1.465156827087122
27,256,MPI DT,0.0011402000000000005,0.27416242764427284,1.015416398682492
28,256,MPI DT,0.0011564,0.27032168799723283,0.9654345999901173
29,256,MPI DT,0.0009593999999999999,0.3258286429018137,1.1235470444890128
30,256,MPI DT,0.001026,0.30467836257309944,1.0155945419103314
31,256,MPI DT,0.0010429999999999999,0.299712368168744,0.9668140908669163
32,256,MPI DT,0.0006303999999999999,0.49587563451776656,1.5496113578680204
33,256,MPI DT,0.0010924,0.28615891614793115,0.8671482307513065
34,256,MPI DT,0.0011952,0.26154618473895586,0.7692534845263408
35,256,MPI DT,0.0012344,0.2532404406999352,0.7235441162855291
36,256,MPI DT,0.0012522000000000002,0.24964063248682317,0.6934462013522866
37,256,MPI DT,0.0013352,0.23412222887956863,0.6327627807555909
38,256,MPI DT,0.0014554,0.2147863130410884,0.5652271395818116
39,256,MPI DT,0.0009484,0.3296077604386335,0.8451481036888038
40,256,MPI DT,0.0014847999999999999,0.2105334051724138,0.5263335129310346
41,256,MPI DT,0.0015312,0.204153605015674,0.4979356219894488
42,256,MPI DT,0.0016591999999999998,0.18840405014464806,0.4485810717729716
43,256,MPI DT,0.0010508000000000002,0.29748762847354393,0.6918316941245207
44,256,MPI DT,0.0018072,0.17297476759628155,0.39312447180973076
45,256,MPI DT,0.0017515999999999999,0.1784654030600594,0.3965897845779097
46,256,MPI DT,0.001179,0.2651399491094148,0.5763911937161191
47,256,MPI DT,0.0019418,0.1609846534143578,0.34252053917948466
48,256,MPI DT,0.0012188,0.2564817853626518,0.5343370528388579
49,256,MPI DT,0.0021379999999999997,0.14621141253507955,0.29839063782669295
50,256,MPI DT,0.0013985999999999998,0.22350922350922353,0.44701844701844706
51,256,MPI DT,0.0021436,0.14582944579212542,0.28594008978848123
52,256,MPI DT,0.001366,0.22884333821376282,0.4400833427187747
53,256,MPI DT,0.0014517999999999998,0.21531891445102636,0.40626210273778557
54,256,MPI DT,0.0014562000000000002,0.21466831479192416,0.3975339162813411
55,256,MPI DT,0.00149,0.2097986577181208,0.38145210494203785
56,256,MPI DT,0.0016840000000000002,0.1856294536817102,0.3314811672887682
57,256,MPI DT,0.0030798,0.10150009740892266,0.17807034633144325
58,256,MPI DT,0.001713,0.18248686514886167,0.31463252611872705
59,256,MPI DT,0.0016996,0.18392562955989647,0.3117383551862652
60,256,MPI DT,0.0017361999999999998,0.18004838152286606,0.30008063587144346
61,256,MPI DT,0.0016975999999999998,0.18414231856738927,0.30187265338916275
62,256,MPI DT,0.0019836000000000003,0.15759225650332725,0.2541810588763343
63,256,MPI DT,0.0020962000000000003,0.14912699169926533,0.23670951063375448
64,256,MPI DT,0.001068,0.29269662921348316,0.45733848314606745
65,256,MPI DT,0.0021424,0.1459111277072442,0.22447865801114492
66,256,MPI DT,0.0022778000000000004,0.13723768548599524,0.20793588709999278
67,256,MPI DT,0.0023006000000000003,0.13587759714856992,0.2028023838038357
68,256,MPI DT,0.00214,0.1460747663551402,0.21481583287520614
69,256,MPI DT,0.0026008000000000003,0.12019378652722239,0.1741938935177136
70,256,MPI DT,0.0024696,0.12657920310981535,0.18082743301402193
71,256,MPI DT,0.0026822,0.11654611885765416,0.1641494631797946
72,256,MPI DT,0.0026054000000000003,0.1199815767252629,0.16664107878508735
73,256,MPI DT,0.00253,0.12355731225296443,0.16925659212734853
74,256,MPI DT,0.0025712,0.12157747355320474,0.1642938831800064
75,256,MPI DT,0.0027324000000000003,0.11440491875274483,0.15253989167032644
76,256,MPI DT,0.001455,0.2148453608247423,0.28269126424308194
77,256,MPI DT,0.0029554000000000004,0.10577248426608918,0.1373668626832327
78,256,MPI DT,0.0032928000000000002,0.09493440233236151,0.1217107722209763
79,256,MPI DT,0.0029036,0.10765945722551315,0.13627779395634576
80,256,MPI DT,0.0031530000000000004,0.09914367269267363,0.12392959086584203
81,256,MPI DT,0.0032642,0.09576619079713253,0.11822986518164509
82,256,MPI DT,0.0034572,0.09041999305796598,0.11026828421703168
83,256,MPI DT,0.0035372,0.08837498586452562,0.10647588658376582
84,256,MPI DT,0.0034066,0.09176304820055187,0.10924172404827602
85,256,MPI DT,0.008731599999999999,0.03580099867149206,0.042118821966461245
86,256,MPI DT,0.008898399999999999,0.0351299109952351,0.040848733715389655
87,256,MPI DT,0.008284200000000002,0.037734482508872305,0.04337296840100265
88,256,MPI DT,0.0059026,0.052959712668993325,0.0601814916693106
89,256,MPI DT,0.010445,0.029928195308760175,0.03362718574017997
90,256,MPI DT,0.009188600000000002,0.034020416603182196,0.03780046289242466
91,256,MPI DT,0.0085162,0.03670651229421573,0.040336826696940366
92,256,MPI DT,0.029805400000000003,0.010488032369973225,0.011400035184753505
93,256,MPI DT,0.0236586,0.013212954274555554,0.014207477714575865
94,256,MPI DT,0.013049000000000002,0.023955858686489383,0.02548495604945679
95,256,MPI DT,0.033795,0.00924988903683977,0.0097367253019366
96,256,MPI DT,0.0415472,0.007523972734624716,0.007837471598567413
1,512,SEQ,0.001396,,
1,512,MPI BDV,0.0039656,0.35202743594916286,35.202743594916285
4,512,MPI BDV,0.0017503999999999998,0.7975319926873858,19.938299817184646
16,512,MPI BDV,0.0024934,0.5598780781262535,3.4992379882890843
64,512,MPI BDV,0.0029298,0.47648303638473616,0.7445047443511502
1,512,MPI DT,0.0028816,0.48445308162132156,48.44530816213216
2,512,MPI DT,0.0020106,0.694320103451706,34.7160051725853
3,512,MPI DT,0.0019464000000000005,0.7172215371968762,23.90738457322921
4,512,MPI DT,0.0019526,0.7149441769947762,17.873604424869406
5,512,MPI DT,0.0019986,0.6984889422595817,13.969778845191632
6,512,MPI DT,0.002022,0.6904055390702276,11.506758984503794
7,512,MPI DT,0.0020387999999999995,0.6847164999019033,9.781664284312905
8,512,MPI DT,0.0020906,0.6677508849134219,8.346886061417774
9,512,MPI DT,0.0021564,0.6473752550547208,7.193058389496898
10,512,MPI DT,0.0023728,0.5883344571813891,5.883344571813891
11,512,MPI DT,0.0023408,0.5963773069036227,5.421611880942024
12,512,MPI DT,0.0025338,0.550951140579367,4.5912595048280584
13,512,MPI DT,0.0026673999999999995,0.5233560770788035,4.025815977529257
14,512,MPI DT,0.002931,0.47628795632889803,3.4020568309207
15,512,MPI DT,0.0030182,0.46252733417268577,3.0835155611512386
16,512,MPI DT,0.0030512000000000004,0.4575249082328264,2.8595306764551647
17,512,MPI DT,0.002706,0.515890613451589,3.0346506673622886
18,512,MPI DT,0.0028508,0.4896871053739301,2.720483918744056
19,512,MPI DT,0.0029458,0.4738950370018331,2.4941844052728057
20,512,MPI DT,0.0029782,0.4687395070848164,2.343697535424082
21,512,MPI DT,0.0029878,0.46723341589129125,2.224921028053768
22,512,MPI DT,0.00302,0.4622516556291391,2.10114388922336
23,512,MPI DT,0.0034262,0.40744848520226495,1.7715151530533257
24,512,MPI DT,0.0033586,0.41564937771690585,1.7318724071537746
25,512,MPI DT,0.003496,0.3993135011441648,1.5972540045766592
26,512,MPI DT,0.0037254,0.37472486175981107,1.4412494683069657
27,512,MPI DT,0.0040942,0.34097015289922333,1.2628524181452716
28,512,MPI DT,0.0037765999999999997,0.36964465392151674,1.3201594782911312
29,512,MPI DT,0.0038461999999999997,0.36295564453226564,1.2515711880422953
30,512,MPI DT,0.0043142,0.32358258773353116,1.0786086257784373
31,512,MPI DT,0.003959000000000001,0.35261429653953014,1.1374654727081617
32,512,MPI DT,0.0043952,0.3176192209683291,0.9925600655260285
33,512,MPI DT,0.0044101999999999995,0.31653893247471776,0.9592088862870236
34,512,MPI DT,0.0048704,0.2866294349540079,0.843027749864729
35,512,MPI DT,0.0045,0.3102222222222223,0.8863492063492064
36,512,MPI DT,0.0045362,0.30774657202063405,0.8548515889462057
37,512,MPI DT,0.004628600000000001,0.30160307652421897,0.8151434500654567
38,512,MPI DT,0.0051918,0.26888555029084327,0.707593553396956
39,512,MPI DT,0.0042894000000000005,0.32545344337203336,0.8344960086462393
40,512,MPI DT,0.0044984,0.31033256268895615,0.7758314067223904
41,512,MPI DT,0.004498199999999999,0.31034636076652894,0.7569423433329974
42,512,MPI DT,0.005430399999999999,0.2570713022981733,0.6120745292813651
43,512,MPI DT,0.0047712,0.2925888665325285,0.6804392244942524
44,512,MPI DT,0.0052542000000000005,0.2656922081382513,0.6038459275869348
45,512,MPI DT,0.0053343999999999996,0.26169766046790643,0.5815503565953476
46,512,MPI DT,0.004890600000000001,0.2854455486034433,0.6205338013118332
47,512,MPI DT,0.0060892,0.22925835906194575,0.487783742684991
48,512,MPI DT,0.005418,0.25765965300849025,0.5367909437676881
49,512,MPI DT,0.006321599999999999,0.22083016957732224,0.45067381546392293
50,512,MPI DT,0.0056896,0.2453599550056243,0.4907199100112486
51,512,MPI DT,0.005679399999999999,0.24580061274078252,0.4819619857662403
52,512,MPI DT,0.0061091999999999995,0.22850782426504293,0.43943812358662104
53,512,MPI DT,0.005457,0.2558182151365219,0.48267587761607905
54,512,MPI DT,0.006603,0.21141905194608512,0.3915167628631206
55,512,MPI DT,0.0067118,0.20799189487171846,0.37816708158494267
56,512,MPI DT,0.0056890000000000005,0.24538583230796274,0.4381889862642192
57,512,MPI DT,0.006917799999999999,0.20179825956228864,0.3540320343198046
58,512,MPI DT,0.008175199999999999,0.1707603483706821,0.29441439374255535
59,512,MPI DT,0.006891,0.20258307937890002,0.34336115148966107
60,512,MPI DT,0.0067394,0.2071401014927145,0.3452335024878575
61,512,MPI DT,0.0064162,0.21757426514136094,0.3566791231825589
62,512,MPI DT,0.006922,0.20167581623808148,0.32528357457755075
63,512,MPI DT,0.0071757999999999995,0.19454276875052262,0.3087980456357502
64,512,MPI DT,0.007229600000000001,0.19309505366825272,0.30171102135664485
65,512,MPI DT,0.005934199999999999,0.23524653702268214,0.36191774926566483
66,512,MPI DT,0.0061482,0.22705832601411796,0.3440277666880575
67,512,MPI DT,0.0064402,0.2167634545511009,0.3235275441061208
68,512,MPI DT,0.006790600000000001,0.20557829941389566,0.30232102854984655
69,512,MPI DT,0.0082792,0.16861532515218863,0.24437003645244731
70,512,MPI DT,0.009001,0.1550938784579491,0.22156268351135586
71,512,MPI DT,0.009341,0.1494486671662563,0.21049108051585394
72,512,MPI DT,0.0087064,0.16034181751355328,0.22269696876882403
73,512,MPI DT,0.0075634,0.18457307560092023,0.25283982959030166
74,512,MPI DT,0.007147800000000001,0.19530484904446122,0.2639254716817043
75,512,MPI DT,0.0092144,0.1515019968744574,0.20200266249927654
76,512,MPI DT,0.007120800000000002,0.19604538815863382,0.2579544581034655
77,512,MPI DT,0.007398600000000001,0.18868434568702186,0.24504460478834006
78,512,MPI DT,0.0191514,0.07289284334304542,0.09345236326031464
79,512,MPI DT,0.008424200000000001,0.16571306474205263,0.20976337309120585
80,512,MPI DT,0.0098702,0.14143583716642014,0.17679479645802518
81,512,MPI DT,0.0081236,0.1718449948298784,0.21215431460478812
82,512,MPI DT,0.0098044,0.14238505160948148,0.17364030684083107
83,512,MPI DT,0.0096074,0.1453046609904865,0.17506585661504398
84,512,MPI DT,0.012103399999999999,0.11533949138258673,0.13730891831260325
85,512,MPI DT,0.0088632,0.1575051899990974,0.1853002235283499
86,512,MPI DT,0.0156094,0.08943329019693262,0.10399219790341002
87,512,MPI DT,0.0096792,0.14422679560294238,0.16577792598039354
88,512,MPI DT,0.014913199999999996,0.09360834696778696,0.10637312155430335
89,512,MPI DT,0.009623600000000001,0.14506006068415145,0.16298883222938365
90,512,MPI DT,0.0114902,0.1214948390802597,0.134994265644733
91,512,MPI DT,0.0235588,0.059255989269402516,0.06511647172461815
92,512,MPI DT,0.0107382,0.13000316626622713,0.1413077894198121
93,512,MPI DT,0.014844199999999997,0.09404346478759383,0.10112200514795036
94,512,MPI DT,0.015425200000000002,0.09050125768223426,0.09627793370450453
95,512,MPI DT,0.015017,0.09296131051474996,0.09785401106815785
96,512,MPI DT,0.0350784,0.039796569968983765,0.04145476038435809
1,1024,SEQ,0.0083652,,
1,1024,MPI BDV,0.0220884,0.3787146194382571,37.871461943825715
4,1024,MPI BDV,0.007111799999999999,1.1762423015270398,29.406057538175993
16,1024,MPI BDV,0.006905799999999999,1.2113296069970172,7.570810043731358
64,1024,MPI BDV,0.008946800000000001,0.9349935172352124,1.4609273706800194
1,1024,MPI DT,0.0180076,0.464537195406384,46.4537195406384
2,1024,MPI DT,0.010602,0.7890209394453876,39.45104697226938
3,1024,MPI DT,0.0096228,0.8693103878289062,28.97701292763021
4,1024,MPI DT,0.008015999999999999,1.043562874251497,26.089071856287426
5,1024,MPI DT,0.0082302,1.0164030035722096,20.32806007144419
6,1024,MPI DT,0.007696400000000002,1.0868977703861542,18.114962839769237
7,1024,MPI DT,0.007871800000000002,1.0626794379938511,15.181134828483586
8,1024,MPI DT,0.007634199999999998,1.0957533205836893,13.696916507296116
9,1024,MPI DT,0.0076268,1.0968164892222163,12.186849880246847
10,1024,MPI DT,0.0076284,1.0965864401447223,10.965864401447224
11,1024,MPI DT,0.0072854,1.1482142366925632,10.438311242659665
12,1024,MPI DT,0.0081984,1.0203454332552693,8.502878610460577
13,1024,MPI DT,0.0082674,1.0118295957616663,7.783304582782049
14,1024,MPI DT,0.008978599999999998,0.9316819994208453,6.654871424434609
15,1024,MPI DT,0.0091022,0.919030564039463,6.126870426929754
16,1024,MPI DT,0.009196199999999998,0.9096365890259022,5.685228681411888
17,1024,MPI DT,0.0092094,0.9083327904097988,5.34313406123411
18,1024,MPI DT,0.0089968,0.929797261248444,5.165540340269134
19,1024,MPI DT,0.0090682,0.9224763459120884,4.855138662695202
20,1024,MPI DT,0.0090934,0.9199199419359095,4.599599709679548
21,1024,MPI DT,0.009007799999999998,0.9286618264171054,4.422199173414787
22,1024,MPI DT,0.0094004,0.8898770265095103,4.0448955750432285
23,1024,MPI DT,0.009506,0.879991584262571,3.826050366359004
24,1024,MPI DT,0.0094354,0.8865760858045234,3.694067024185514
25,1024,MPI DT,0.0097152,0.861042490118577,3.444169960474308
26,1024,MPI DT,0.009902600000000001,0.8447478440005654,3.2490301692329435
27,1024,MPI DT,0.0102242,0.818176483245633,3.030283271280122
28,1024,MPI DT,0.009954,0.8403857745629898,3.0013777662963923
29,1024,MPI DT,0.010314,0.8110529377545084,2.7967342681189944
30,1024,MPI DT,0.010852400000000002,0.7708156721093951,2.569385573697984
31,1024,MPI DT,0.0100072,0.8359181389399631,2.696510125612784
32,1024,MPI DT,0.0115446,0.7245985135907697,2.264370354971155
33,1024,MPI DT,0.0116296,0.719302469560432,2.1797044532134304
34,1024,MPI DT,0.0111714,0.7488049841559697,2.2023676004587345
35,1024,MPI DT,0.0118596,0.7053526257209349,2.0152932163455284
36,1024,MPI DT,0.012177,0.6869672333086967,1.9082423147463796
37,1024,MPI DT,0.0116522,0.717907347968624,1.9402901296449295
38,1024,MPI DT,0.0120376,0.6949225759287565,1.8287436208651486
39,1024,MPI DT,0.01272,0.6576415094339623,1.6862602805999032
40,1024,MPI DT,0.0119572,0.6995952229618975,1.7489880574047438
41,1024,MPI DT,0.012565799999999998,0.6657116936446545,1.623687057669889
42,1024,MPI DT,0.0122598,0.6823276073019136,1.6245895411950324
43,1024,MPI DT,0.0126074,0.663515078445992,1.5430583219674232
44,1024,MPI DT,0.0127762,0.6547486733144441,1.4880651666237366
45,1024,MPI DT,0.012603399999999999,0.6637256613294825,1.4749459140655168
46,1024,MPI DT,0.012617799999999998,0.6629681877981899,1.4412351908656302
47,1024,MPI DT,0.012921799999999999,0.6473711092881796,1.3773853389110204
48,1024,MPI DT,0.013651,0.6127902717749615,1.2766463995311699
49,1024,MPI DT,0.0136058,0.614826030075409,1.254747000153896
50,1024,MPI DT,0.013505200000000002,0.6194058584841393,1.2388117169682786
51,1024,MPI DT,0.0139996,0.5975313580388011,1.1716301138015708
52,1024,MPI DT,0.0142338,0.5876997007123889,1.1301917321392094
53,1024,MPI DT,0.014131999999999999,0.5919332012454005,1.1168550966894348
54,1024,MPI DT,0.0144778,0.5777949688488582,1.0699906830534411
55,1024,MPI DT,0.013837,0.6045530100455301,1.099187290991873
56,1024,MPI DT,0.014853,0.5631993536659261,1.0057131315462966
57,1024,MPI DT,0.015437399999999999,0.5418788137898869,0.9506645855962929
58,1024,MPI DT,0.014597000000000002,0.5730766595875864,0.9880632061854936
59,1024,MPI DT,0.015262,0.5481064080723366,0.9289939119870111
60,1024,MPI DT,0.015112999999999996,0.5535102229868326,0.9225170383113876
61,1024,MPI DT,0.0152202,0.5496117002404699,0.9010027872794588
62,1024,MPI DT,0.015464199999999999,0.5409397188344693,0.8724834174749505
63,1024,MPI DT,0.0157904,0.5297649204579998,0.8408966991396822
64,1024,MPI DT,0.0158004,0.5294296346927926,0.8272338042074884
65,1024,MPI DT,0.0312888,0.26735445271151337,0.4113145426330975
66,1024,MPI DT,0.030615400000000008,0.2732350385753574,0.4139924826899355
67,1024,MPI DT,0.031618600000000004,0.26456579355189663,0.39487431873417406
68,1024,MPI DT,0.0300158,0.27869322156997317,0.4098429728970194
69,1024,MPI DT,0.030378199999999998,0.2753685208471865,0.3990848128220094
70,1024,MPI DT,0.0295962,0.2826443935370081,0.40377770505286875
71,1024,MPI DT,0.032479600000000004,0.2575524329117353,0.3627499055094863
72,1024,MPI DT,0.0306994,0.2724874101773976,0.3784547363574966
73,1024,MPI DT,0.030791400000000007,0.27167325941659026,0.37215514988574006
74,1024,MPI DT,0.028413799999999996,0.2944062392217866,0.39784626921863053
75,1024,MPI DT,0.031279199999999986,0.26743650732755325,0.356582009770071
76,1024,MPI DT,0.0279492,0.29930015885964534,0.39381599849953336
77,1024,MPI DT,0.029494,0.2836237878890622,0.3683425816741067
78,1024,MPI DT,0.030685000000000004,0.2726152843408831,0.349506774796004
79,1024,MPI DT,0.0301248,0.2776848311026131,0.3514997862058394
80,1024,MPI DT,0.033456599999999996,0.25003138394218183,0.3125392299277273
81,1024,MPI DT,0.0294996,0.28356994671114183,0.35008635396437265
82,1024,MPI DT,0.032727400000000004,0.2556023393242359,0.3117101699076048
83,1024,MPI DT,0.032367999999999994,0.25844043499752845,0.3113740180693114
84,1024,MPI DT,0.0331634,0.25224192935585615,0.30028801113792397
85,1024,MPI DT,0.0333566,0.25078095489348434,0.2950364175217463
86,1024,MPI DT,0.034170999999999986,0.2448040736296861,0.28465589956940246
87,1024,MPI DT,0.034244800000000006,0.24427650329393072,0.2807775899930238
88,1024,MPI DT,0.034900999999999995,0.23968367668548182,0.27236781441532026
89,1024,MPI DT,0.0330496,0.2531104763749032,0.2843937936796665
90,1024,MPI DT,0.034765599999999994,0.24061716179211637,0.26735240199124044
91,1024,MPI DT,0.043047,0.19432713081050942,0.2135462975939664
92,1024,MPI DT,0.039654000000000016,0.21095475866242994,0.22929865072003255
93,1024,MPI DT,0.033839600000000004,0.24720150356387188,0.2658080683482493
94,1024,MPI DT,0.0476718,0.1754748090065825,0.1866753287304069
95,1024,MPI DT,0.03705119999999999,0.22577406399792724,0.23765690947150234
96,1024,MPI DT,0.035483999999999995,0.2357456881974975,0.24556842520572658
1,2048,SEQ,0.0395356,,
1,2048,MPI BDV,0.0961152,0.4113355639898788,41.13355639898788
4,2048,MPI BDV,0.038668400000000006,1.0224265808774087,25.560664521935216
16,2048,MPI BDV,0.024682200000000005,1.6017859023911964,10.011161889944978
64,2048,MPI BDV,0.027762200000000004,1.4240802241897252,2.225125350296446
1,2048,MPI DT,0.0762598,0.5184330407370593,51.84330407370593
2,2048,MPI DT,0.046011800000000005,0.8592491491313097,42.96245745656548
3,2048,MPI DT,0.0385046,1.0267760215662542,34.22586738554181
4,2048,MPI DT,0.033217199999999995,1.1902147080428214,29.755367701070533
5,2048,MPI DT,0.035591399999999995,1.1108189056907005,22.216378113814013
6,2048,MPI DT,0.0360504,1.096675765040055,18.27792941733425
7,2048,MPI DT,0.0315036,1.2549549892710674,17.927928418158107
8,2048,MPI DT,0.030464400000000006,1.2977639474271605,16.222049342839505
9,2048,MPI DT,0.0309928,1.275638212746186,14.173757919402066
10,2048,MPI DT,0.0302088,1.308744471809539,13.087444718095389
11,2048,MPI DT,0.031269200000000004,1.2643623757563351,11.494203415966684
12,2048,MPI DT,0.029948,1.3201415787364765,11.001179822803971
13,2048,MPI DT,0.0290668,1.3601634854885987,10.462796042219988
14,2048,MPI DT,0.0295628,1.3373428768587547,9.552449120419677
15,2048,MPI DT,0.030388400000000003,1.3010095957668055,8.673397305112037
16,2048,MPI DT,0.030835399999999995,1.2821497369906019,8.013435856191261
17,2048,MPI DT,0.030731,1.2865054830627052,7.56767931213356
18,2048,MPI DT,0.030454,1.298207132068037,7.212261844822428
19,2048,MPI DT,0.0320388,1.233991285566251,6.4946909766644785
20,2048,MPI DT,0.032236600000000004,1.2264196596415253,6.132098298207627
21,2048,MPI DT,0.031721999999999986,1.2463148603492848,5.9348326683299275
22,2048,MPI DT,0.0321008,1.231607935004735,5.598217886385159
23,2048,MPI DT,0.032905599999999986,1.201485461441214,5.223849832353104
24,2048,MPI DT,0.03289280000000001,1.201953010993287,5.008137545805362
25,2048,MPI DT,0.0322862,1.2245355600844943,4.898142240337977
26,2048,MPI DT,0.033365399999999996,1.1849280991685998,4.557415766033076
27,2048,MPI DT,0.035853800000000005,1.1026892546954574,4.0840342766498425
28,2048,MPI DT,0.0345876,1.1430570493471648,4.082346604811303
29,2048,MPI DT,0.035121200000000005,1.1256904661571925,3.881691262611008
30,2048,MPI DT,0.035583,1.1110811342495013,3.7036037808316706
31,2048,MPI DT,0.0359212,1.1006202465396477,3.5503878920633802
32,2048,MPI DT,0.0356702,1.108364965713677,3.4636405178552403
33,2048,MPI DT,0.0364968,1.0832620942109992,3.2826124066999975
34,2048,MPI DT,0.0364598,1.0843614062611424,3.1892982537092425
35,2048,MPI DT,0.0366794,1.0778693217446305,3.079626633556087
36,2048,MPI DT,0.0375218,1.0536701330959601,2.926861480822111
37,2048,MPI DT,0.0387844,1.0193686121223997,2.7550503030335127
38,2048,MPI DT,0.0382178,1.0344813149893504,2.7223192499719744
39,2048,MPI DT,0.039333,1.0051508911092466,2.577309977203196
40,2048,MPI DT,0.0400254,0.9877627706406431,2.4694069266016077
41,2048,MPI DT,0.039981200000000015,0.9888547617380165,2.411840882287845
42,2048,MPI DT,0.0404814,0.9766361835312019,2.325324246502862
43,2048,MPI DT,0.0410824,0.9623488403793352,2.23802055902171
44,2048,MPI DT,0.0405014,0.9761539107290118,2.218531615293209
45,2048,MPI DT,0.0411164,0.9615530542557228,2.1367845650127175
46,2048,MPI DT,0.042584,0.9284144279541612,2.018292234682959
47,2048,MPI DT,0.0431952,0.9152776234396414,1.9473991988077477
48,2048,MPI DT,0.0427234,0.925385151930792,1.9278857331891501
49,2048,MPI DT,0.0420702,0.9397530793768509,1.9178634272996957
50,2048,MPI DT,0.044284600000000014,0.8927618178779979,1.7855236357559958
51,2048,MPI DT,0.044517199999999986,0.8880971849083054,1.7413670292319712
52,2048,MPI DT,0.0440788,0.896930043467608,1.7248654682069382
53,2048,MPI DT,0.046485000000000005,0.8505023125739484,1.604721344479148
54,2048,MPI DT,0.046968800000000005,0.8417417519715213,1.558781022169484
55,2048,MPI DT,0.0465964,0.8484689804362567,1.5426708735204668
56,2048,MPI DT,0.0487848,0.8104081599186631,1.4471574284261841
57,2048,MPI DT,0.0502304,0.7870851118048033,1.3808510733417603
58,2048,MPI DT,0.050686600000000005,0.7800010259121739,1.3448293550209895
59,2048,MPI DT,0.050898,0.7767613658689928,1.3165446879135472
60,2048,MPI DT,0.049358,0.8009967988978484,1.3349946648297473
61,2048,MPI DT,0.051086400000000004,0.7738967709605686,1.2686832310828995
62,2048,MPI DT,0.05124,0.7715768930523028,1.2444788597617786
63,2048,MPI DT,0.0502442,0.7868689321354504,1.2489983049769053
64,2048,MPI DT,0.0527178,0.749947835455956,1.1717934928999312
65,2048,MPI DT,0.05135419999999999,0.7698610824431109,1.1844016652970937
66,2048,MPI DT,0.052287400000000005,0.7561209775203968,1.1456378447278739
67,2048,MPI DT,0.05226179999999999,0.7564913569758409,1.129091577575882
68,2048,MPI DT,0.0502918,0.7861241792896655,1.1560649695436256
69,2048,MPI DT,0.053460400000000005,0.7395305684207375,1.0717834324938225
70,2048,MPI DT,0.0539284,0.7331127940009345,1.0473039914299065
71,2048,MPI DT,0.052407600000000006,0.7543867683313106,1.062516575114522
72,2048,MPI DT,0.0532156,0.7429325235457271,1.0318507271468431
73,2048,MPI DT,0.0519544,0.760967309794743,1.0424209723215658
74,2048,MPI DT,0.0530312,0.7455158472748118,1.0074538476686645
75,2048,MPI DT,0.052757000000000005,0.7493906021949692,0.9991874695932924
76,2048,MPI DT,0.05318019999999999,0.7434270649602672,0.9781935065266675
77,2048,MPI DT,0.052965599999999995,0.746439198272086,0.9694015561975143
78,2048,MPI DT,0.0515826,0.7664522532792065,0.9826310939477007
79,2048,MPI DT,0.053155999999999995,0.743765520355181,0.9414753422217481
80,2048,MPI DT,0.054025,0.7318019435446552,0.9147524294308189
81,2048,MPI DT,0.054367999999999986,0.727185108887581,0.8977593936883718
82,2048,MPI DT,0.055584,0.7112766263672998,0.8674105199601218
83,2048,MPI DT,0.053671,0.7366287194201709,0.8875044812291215
84,2048,MPI DT,0.0560244,0.7056853799415967,0.8401016427876152
85,2048,MPI DT,0.0559524,0.7065934615852045,0.8312864253943583
86,2048,MPI DT,0.055115799999999986,0.7173188087626416,0.8340916380960949
87,2048,MPI DT,0.059354,0.6660983253024227,0.765630258968302
88,2048,MPI DT,0.06253979999999999,0.6321670360314552,0.7183716318539263
89,2048,MPI DT,0.08898260000000001,0.4443070892511569,0.4992214485968055
90,2048,MPI DT,0.062189000000000015,0.6357330074450463,0.7063700082722737
91,2048,MPI DT,0.1027246,0.3848698364364524,0.42293388619390376
92,2048,MPI DT,0.0580504,0.6810564612819204,0.740278762262957
93,2048,MPI DT,0.12572960000000002,0.31444942161591216,0.33811765765151847
94,2048,MPI DT,0.07222460000000001,0.5473979779742635,0.5823382744407057
95,2048,MPI DT,0.07362139999999999,0.5370123360870617,0.5652761432495386
96,2048,MPI DT,0.11256339999999998,0.3512296181529698,0.36586418557601025
1,4096,SEQ,0.1995616,,
1,4096,MPI BDV,0.4300706,0.4640205584850487,46.40205584850487
4,4096,MPI BDV,0.158407,1.259802912750068,31.4950728187517
16,4096,MPI BDV,0.1012912,1.9701770736253497,12.313606710158435
64,4096,MPI BDV,0.092388,2.1600381001861715,3.375059531540893
1,4096,MPI DT,0.39003340000000003,0.5116525918036763,51.16525918036763
2,4096,MPI DT,0.32102259999999994,0.6216434606161686,31.08217303080843
3,4096,MPI DT,0.23220620000000006,0.8594154678040464,28.64718226013488
4,4096,MPI DT,0.1771846,1.1262920140915182,28.157300352287955
5,4096,MPI DT,0.1613612,1.2367384476565617,24.734768953131233
6,4096,MPI DT,0.138329,1.4426591676365765,24.044319460609607
7,4096,MPI DT,0.13083119999999998,1.5253364640850198,21.790520915500284
8,4096,MPI DT,0.1229866,1.6226288067155283,20.282860083944104
9,4096,MPI DT,0.1236536,1.6138761831438793,17.931957590487546
10,4096,MPI DT,0.122616,1.627533111502577,16.27533111502577
11,4096,MPI DT,0.1237362,1.6127988414061527,14.661807649146844
12,4096,MPI DT,0.1188944,1.678477707949239,13.987314232910325
13,4096,MPI DT,0.116744,1.7093949153703831,13.149191656695255
14,4096,MPI DT,0.1163842,1.7146794839849397,12.247710599892427
15,4096,MPI DT,0.1200508,1.66230962225991,11.0820641483994
16,4096,MPI DT,0.11381560000000003,1.7533765142915378,10.958603214322112
17,4096,MPI DT,0.11799939999999998,1.69120859936576,9.948285878622118
18,4096,MPI DT,0.1182532,1.6875788562169989,9.37543809009444
19,4096,MPI DT,0.1170038,1.7055993053217076,8.976838449061619
20,4096,MPI DT,0.1186326,1.68218179488606,8.410908974430301
21,4096,MPI DT,0.1220208,1.635471985104179,7.787961833829423
22,4096,MPI DT,0.1209192,1.650371487737266,7.501688580623936
23,4096,MPI DT,0.1204828,1.6563492880311548,7.201518643613716
24,4096,MPI DT,0.1229162,1.6235581640174364,6.764825683405985
25,4096,MPI DT,0.1239598,1.6098896577761501,6.4395586311046
26,4096,MPI DT,0.12107639999999999,1.6482287216996874,6.339341237306489
27,4096,MPI DT,0.12210619999999997,1.6343281504133291,6.053067223753071
28,4096,MPI DT,0.124652,1.600949844366717,5.717678015595418
29,4096,MPI DT,0.1242356,1.606315742025635,5.539019800088397
30,4096,MPI DT,0.1239432,1.6101052740287487,5.36701758009583
31,4096,MPI DT,0.1280226,1.55879977441483,5.028386369080097
32,4096,MPI DT,0.12516180000000002,1.5944289711397566,4.982590534811739
33,4096,MPI DT,0.12967800000000002,1.5389009700951586,4.6633362730156325
34,4096,MPI DT,0.1319864,1.5119860834146548,4.447017892396044
35,4096,MPI DT,0.129643,1.5393164305053106,4.398046944300887
36,4096,MPI DT,0.13254439999999998,1.5056207580252357,4.1822798834034325
37,4096,MPI DT,0.1310412,1.5228920370082082,4.115924424346509
38,4096,MPI DT,0.1349098,1.4792224137905476,3.8926905626067043
39,4096,MPI DT,0.13444520000000001,1.484334137626334,3.8059849682726514
40,4096,MPI DT,0.1390156,1.4355338537545428,3.588834634386357
41,4096,MPI DT,0.1364018,1.4630422765681979,3.5683957965078
42,4096,MPI DT,0.13874899999999998,1.4382921678714804,3.4245051615987627
43,4096,MPI DT,0.14037280000000002,1.421654337592468,3.3061728781220183
44,4096,MPI DT,0.13978459999999998,1.4276365207612285,3.2446284562755197
45,4096,MPI DT,0.148095,1.3475242243154733,2.994498276256607
46,4096,MPI DT,0.15081760000000002,1.3231983535078133,2.8765181597995944
47,4096,MPI DT,0.14582060000000002,1.3685418932578797,2.9117912622508078
48,4096,MPI DT,0.1538688,1.2969594875634307,2.7019989324238143
49,4096,MPI DT,0.1547994,1.2891626194933572,2.630944121415015
50,4096,MPI DT,0.15449300000000002,1.2917193659259643,2.5834387318519285
51,4096,MPI DT,0.1605568,1.2429345876350302,2.437126642421628
52,4096,MPI DT,0.1587896,1.2567674457269242,2.4168604725517775
53,4096,MPI DT,0.15797579999999997,1.2632415851035415,2.383474688874607
54,4096,MPI DT,0.16724979999999998,1.1931948498593123,2.20962009233206
55,4096,MPI DT,0.1572,1.2694758269720101,2.308137867221837
56,4096,MPI DT,0.16538060000000002,1.2066808319718274,2.1547871999496917
57,4096,MPI DT,0.16877779999999998,1.1823924710477327,2.0743727562240926
58,4096,MPI DT,0.16252499999999998,1.2278824796185204,2.117038757962966
59,4096,MPI DT,0.16576660000000001,1.203870984866674,2.0404592963841934
60,4096,MPI DT,0.1730274,1.1533525903989774,1.922254317331629
61,4096,MPI DT,0.16357760000000002,1.2199812199225322,1.9999692129877578
62,4096,MPI DT,0.1728658,1.1544307780949155,1.861985125959541
63,4096,MPI DT,0.17575639999999998,1.1354442853859092,1.80229251648557
64,4096,MPI DT,0.1721346,1.1593346137267,1.8114603339479687
65,4096,MPI DT,0.1821264,1.0957313162726547,1.6857404865733152
66,4096,MPI DT,0.174877,1.1411540682879968,1.729021315587874
67,4096,MPI DT,0.17822880000000002,1.1196933380014902,1.6711840865693883
68,4096,MPI DT,0.18108339999999998,1.1020424842917684,1.620650712193777
69,4096,MPI DT,0.1846276,1.0808871479670428,1.566503112995714
70,4096,MPI DT,0.1786916,1.116793402711711,1.595419146731016
71,4096,MPI DT,0.188391,1.0592947646118975,1.4919644571998558
72,4096,MPI DT,0.184157,1.083649277518639,1.5050684409981097
73,4096,MPI DT,0.1877274,1.063039279295404,1.456218190815622
74,4096,MPI DT,0.190085,1.0498545387589762,1.4187223496742922
75,4096,MPI DT,0.1814406,1.099872906064023,1.4664972080853642
76,4096,MPI DT,0.1846086,1.0809983933576226,1.4223663070495034
77,4096,MPI DT,0.1830596,1.0901455045242097,1.4157733824989738
78,4096,MPI DT,0.19180480000000005,1.040441115133719,1.33389886555605
79,4096,MPI DT,0.192413,1.0371523753592533,1.3128511080496876
80,4096,MPI DT,0.1904244,1.0479833466719601,1.3099791833399501
81,4096,MPI DT,0.18773779999999998,1.0629803907364421,1.3123214700449903
82,4096,MPI DT,0.21193739999999997,0.9416063422501174,1.1483004173781919
83,4096,MPI DT,0.1970206,1.0128971285236164,1.2203579861730318
84,4096,MPI DT,0.1982148,1.006794649037307,1.1985650583777465
85,4096,MPI DT,0.19095060000000005,1.0450954330596498,1.2295240388937057
86,4096,MPI DT,0.2057694,0.9698312771481086,1.1277107873815215
87,4096,MPI DT,0.2003802,0.9959147660297774,1.1447296161261808
88,4096,MPI DT,0.2067156,0.9653920652335867,1.0970364377654394
89,4096,MPI DT,0.2232442,0.8939161689307046,1.0044001898097805
90,4096,MPI DT,0.20464839999999998,0.9751437098946292,1.0834930109940324
91,4096,MPI DT,0.2157798,0.9248391183975516,1.016306723513793
92,4096,MPI DT,0.219451,0.9093674669971884,0.9884428989099874
93,4096,MPI DT,0.22669960000000006,0.8802909224365635,0.9465493789640468
94,4096,MPI DT,0.20943760000000003,0.9528451433744465,1.013665046143028
95,4096,MPI DT,0.22371839999999998,0.8920213983293284,0.9389698929782404
96,4096,MPI DT,0.2362598,0.8446701470161239,0.879864736475129
