Threads,Dim,Version,Sym,Trans,SpeedupSym,SpeedupTrans,EfficencySym,EfficencyTrans,Weak Scaling
1,4,SEQ,4.00E-07,2.00E-07,0,0,0,0,
1,4,OMP,2.00E-05,4.60E-06,2.00E-02,4.35E-02,2.00E+00,4.35E+00,
2,4,OMP,0.000137,1.10E-05,2.92E-03,1.82E-02,1.46E-01,9.09E-01,
3,4,OMP,9.00E-05,1.04E-05,4.44E-03,1.92E-02,1.48E-01,6.41E-01,
4,4,OMP,0.0001288,1.12E-05,3.11E-03,1.79E-02,7.76E-02,4.46E-01,
5,4,OMP,0.0001518,1.84E-05,2.64E-03,1.09E-02,5.27E-02,2.17E-01,
6,4,OMP,0.0001836,1.32E-05,2.18E-03,1.52E-02,3.63E-02,2.53E-01,
7,4,OMP,0.0001484,1.22E-05,2.70E-03,1.64E-02,3.85E-02,2.34E-01,
8,4,OMP,0.0001676,1.08E-05,2.39E-03,1.85E-02,2.98E-02,2.31E-01,
9,4,OMP,0.000251,1.22E-05,1.59E-03,1.64E-02,1.77E-02,1.82E-01,
10,4,OMP,0.0002208,1.20E-05,1.81E-03,1.67E-02,1.81E-02,1.67E-01,
11,4,OMP,0.0002238,1.56E-05,1.79E-03,1.28E-02,1.62E-02,1.17E-01,
12,4,OMP,0.00028,1.16E-05,1.43E-03,1.72E-02,1.19E-02,1.44E-01,
13,4,OMP,0.0002688,1.62E-05,1.49E-03,1.23E-02,1.14E-02,9.50E-02,
14,4,OMP,0.000411,0.0001096,9.73E-04,1.82E-03,6.95E-03,1.30E-02,
15,4,OMP,0.0004888,2.24E-05,8.18E-04,8.93E-03,5.46E-03,5.95E-02,
16,4,OMP,0.0004362,1.78E-05,9.17E-04,1.12E-02,5.73E-03,7.02E-02,
17,4,OMP,0.0004646,1.88E-05,8.61E-04,1.06E-02,5.06E-03,6.26E-02,
18,4,OMP,0.0004402,2.00E-05,9.09E-04,1.00E-02,5.05E-03,5.56E-02,
19,4,OMP,0.0004096,1.88E-05,9.77E-04,1.06E-02,5.14E-03,5.60E-02,
20,4,OMP,0.000389,1.50E-05,1.03E-03,1.33E-02,5.14E-03,6.67E-02,
21,4,OMP,0.0004652,1.50E-05,8.60E-04,1.33E-02,4.09E-03,6.35E-02,
22,4,OMP,0.0005574,2.00E-05,7.18E-04,1.00E-02,3.26E-03,4.55E-02,
23,4,OMP,0.000513,1.78E-05,7.80E-04,1.12E-02,3.39E-03,4.89E-02,
24,4,OMP,0.000631,1.72E-05,6.34E-04,1.16E-02,2.64E-03,4.84E-02,
25,4,OMP,0.0004644,1.84E-05,8.61E-04,1.09E-02,3.45E-03,4.35E-02,
26,4,OMP,0.0008248,1.96E-05,4.85E-04,1.02E-02,1.87E-03,3.92E-02,
27,4,OMP,0.0004974,2.22E-05,8.04E-04,9.01E-03,2.98E-03,3.34E-02,
28,4,OMP,0.000687,2.18E-05,5.82E-04,9.17E-03,2.08E-03,3.28E-02,
29,4,OMP,0.0006394,2.08E-05,6.26E-04,9.62E-03,2.16E-03,3.32E-02,
30,4,OMP,0.000689,2.08E-05,5.81E-04,9.62E-03,1.94E-03,3.21E-02,
31,4,OMP,0.0007176,2.10E-05,5.57E-04,9.52E-03,1.80E-03,3.07E-02,
32,4,OMP,0.0008182,2.60E-05,4.89E-04,7.69E-03,1.53E-03,2.40E-02,
33,4,OMP,0.0006738,2.46E-05,5.94E-04,8.13E-03,1.80E-03,2.46E-02,
34,4,OMP,0.0006142,2.08E-05,6.51E-04,9.62E-03,1.92E-03,2.83E-02,
35,4,OMP,0.0006912,2.62E-05,5.79E-04,7.63E-03,1.65E-03,2.18E-02,
36,4,OMP,0.0007296,2.12E-05,5.48E-04,9.43E-03,1.52E-03,2.62E-02,
37,4,OMP,0.000715,2.36E-05,5.59E-04,8.47E-03,1.51E-03,2.29E-02,
38,4,OMP,0.0007966,2.38E-05,5.02E-04,8.40E-03,1.32E-03,2.21E-02,
39,4,OMP,0.0008966,2.64E-05,4.46E-04,7.58E-03,1.14E-03,1.94E-02,
40,4,OMP,0.0008886,3.40E-05,4.50E-04,5.88E-03,1.13E-03,1.47E-02,
41,4,OMP,0.000895,3.52E-05,4.47E-04,5.68E-03,1.09E-03,1.39E-02,
42,4,OMP,0.0008102,2.54E-05,4.94E-04,7.87E-03,1.18E-03,1.87E-02,
43,4,OMP,0.0010042,2.80E-05,3.98E-04,7.14E-03,9.26E-04,1.66E-02,
44,4,OMP,0.0008244,2.42E-05,4.85E-04,8.26E-03,1.10E-03,1.88E-02,
45,4,OMP,0.0008944,2.90E-05,4.47E-04,6.90E-03,9.94E-04,1.53E-02,
46,4,OMP,0.0010166,2.78E-05,3.93E-04,7.19E-03,8.55E-04,1.56E-02,
47,4,OMP,0.0009964,3.04E-05,4.01E-04,6.58E-03,8.54E-04,1.40E-02,
48,4,OMP,0.0008836,3.14E-05,4.53E-04,6.37E-03,9.43E-04,1.33E-02,
49,4,OMP,0.0011392,3.32E-05,3.51E-04,6.02E-03,7.17E-04,1.23E-02,
50,4,OMP,0.0010286,3.88E-05,3.89E-04,5.15E-03,7.78E-04,1.03E-02,
51,4,OMP,0.0009558,3.90E-05,4.18E-04,5.13E-03,8.21E-04,1.01E-02,
52,4,OMP,0.0009228,3.24E-05,4.33E-04,6.17E-03,8.34E-04,1.19E-02,
53,4,OMP,0.0009842,3.30E-05,4.06E-04,6.06E-03,7.67E-04,1.14E-02,
54,4,OMP,0.0009408,3.34E-05,4.25E-04,5.99E-03,7.87E-04,1.11E-02,
55,4,OMP,0.0010564,3.92E-05,3.79E-04,5.10E-03,6.88E-04,9.28E-03,
56,4,OMP,0.0009562,3.58E-05,4.18E-04,5.59E-03,7.47E-04,9.98E-03,
57,4,OMP,0.0011442,3.38E-05,3.50E-04,5.92E-03,6.13E-04,1.04E-02,
58,4,OMP,0.0014002,3.30E-05,2.86E-04,6.06E-03,4.93E-04,1.04E-02,
59,4,OMP,0.0010536,3.56E-05,3.80E-04,5.62E-03,6.43E-04,9.52E-03,
60,4,OMP,0.0010852,3.70E-05,3.69E-04,5.41E-03,6.14E-04,9.01E-03,
61,4,OMP,0.0011006,3.92E-05,3.63E-04,5.10E-03,5.96E-04,8.36E-03,
62,4,OMP,0.001086,3.22E-05,3.68E-04,6.21E-03,5.94E-04,1.00E-02,
63,4,OMP,0.001291,3.70E-05,3.10E-04,5.41E-03,4.92E-04,8.58E-03,
64,4,OMP,0.0011268,3.86E-05,3.55E-04,5.18E-03,5.55E-04,8.10E-03,
65,4,OMP,0.0012502,3.18E-05,3.20E-04,6.29E-03,4.92E-04,9.68E-03,
66,4,OMP,0.0013306,5.72E-05,3.01E-04,3.50E-03,4.55E-04,5.30E-03,
67,4,OMP,0.0012014,3.58E-05,3.33E-04,5.59E-03,4.97E-04,8.34E-03,
68,4,OMP,0.0013084,4.14E-05,3.06E-04,4.83E-03,4.50E-04,7.10E-03,
69,4,OMP,0.001229,4.74E-05,3.25E-04,4.22E-03,4.72E-04,6.12E-03,
70,4,OMP,0.0013342,4.36E-05,3.00E-04,4.59E-03,4.28E-04,6.55E-03,
71,4,OMP,0.0013162,4.02E-05,3.04E-04,4.98E-03,4.28E-04,7.01E-03,
72,4,OMP,0.0013918,3.70E-05,2.87E-04,5.41E-03,3.99E-04,7.51E-03,
73,4,OMP,0.0013482,4.40E-05,2.97E-04,4.55E-03,4.06E-04,6.23E-03,
74,4,OMP,0.0013584,5.14E-05,2.94E-04,3.89E-03,3.98E-04,5.26E-03,
75,4,OMP,0.0013774,4.40E-05,2.90E-04,4.55E-03,3.87E-04,6.06E-03,
76,4,OMP,0.001388,4.56E-05,2.88E-04,4.39E-03,3.79E-04,5.77E-03,
77,4,OMP,0.0013686,4.14E-05,2.92E-04,4.83E-03,3.80E-04,6.27E-03,
78,4,OMP,0.0016766,4.08E-05,2.39E-04,4.90E-03,3.06E-04,6.28E-03,
79,4,OMP,0.0014592,5.48E-05,2.74E-04,3.65E-03,3.47E-04,4.62E-03,
80,4,OMP,0.0014938,4.48E-05,2.68E-04,4.46E-03,3.35E-04,5.58E-03,
81,4,OMP,0.001503,5.32E-05,2.66E-04,3.76E-03,3.29E-04,4.64E-03,
82,4,OMP,0.0016558,5.02E-05,2.42E-04,3.98E-03,2.95E-04,4.86E-03,
83,4,OMP,0.001785,6.14E-05,2.24E-04,3.26E-03,2.70E-04,3.92E-03,
84,4,OMP,0.001812,7.40E-05,2.21E-04,2.70E-03,2.63E-04,3.22E-03,
85,4,OMP,0.0018676,6.40E-05,2.14E-04,3.13E-03,2.52E-04,3.68E-03,
86,4,OMP,0.0018314,5.52E-05,2.18E-04,3.62E-03,2.54E-04,4.21E-03,
87,4,OMP,0.0016232,5.06E-05,2.46E-04,3.95E-03,2.83E-04,4.54E-03,
88,4,OMP,0.0023658,5.40E-05,1.69E-04,3.70E-03,1.92E-04,4.21E-03,
89,4,OMP,0.0025694,5.52E-05,1.56E-04,3.62E-03,1.75E-04,4.07E-03,
90,4,OMP,0.0053556,0.001958,7.47E-05,1.02E-04,8.30E-05,1.13E-04,
91,4,OMP,0.0059734,0.001965,6.70E-05,1.02E-04,7.36E-05,1.12E-04,
92,4,OMP,0.0039894,5.54E-05,1.00E-04,3.61E-03,1.09E-04,3.92E-03,
93,4,OMP,0.0072244,0.0038176,5.54E-05,5.24E-05,5.95E-05,5.63E-05,
94,4,OMP,0.0088736,0.0019492,4.51E-05,1.03E-04,4.80E-05,1.09E-04,
95,4,OMP,0.0087752,0.004805,4.56E-05,4.16E-05,4.80E-05,4.38E-05,
96,4,OMP,0.009482,0.006993,4.22E-05,2.86E-05,4.39E-05,2.98E-05,
1,8,SEQ,8.00E-07,2.00E-07,0,0,0,0,
1,8,OMP,1.32E-05,2.60E-06,6.06E-02,7.69E-02,6.06E+00,7.69E+00,
2,8,OMP,8.98E-05,8.80E-06,8.91E-03,2.27E-02,4.45E-01,1.14E+00,
3,8,OMP,9.54E-05,9.40E-06,8.39E-03,2.13E-02,2.80E-01,7.09E-01,
4,8,OMP,0.0001296,1.30E-05,6.17E-03,1.54E-02,1.54E-01,3.85E-01,
5,8,OMP,0.0001594,1.08E-05,5.02E-03,1.85E-02,1.00E-01,3.70E-01,
6,8,OMP,0.0002076,1.54E-05,3.85E-03,1.30E-02,6.42E-02,2.16E-01,
7,8,OMP,0.0001918,1.14E-05,4.17E-03,1.75E-02,5.96E-02,2.51E-01,
8,8,OMP,0.0001696,1.10E-05,4.72E-03,1.82E-02,5.90E-02,2.27E-01,
9,8,OMP,0.0003116,1.54E-05,2.57E-03,1.30E-02,2.85E-02,1.44E-01,
10,8,OMP,0.00031,1.40E-05,2.58E-03,1.43E-02,2.58E-02,1.43E-01,
11,8,OMP,0.00025,1.46E-05,3.20E-03,1.37E-02,2.91E-02,1.25E-01,
12,8,OMP,0.0002332,1.16E-05,3.43E-03,1.72E-02,2.86E-02,1.44E-01,
13,8,OMP,0.000259,1.58E-05,3.09E-03,1.27E-02,2.38E-02,9.74E-02,
14,8,OMP,0.0003322,1.26E-05,2.41E-03,1.59E-02,1.72E-02,1.13E-01,
15,8,OMP,0.0002776,1.56E-05,2.88E-03,1.28E-02,1.92E-02,8.55E-02,
16,8,OMP,0.0003752,1.84E-05,2.13E-03,1.09E-02,1.33E-02,6.79E-02,
17,8,OMP,0.000398,1.84E-05,2.01E-03,1.09E-02,1.18E-02,6.39E-02,
18,8,OMP,0.0003538,1.66E-05,2.26E-03,1.20E-02,1.26E-02,6.69E-02,
19,8,OMP,0.0005198,2.10E-05,1.54E-03,9.52E-03,8.10E-03,5.01E-02,
20,8,OMP,0.0003666,1.78E-05,2.18E-03,1.12E-02,1.09E-02,5.62E-02,
21,8,OMP,0.0004686,1.58E-05,1.71E-03,1.27E-02,8.13E-03,6.03E-02,
22,8,OMP,0.0004356,1.58E-05,1.84E-03,1.27E-02,8.35E-03,5.75E-02,
23,8,OMP,0.000689,2.48E-05,1.16E-03,8.06E-03,5.05E-03,3.51E-02,
24,8,OMP,0.0004268,2.72E-05,1.87E-03,7.35E-03,7.81E-03,3.06E-02,
25,8,OMP,0.0005552,1.82E-05,1.44E-03,1.10E-02,5.76E-03,4.40E-02,
26,8,OMP,0.0005438,2.30E-05,1.47E-03,8.70E-03,5.66E-03,3.34E-02,
27,8,OMP,0.0006016,2.08E-05,1.33E-03,9.62E-03,4.93E-03,3.56E-02,
28,8,OMP,0.0005652,2.06E-05,1.42E-03,9.71E-03,5.06E-03,3.47E-02,
29,8,OMP,0.000723,2.66E-05,1.11E-03,7.52E-03,3.82E-03,2.59E-02,
30,8,OMP,0.0006948,2.44E-05,1.15E-03,8.20E-03,3.84E-03,2.73E-02,
31,8,OMP,0.0006672,1.94E-05,1.20E-03,1.03E-02,3.87E-03,3.33E-02,
32,8,OMP,0.0005752,2.58E-05,1.39E-03,7.75E-03,4.35E-03,2.42E-02,
33,8,OMP,0.0005878,2.36E-05,1.36E-03,8.47E-03,4.12E-03,2.57E-02,
34,8,OMP,0.000722,2.94E-05,1.11E-03,6.80E-03,3.26E-03,2.00E-02,
35,8,OMP,0.0006194,2.78E-05,1.29E-03,7.19E-03,3.69E-03,2.06E-02,
36,8,OMP,0.0007604,3.30E-05,1.05E-03,6.06E-03,2.92E-03,1.68E-02,
37,8,OMP,0.0007626,2.42E-05,1.05E-03,8.26E-03,2.84E-03,2.23E-02,
38,8,OMP,0.000674,2.56E-05,1.19E-03,7.81E-03,3.12E-03,2.06E-02,
39,8,OMP,0.0009478,2.70E-05,8.44E-04,7.41E-03,2.16E-03,1.90E-02,
40,8,OMP,0.0008428,3.72E-05,9.49E-04,5.38E-03,2.37E-03,1.34E-02,
41,8,OMP,0.0006918,3.30E-05,1.16E-03,6.06E-03,2.82E-03,1.48E-02,
42,8,OMP,0.0008468,3.06E-05,9.45E-04,6.54E-03,2.25E-03,1.56E-02,
43,8,OMP,0.0008826,2.82E-05,9.06E-04,7.09E-03,2.11E-03,1.65E-02,
44,8,OMP,0.000895,2.78E-05,8.94E-04,7.19E-03,2.03E-03,1.64E-02,
45,8,OMP,0.0009014,2.98E-05,8.88E-04,6.71E-03,1.97E-03,1.49E-02,
46,8,OMP,0.000888,3.26E-05,9.01E-04,6.13E-03,1.96E-03,1.33E-02,
47,8,OMP,0.000834,3.06E-05,9.59E-04,6.54E-03,2.04E-03,1.39E-02,
48,8,OMP,0.0008166,2.76E-05,9.80E-04,7.25E-03,2.04E-03,1.51E-02,
49,8,OMP,0.0008492,3.58E-05,9.42E-04,5.59E-03,1.92E-03,1.14E-02,
50,8,OMP,0.000878,3.12E-05,9.11E-04,6.41E-03,1.82E-03,1.28E-02,
51,8,OMP,0.001161,2.58E-05,6.89E-04,7.75E-03,1.35E-03,1.52E-02,
52,8,OMP,0.001165,3.18E-05,6.87E-04,6.29E-03,1.32E-03,1.21E-02,
53,8,OMP,0.0009346,3.68E-05,8.56E-04,5.43E-03,1.62E-03,1.03E-02,
54,8,OMP,0.000924,3.42E-05,8.66E-04,5.85E-03,1.60E-03,1.08E-02,
55,8,OMP,0.0009686,3.44E-05,8.26E-04,5.81E-03,1.50E-03,1.06E-02,
56,8,OMP,0.0011348,3.56E-05,7.05E-04,5.62E-03,1.26E-03,1.00E-02,
57,8,OMP,0.0009834,3.86E-05,8.14E-04,5.18E-03,1.43E-03,9.09E-03,
58,8,OMP,0.00113,4.92E-05,7.08E-04,4.07E-03,1.22E-03,7.01E-03,
59,8,OMP,0.0012728,3.90E-05,6.29E-04,5.13E-03,1.07E-03,8.69E-03,
60,8,OMP,0.0011444,3.52E-05,6.99E-04,5.68E-03,1.17E-03,9.47E-03,
61,8,OMP,0.001151,4.82E-05,6.95E-04,4.15E-03,1.14E-03,6.80E-03,
62,8,OMP,0.001197,4.92E-05,6.68E-04,4.07E-03,1.08E-03,6.56E-03,
63,8,OMP,0.0012274,5.66E-05,6.52E-04,3.53E-03,1.03E-03,5.61E-03,
64,8,OMP,0.0012572,3.58E-05,6.36E-04,5.59E-03,9.94E-04,8.73E-03,
65,8,OMP,0.0014346,3.50E-05,5.58E-04,5.71E-03,8.58E-04,8.79E-03,
66,8,OMP,0.0013038,4.36E-05,6.14E-04,4.59E-03,9.30E-04,6.95E-03,
67,8,OMP,0.0011888,3.48E-05,6.73E-04,5.75E-03,1.00E-03,8.58E-03,
68,8,OMP,0.0012022,5.98E-05,6.65E-04,3.34E-03,9.79E-04,4.92E-03,
69,8,OMP,0.0013432,3.82E-05,5.96E-04,5.24E-03,8.63E-04,7.59E-03,
70,8,OMP,0.0013356,4.54E-05,5.99E-04,4.41E-03,8.56E-04,6.29E-03,
71,8,OMP,0.001427,4.86E-05,5.61E-04,4.12E-03,7.90E-04,5.80E-03,
72,8,OMP,0.0015402,3.78E-05,5.19E-04,5.29E-03,7.21E-04,7.35E-03,
73,8,OMP,0.0015604,4.08E-05,5.13E-04,4.90E-03,7.02E-04,6.72E-03,
74,8,OMP,0.0016016,4.38E-05,5.00E-04,4.57E-03,6.75E-04,6.17E-03,
75,8,OMP,0.0013816,3.14E-05,5.79E-04,6.37E-03,7.72E-04,8.49E-03,
76,8,OMP,0.0015632,4.32E-05,5.12E-04,4.63E-03,6.73E-04,6.09E-03,
77,8,OMP,0.0014908,4.34E-05,5.37E-04,4.61E-03,6.97E-04,5.98E-03,
78,8,OMP,0.0014804,5.90E-05,5.40E-04,3.39E-03,6.93E-04,4.35E-03,
79,8,OMP,0.0014654,4.74E-05,5.46E-04,4.22E-03,6.91E-04,5.34E-03,
80,8,OMP,0.00165,4.24E-05,4.85E-04,4.72E-03,6.06E-04,5.90E-03,
81,8,OMP,0.0015052,4.34E-05,5.31E-04,4.61E-03,6.56E-04,5.69E-03,
82,8,OMP,0.0016596,5.30E-05,4.82E-04,3.77E-03,5.88E-04,4.60E-03,
83,8,OMP,0.0016644,4.78E-05,4.81E-04,4.18E-03,5.79E-04,5.04E-03,
84,8,OMP,0.0016264,5.20E-05,4.92E-04,3.85E-03,5.86E-04,4.58E-03,
85,8,OMP,0.001797,5.08E-05,4.45E-04,3.94E-03,5.24E-04,4.63E-03,
86,8,OMP,0.002067,5.86E-05,3.87E-04,3.41E-03,4.50E-04,3.97E-03,
87,8,OMP,0.0016908,4.10E-05,4.73E-04,4.88E-03,5.44E-04,5.61E-03,
88,8,OMP,0.004087,0.0009624,1.96E-04,2.08E-04,2.22E-04,2.36E-04,
89,8,OMP,0.0038706,0.0010014,2.07E-04,2.00E-04,2.32E-04,2.24E-04,
90,8,OMP,0.0041832,0.0019352,1.91E-04,1.03E-04,2.12E-04,1.15E-04,
91,8,OMP,0.0059956,5.48E-05,1.33E-04,3.65E-03,1.47E-04,4.01E-03,
92,8,OMP,0.0077052,0.0014474,1.04E-04,1.38E-04,1.13E-04,1.50E-04,
93,8,OMP,0.0086394,0.0038278,9.26E-05,5.22E-05,9.96E-05,5.62E-05,
94,8,OMP,0.0098862,0.003865,8.09E-05,5.17E-05,8.61E-05,5.50E-05,
95,8,OMP,0.0082608,0.0038416,9.68E-05,5.21E-05,1.02E-04,5.48E-05,
96,8,OMP,0.0101126,0.0057446,7.91E-05,3.48E-05,8.24E-05,3.63E-05,
1,16,SEQ,1.60E-06,1.00E-06,0,0,0,0,
1,16,OMP,2.16E-05,4.20E-06,7.41E-02,2.38E-01,7.41E+00,2.38E+01,
2,16,OMP,0.0001082,8.00E-06,1.48E-02,1.25E-01,7.39E-01,6.25E+00,
3,16,OMP,9.04E-05,8.00E-06,1.77E-02,1.25E-01,5.90E-01,4.17E+00,
4,16,OMP,0.0001418,1.24E-05,1.13E-02,8.06E-02,2.82E-01,2.02E+00,
5,16,OMP,0.0001512,1.08E-05,1.06E-02,9.26E-02,2.12E-01,1.85E+00,
6,16,OMP,0.0001644,1.02E-05,9.73E-03,9.80E-02,1.62E-01,1.63E+00,
7,16,OMP,0.000214,1.18E-05,7.48E-03,8.47E-02,1.07E-01,1.21E+00,
8,16,OMP,0.0002052,1.32E-05,7.80E-03,7.58E-02,9.75E-02,9.47E-01,
9,16,OMP,0.000285,1.44E-05,5.61E-03,6.94E-02,6.24E-02,7.72E-01,
10,16,OMP,0.0002696,1.64E-05,5.93E-03,6.10E-02,5.93E-02,6.10E-01,
11,16,OMP,0.0002688,1.46E-05,5.95E-03,6.85E-02,5.41E-02,6.23E-01,
12,16,OMP,0.0002396,1.44E-05,6.68E-03,6.94E-02,5.56E-02,5.79E-01,
13,16,OMP,0.0002752,1.24E-05,5.81E-03,8.06E-02,4.47E-02,6.20E-01,
14,16,OMP,0.0003294,1.48E-05,4.86E-03,6.76E-02,3.47E-02,4.83E-01,
15,16,OMP,0.0004096,1.54E-05,3.91E-03,6.49E-02,2.60E-02,4.33E-01,
16,16,OMP,0.0004676,1.46E-05,3.42E-03,6.85E-02,2.14E-02,4.28E-01,
17,16,OMP,0.0003176,2.18E-05,5.04E-03,4.59E-02,2.96E-02,2.70E-01,
18,16,OMP,0.000343,1.60E-05,4.66E-03,6.25E-02,2.59E-02,3.47E-01,
19,16,OMP,0.0003918,2.20E-05,4.08E-03,4.55E-02,2.15E-02,2.39E-01,
20,16,OMP,0.0005084,1.46E-05,3.15E-03,6.85E-02,1.57E-02,3.42E-01,
21,16,OMP,0.0006486,1.86E-05,2.47E-03,5.38E-02,1.17E-02,2.56E-01,
22,16,OMP,0.000611,1.76E-05,2.62E-03,5.68E-02,1.19E-02,2.58E-01,
23,16,OMP,0.0004228,1.68E-05,3.78E-03,5.95E-02,1.65E-02,2.59E-01,
24,16,OMP,0.0005246,1.76E-05,3.05E-03,5.68E-02,1.27E-02,2.37E-01,
25,16,OMP,0.000541,2.08E-05,2.96E-03,4.81E-02,1.18E-02,1.92E-01,
26,16,OMP,0.0006176,2.02E-05,2.59E-03,4.95E-02,9.96E-03,1.90E-01,
27,16,OMP,0.0004946,2.40E-05,3.23E-03,4.17E-02,1.20E-02,1.54E-01,
28,16,OMP,0.0005756,2.18E-05,2.78E-03,4.59E-02,9.93E-03,1.64E-01,
29,16,OMP,0.0007236,2.26E-05,2.21E-03,4.42E-02,7.62E-03,1.53E-01,
30,16,OMP,0.0007352,1.94E-05,2.18E-03,5.15E-02,7.25E-03,1.72E-01,
31,16,OMP,0.0005602,2.30E-05,2.86E-03,4.35E-02,9.21E-03,1.40E-01,
32,16,OMP,0.0008154,2.44E-05,1.96E-03,4.10E-02,6.13E-03,1.28E-01,
33,16,OMP,0.0005918,2.12E-05,2.70E-03,4.72E-02,8.19E-03,1.43E-01,
34,16,OMP,0.000738,2.86E-05,2.17E-03,3.50E-02,6.38E-03,1.03E-01,
35,16,OMP,0.000861,2.70E-05,1.86E-03,3.70E-02,5.31E-03,1.06E-01,
36,16,OMP,0.0008338,2.64E-05,1.92E-03,3.79E-02,5.33E-03,1.05E-01,
37,16,OMP,0.0006956,2.92E-05,2.30E-03,3.42E-02,6.22E-03,9.26E-02,
38,16,OMP,0.0007478,2.12E-05,2.14E-03,4.72E-02,5.63E-03,1.24E-01,
39,16,OMP,0.000946,4.02E-05,1.69E-03,2.49E-02,4.34E-03,6.38E-02,
40,16,OMP,0.0009736,2.60E-05,1.64E-03,3.85E-02,4.11E-03,9.62E-02,
41,16,OMP,0.0006934,2.60E-05,2.31E-03,3.85E-02,5.63E-03,9.38E-02,
42,16,OMP,0.0010126,2.20E-05,1.58E-03,4.55E-02,3.76E-03,1.08E-01,
43,16,OMP,0.000916,2.84E-05,1.75E-03,3.52E-02,4.06E-03,8.19E-02,
44,16,OMP,0.0009024,4.92E-05,1.77E-03,2.03E-02,4.03E-03,4.62E-02,
45,16,OMP,0.0011032,2.10E-05,1.45E-03,4.76E-02,3.22E-03,1.06E-01,
46,16,OMP,0.0010386,2.26E-05,1.54E-03,4.42E-02,3.35E-03,9.62E-02,
47,16,OMP,0.0009306,3.86E-05,1.72E-03,2.59E-02,3.66E-03,5.51E-02,
48,16,OMP,0.00096,2.50E-05,1.67E-03,4.00E-02,3.47E-03,8.33E-02,
49,16,OMP,0.0010612,3.30E-05,1.51E-03,3.03E-02,3.08E-03,6.18E-02,
50,16,OMP,0.0010404,3.28E-05,1.54E-03,3.05E-02,3.08E-03,6.10E-02,
51,16,OMP,0.0009016,3.72E-05,1.77E-03,2.69E-02,3.48E-03,5.27E-02,
52,16,OMP,0.0010344,3.32E-05,1.55E-03,3.01E-02,2.97E-03,5.79E-02,
53,16,OMP,0.0009194,3.24E-05,1.74E-03,3.09E-02,3.28E-03,5.82E-02,
54,16,OMP,0.0009552,2.64E-05,1.68E-03,3.79E-02,3.10E-03,7.01E-02,
55,16,OMP,0.0011058,2.96E-05,1.45E-03,3.38E-02,2.63E-03,6.14E-02,
56,16,OMP,0.0009856,3.10E-05,1.62E-03,3.23E-02,2.90E-03,5.76E-02,
57,16,OMP,0.0009938,3.00E-05,1.61E-03,3.33E-02,2.82E-03,5.85E-02,
58,16,OMP,0.0012146,2.88E-05,1.32E-03,3.47E-02,2.27E-03,5.99E-02,
59,16,OMP,0.001195,3.90E-05,1.34E-03,2.56E-02,2.27E-03,4.35E-02,
60,16,OMP,0.0012804,3.42E-05,1.25E-03,2.92E-02,2.08E-03,4.87E-02,
61,16,OMP,0.0011596,3.68E-05,1.38E-03,2.72E-02,2.26E-03,4.45E-02,
62,16,OMP,0.001174,2.92E-05,1.36E-03,3.42E-02,2.20E-03,5.52E-02,
63,16,OMP,0.0011832,4.44E-05,1.35E-03,2.25E-02,2.15E-03,3.58E-02,
64,16,OMP,0.0013304,3.22E-05,1.20E-03,3.11E-02,1.88E-03,4.85E-02,
65,16,OMP,0.0011524,4.42E-05,1.39E-03,2.26E-02,2.14E-03,3.48E-02,
66,16,OMP,0.0012026,5.78E-05,1.33E-03,1.73E-02,2.02E-03,2.62E-02,
67,16,OMP,0.0013706,3.58E-05,1.17E-03,2.79E-02,1.74E-03,4.17E-02,
68,16,OMP,0.0012442,3.74E-05,1.29E-03,2.67E-02,1.89E-03,3.93E-02,
69,16,OMP,0.0013684,5.12E-05,1.17E-03,1.95E-02,1.69E-03,2.83E-02,
70,16,OMP,0.0014628,4.62E-05,1.09E-03,2.16E-02,1.56E-03,3.09E-02,
71,16,OMP,0.0012756,3.50E-05,1.25E-03,2.86E-02,1.77E-03,4.02E-02,
72,16,OMP,0.0014078,7.28E-05,1.14E-03,1.37E-02,1.58E-03,1.91E-02,
73,16,OMP,0.0013508,3.70E-05,1.18E-03,2.70E-02,1.62E-03,3.70E-02,
74,16,OMP,0.0014106,4.38E-05,1.13E-03,2.28E-02,1.53E-03,3.09E-02,
75,16,OMP,0.0015966,3.94E-05,1.00E-03,2.54E-02,1.34E-03,3.38E-02,
76,16,OMP,0.001384,3.60E-05,1.16E-03,2.78E-02,1.52E-03,3.65E-02,
77,16,OMP,0.0013876,4.14E-05,1.15E-03,2.42E-02,1.50E-03,3.14E-02,
78,16,OMP,0.0014926,5.26E-05,1.07E-03,1.90E-02,1.37E-03,2.44E-02,
79,16,OMP,0.0017002,5.22E-05,9.41E-04,1.92E-02,1.19E-03,2.42E-02,
80,16,OMP,0.001407,4.82E-05,1.14E-03,2.07E-02,1.42E-03,2.59E-02,
81,16,OMP,0.0014894,4.96E-05,1.07E-03,2.02E-02,1.33E-03,2.49E-02,
82,16,OMP,0.0016214,7.18E-05,9.87E-04,1.39E-02,1.20E-03,1.70E-02,
83,16,OMP,0.0017616,5.02E-05,9.08E-04,1.99E-02,1.09E-03,2.40E-02,
84,16,OMP,0.0015596,4.30E-05,1.03E-03,2.33E-02,1.22E-03,2.77E-02,
85,16,OMP,0.001634,6.04E-05,9.79E-04,1.66E-02,1.15E-03,1.95E-02,
86,16,OMP,0.001732,4.78E-05,9.24E-04,2.09E-02,1.07E-03,2.43E-02,
87,16,OMP,0.001961,5.16E-05,8.16E-04,1.94E-02,9.38E-04,2.23E-02,
88,16,OMP,0.0017082,4.90E-05,9.37E-04,2.04E-02,1.06E-03,2.32E-02,
89,16,OMP,0.0017002,5.30E-05,9.41E-04,1.89E-02,1.06E-03,2.12E-02,
90,16,OMP,0.0017432,4.74E-05,9.18E-04,2.11E-02,1.02E-03,2.34E-02,
91,16,OMP,0.0061674,0.0010168,2.59E-04,9.83E-04,2.85E-04,1.08E-03,
92,16,OMP,0.0066476,5.46E-05,2.41E-04,1.83E-02,2.62E-04,1.99E-02,
93,16,OMP,0.0063152,0.0019514,2.53E-04,5.12E-04,2.72E-04,5.51E-04,
94,16,OMP,0.0111434,0.0057428,1.44E-04,1.74E-04,1.53E-04,1.85E-04,
95,16,OMP,0.0093066,0.0038394,1.72E-04,2.60E-04,1.81E-04,2.74E-04,
96,16,OMP,0.009162,0.006662,1.75E-04,1.50E-04,1.82E-04,1.56E-04,
1,32,SEQ,6.40E-06,4.20E-06,0,0,0,0,
1,32,OMP,2.40E-05,7.00E-06,2.67E-01,6.00E-01,2.67E+01,6.00E+01,
2,32,OMP,9.64E-05,1.48E-05,6.64E-02,2.84E-01,3.32E+00,1.42E+01,
3,32,OMP,9.74E-05,1.20E-05,6.57E-02,3.50E-01,2.19E+00,1.17E+01,
4,32,OMP,0.0001544,1.70E-05,4.15E-02,2.47E-01,1.04E+00,6.18E+00,
5,32,OMP,0.000152,1.36E-05,4.21E-02,3.09E-01,8.42E-01,6.18E+00,
6,32,OMP,0.0001516,1.26E-05,4.22E-02,3.33E-01,7.04E-01,5.56E+00,
7,32,OMP,0.000152,1.60E-05,4.21E-02,2.63E-01,6.02E-01,3.75E+00,
8,32,OMP,0.0001656,1.24E-05,3.86E-02,3.39E-01,4.83E-01,4.23E+00,
9,32,OMP,0.0002378,2.16E-05,2.69E-02,1.94E-01,2.99E-01,2.16E+00,
10,32,OMP,0.000344,2.20E-05,1.86E-02,1.91E-01,1.86E-01,1.91E+00,
11,32,OMP,0.0002308,1.40E-05,2.77E-02,3.00E-01,2.52E-01,2.73E+00,
12,32,OMP,0.0004376,2.40E-05,1.46E-02,1.75E-01,1.22E-01,1.46E+00,
13,32,OMP,0.0004436,1.94E-05,1.44E-02,2.16E-01,1.11E-01,1.67E+00,
14,32,OMP,0.000414,1.78E-05,1.55E-02,2.36E-01,1.10E-01,1.69E+00,
15,32,OMP,0.0005038,1.70E-05,1.27E-02,2.47E-01,8.47E-02,1.65E+00,
16,32,OMP,0.000368,1.74E-05,1.74E-02,2.41E-01,1.09E-01,1.51E+00,
17,32,OMP,0.0004894,2.20E-05,1.31E-02,1.91E-01,7.69E-02,1.12E+00,
18,32,OMP,0.0005924,1.78E-05,1.08E-02,2.36E-01,6.00E-02,1.31E+00,
19,32,OMP,0.0004584,1.96E-05,1.40E-02,2.14E-01,7.35E-02,1.13E+00,
20,32,OMP,0.000612,2.12E-05,1.05E-02,1.98E-01,5.23E-02,9.91E-01,
21,32,OMP,0.000525,1.52E-05,1.22E-02,2.76E-01,5.80E-02,1.32E+00,
22,32,OMP,0.0005016,2.78E-05,1.28E-02,1.51E-01,5.80E-02,6.87E-01,
23,32,OMP,0.0004112,2.14E-05,1.56E-02,1.96E-01,6.77E-02,8.53E-01,
24,32,OMP,0.0004454,2.48E-05,1.44E-02,1.69E-01,5.99E-02,7.06E-01,
25,32,OMP,0.0004366,2.10E-05,1.47E-02,2.00E-01,5.86E-02,8.00E-01,
26,32,OMP,0.0005018,2.14E-05,1.28E-02,1.96E-01,4.91E-02,7.55E-01,
27,32,OMP,0.0005984,2.06E-05,1.07E-02,2.04E-01,3.96E-02,7.55E-01,
28,32,OMP,0.0006124,2.52E-05,1.05E-02,1.67E-01,3.73E-02,5.95E-01,
29,32,OMP,0.0005824,2.32E-05,1.10E-02,1.81E-01,3.79E-02,6.24E-01,
30,32,OMP,0.0005536,2.16E-05,1.16E-02,1.94E-01,3.85E-02,6.48E-01,
31,32,OMP,0.000667,2.76E-05,9.60E-03,1.52E-01,3.10E-02,4.91E-01,
32,32,OMP,0.0005552,2.94E-05,1.15E-02,1.43E-01,3.60E-02,4.46E-01,
33,32,OMP,0.000576,2.16E-05,1.11E-02,1.94E-01,3.37E-02,5.89E-01,
34,32,OMP,0.0006562,2.64E-05,9.75E-03,1.59E-01,2.87E-02,4.68E-01,
35,32,OMP,0.0006862,3.24E-05,9.33E-03,1.30E-01,2.66E-02,3.70E-01,
36,32,OMP,0.0006794,3.30E-05,9.42E-03,1.27E-01,2.62E-02,3.54E-01,
37,32,OMP,0.0006298,2.80E-05,1.02E-02,1.50E-01,2.75E-02,4.05E-01,
38,32,OMP,0.0006452,3.36E-05,9.92E-03,1.25E-01,2.61E-02,3.29E-01,
39,32,OMP,0.0008438,2.58E-05,7.58E-03,1.63E-01,1.94E-02,4.17E-01,
40,32,OMP,0.0009168,2.64E-05,6.98E-03,1.59E-01,1.75E-02,3.98E-01,
41,32,OMP,0.0009458,3.74E-05,6.77E-03,1.12E-01,1.65E-02,2.74E-01,
42,32,OMP,0.0008586,2.88E-05,7.45E-03,1.46E-01,1.77E-02,3.47E-01,
43,32,OMP,0.0008916,3.42E-05,7.18E-03,1.23E-01,1.67E-02,2.86E-01,
44,32,OMP,0.0009958,2.78E-05,6.43E-03,1.51E-01,1.46E-02,3.43E-01,
45,32,OMP,0.000992,2.82E-05,6.45E-03,1.49E-01,1.43E-02,3.31E-01,
46,32,OMP,0.0009446,5.20E-05,6.78E-03,8.08E-02,1.47E-02,1.76E-01,
47,32,OMP,0.0009592,3.56E-05,6.67E-03,1.18E-01,1.42E-02,2.51E-01,
48,32,OMP,0.0008658,3.04E-05,7.39E-03,1.38E-01,1.54E-02,2.88E-01,
49,32,OMP,0.0010954,3.26E-05,5.84E-03,1.29E-01,1.19E-02,2.63E-01,
50,32,OMP,0.0011138,5.00E-05,5.75E-03,8.40E-02,1.15E-02,1.68E-01,
51,32,OMP,0.0009916,3.48E-05,6.45E-03,1.21E-01,1.27E-02,2.37E-01,
52,32,OMP,0.0009122,3.28E-05,7.02E-03,1.28E-01,1.35E-02,2.46E-01,
53,32,OMP,0.0011938,4.04E-05,5.36E-03,1.04E-01,1.01E-02,1.96E-01,
54,32,OMP,0.001251,3.40E-05,5.12E-03,1.24E-01,9.47E-03,2.29E-01,
55,32,OMP,0.0010214,3.92E-05,6.27E-03,1.07E-01,1.14E-02,1.95E-01,
56,32,OMP,0.0010038,3.28E-05,6.38E-03,1.28E-01,1.14E-02,2.29E-01,
57,32,OMP,0.0010294,5.02E-05,6.22E-03,8.37E-02,1.09E-02,1.47E-01,
58,32,OMP,0.0010166,2.82E-05,6.30E-03,1.49E-01,1.09E-02,2.57E-01,
59,32,OMP,0.0010718,3.04E-05,5.97E-03,1.38E-01,1.01E-02,2.34E-01,
60,32,OMP,0.001327,4.78E-05,4.82E-03,8.79E-02,8.04E-03,1.46E-01,
61,32,OMP,0.001077,4.34E-05,5.94E-03,9.68E-02,9.74E-03,1.59E-01,
62,32,OMP,0.0011712,3.18E-05,5.46E-03,1.32E-01,8.81E-03,2.13E-01,
63,32,OMP,0.0011088,4.20E-05,5.77E-03,1.00E-01,9.16E-03,1.59E-01,
64,32,OMP,0.0011296,4.96E-05,5.67E-03,8.47E-02,8.85E-03,1.32E-01,
65,32,OMP,0.001243,3.20E-05,5.15E-03,1.31E-01,7.92E-03,2.02E-01,
66,32,OMP,0.0011738,4.40E-05,5.45E-03,9.55E-02,8.26E-03,1.45E-01,
67,32,OMP,0.0012652,3.70E-05,5.06E-03,1.14E-01,7.55E-03,1.69E-01,
68,32,OMP,0.0012128,4.52E-05,5.28E-03,9.29E-02,7.76E-03,1.37E-01,
69,32,OMP,0.0012424,4.00E-05,5.15E-03,1.05E-01,7.47E-03,1.52E-01,
70,32,OMP,0.0016738,5.48E-05,3.82E-03,7.66E-02,5.46E-03,1.09E-01,
71,32,OMP,0.0014016,7.36E-05,4.57E-03,5.71E-02,6.43E-03,8.04E-02,
72,32,OMP,0.001435,4.04E-05,4.46E-03,1.04E-01,6.19E-03,1.44E-01,
73,32,OMP,0.0015518,4.18E-05,4.12E-03,1.00E-01,5.65E-03,1.38E-01,
74,32,OMP,0.0014868,4.36E-05,4.30E-03,9.63E-02,5.82E-03,1.30E-01,
75,32,OMP,0.0014074,6.56E-05,4.55E-03,6.40E-02,6.06E-03,8.54E-02,
76,32,OMP,0.0016642,4.54E-05,3.85E-03,9.25E-02,5.06E-03,1.22E-01,
77,32,OMP,0.0015012,4.82E-05,4.26E-03,8.71E-02,5.54E-03,1.13E-01,
78,32,OMP,0.0017236,4.50E-05,3.71E-03,9.33E-02,4.76E-03,1.20E-01,
79,32,OMP,0.0016962,4.44E-05,3.77E-03,9.46E-02,4.78E-03,1.20E-01,
80,32,OMP,0.001483,4.84E-05,4.32E-03,8.68E-02,5.39E-03,1.08E-01,
81,32,OMP,0.001535,5.54E-05,4.17E-03,7.58E-02,5.15E-03,9.36E-02,
82,32,OMP,0.0015308,4.60E-05,4.18E-03,9.13E-02,5.10E-03,1.11E-01,
83,32,OMP,0.0014914,4.42E-05,4.29E-03,9.50E-02,5.17E-03,1.14E-01,
84,32,OMP,0.0014838,4.48E-05,4.31E-03,9.38E-02,5.13E-03,1.12E-01,
85,32,OMP,0.003574,5.40E-05,1.79E-03,7.78E-02,2.11E-03,9.15E-02,
86,32,OMP,0.0023204,5.38E-05,2.76E-03,7.81E-02,3.21E-03,9.08E-02,
87,32,OMP,0.0021966,5.32E-05,2.91E-03,7.89E-02,3.35E-03,9.07E-02,
88,32,OMP,0.0027308,6.36E-05,2.34E-03,6.60E-02,2.66E-03,7.50E-02,
89,32,OMP,0.0024552,6.76E-05,2.61E-03,6.21E-02,2.93E-03,6.98E-02,
90,32,OMP,0.0050634,5.92E-05,1.26E-03,7.09E-02,1.40E-03,7.88E-02,
91,32,OMP,0.0061596,0.0010376,1.04E-03,4.05E-03,1.14E-03,4.45E-03,
92,32,OMP,0.0074864,0.0019278,8.55E-04,2.18E-03,9.29E-04,2.37E-03,
93,32,OMP,0.0047276,0.0019484,1.35E-03,2.16E-03,1.46E-03,2.32E-03,
94,32,OMP,0.0074824,0.0019664,8.55E-04,2.14E-03,9.10E-04,2.27E-03,
95,32,OMP,0.0098534,0.0075994,6.50E-04,5.53E-04,6.84E-04,5.82E-04,
96,32,OMP,0.0091152,0.0075872,7.02E-04,5.54E-04,7.31E-04,5.77E-04,
1,64,SEQ,1.28E-05,1.16E-05,0,0,0,0,
1,64,OMP,4.16E-05,2.56E-05,3.08E-01,4.53E-01,3.08E+01,4.53E+01,
2,64,OMP,0.0001002,2.04E-05,1.28E-01,5.69E-01,6.39E+00,2.84E+01,
3,64,OMP,0.0001526,3.74E-05,8.39E-02,3.10E-01,2.80E+00,1.03E+01,
4,64,OMP,0.0001158,2.20E-05,1.11E-01,5.27E-01,2.76E+00,1.32E+01,
5,64,OMP,0.000136,2.16E-05,9.41E-02,5.37E-01,1.88E+00,1.07E+01,
6,64,OMP,0.0002184,2.16E-05,5.86E-02,5.37E-01,9.77E-01,8.95E+00,
7,64,OMP,0.0001908,2.82E-05,6.71E-02,4.11E-01,9.58E-01,5.88E+00,
8,64,OMP,0.0001874,2.50E-05,6.83E-02,4.64E-01,8.54E-01,5.80E+00,
9,64,OMP,0.0002992,3.00E-05,4.28E-02,3.87E-01,4.75E-01,4.30E+00,
10,64,OMP,0.0003382,3.42E-05,3.78E-02,3.39E-01,3.78E-01,3.39E+00,
11,64,OMP,0.0004056,4.38E-05,3.16E-02,2.65E-01,2.87E-01,2.41E+00,
12,64,OMP,0.0003294,2.82E-05,3.89E-02,4.11E-01,3.24E-01,3.43E+00,
13,64,OMP,0.0004156,3.42E-05,3.08E-02,3.39E-01,2.37E-01,2.61E+00,
14,64,OMP,0.0003826,3.94E-05,3.35E-02,2.94E-01,2.39E-01,2.10E+00,
15,64,OMP,0.0003086,2.90E-05,4.15E-02,4.00E-01,2.77E-01,2.67E+00,
16,64,OMP,0.0003004,2.86E-05,4.26E-02,4.06E-01,2.66E-01,2.53E+00,
17,64,OMP,0.0003432,2.94E-05,3.73E-02,3.95E-01,2.19E-01,2.32E+00,
18,64,OMP,0.0005626,4.92E-05,2.28E-02,2.36E-01,1.26E-01,1.31E+00,
19,64,OMP,0.00044,3.02E-05,2.91E-02,3.84E-01,1.53E-01,2.02E+00,
20,64,OMP,0.000413,3.14E-05,3.10E-02,3.69E-01,1.55E-01,1.85E+00,
21,64,OMP,0.0005008,3.58E-05,2.56E-02,3.24E-01,1.22E-01,1.54E+00,
22,64,OMP,0.0004646,3.70E-05,2.76E-02,3.14E-01,1.25E-01,1.43E+00,
23,64,OMP,0.0004346,3.46E-05,2.95E-02,3.35E-01,1.28E-01,1.46E+00,
24,64,OMP,0.0005672,3.92E-05,2.26E-02,2.96E-01,9.40E-02,1.23E+00,
25,64,OMP,0.0004628,3.30E-05,2.77E-02,3.52E-01,1.11E-01,1.41E+00,
26,64,OMP,0.0007152,3.78E-05,1.79E-02,3.07E-01,6.88E-02,1.18E+00,
27,64,OMP,0.0008368,5.54E-05,1.53E-02,2.09E-01,5.67E-02,7.76E-01,
28,64,OMP,0.0005156,3.48E-05,2.48E-02,3.33E-01,8.87E-02,1.19E+00,
29,64,OMP,0.0007278,4.24E-05,1.76E-02,2.74E-01,6.06E-02,9.43E-01,
30,64,OMP,0.0005658,3.38E-05,2.26E-02,3.43E-01,7.54E-02,1.14E+00,
31,64,OMP,0.0006228,3.64E-05,2.06E-02,3.19E-01,6.63E-02,1.03E+00,
32,64,OMP,0.0007274,4.14E-05,1.76E-02,2.80E-01,5.50E-02,8.76E-01,
33,64,OMP,0.0006242,3.86E-05,2.05E-02,3.01E-01,6.21E-02,9.11E-01,
34,64,OMP,0.0008762,4.00E-05,1.46E-02,2.90E-01,4.30E-02,8.53E-01,
35,64,OMP,0.0006892,3.92E-05,1.86E-02,2.96E-01,5.31E-02,8.45E-01,
36,64,OMP,0.0007632,4.26E-05,1.68E-02,2.72E-01,4.66E-02,7.56E-01,
37,64,OMP,0.0007858,3.94E-05,1.63E-02,2.94E-01,4.40E-02,7.96E-01,
38,64,OMP,0.000706,3.92E-05,1.81E-02,2.96E-01,4.77E-02,7.79E-01,
39,64,OMP,0.0008356,4.60E-05,1.53E-02,2.52E-01,3.93E-02,6.47E-01,
40,64,OMP,0.0007196,4.06E-05,1.78E-02,2.86E-01,4.45E-02,7.14E-01,
41,64,OMP,0.0007258,4.68E-05,1.76E-02,2.48E-01,4.30E-02,6.05E-01,
42,64,OMP,0.0007966,4.06E-05,1.61E-02,2.86E-01,3.83E-02,6.80E-01,
43,64,OMP,0.0007654,4.24E-05,1.67E-02,2.74E-01,3.89E-02,6.36E-01,
44,64,OMP,0.0009348,4.40E-05,1.37E-02,2.64E-01,3.11E-02,5.99E-01,
45,64,OMP,0.0007802,4.50E-05,1.64E-02,2.58E-01,3.65E-02,5.73E-01,
46,64,OMP,0.0009566,4.72E-05,1.34E-02,2.46E-01,2.91E-02,5.34E-01,
47,64,OMP,0.0009236,4.58E-05,1.39E-02,2.53E-01,2.95E-02,5.39E-01,
48,64,OMP,0.0008574,4.46E-05,1.49E-02,2.60E-01,3.11E-02,5.42E-01,
49,64,OMP,0.000931,4.40E-05,1.37E-02,2.64E-01,2.81E-02,5.38E-01,
50,64,OMP,0.0008662,4.28E-05,1.48E-02,2.71E-01,2.96E-02,5.42E-01,
51,64,OMP,0.0010018,4.80E-05,1.28E-02,2.42E-01,2.51E-02,4.74E-01,
52,64,OMP,0.0010308,4.52E-05,1.24E-02,2.57E-01,2.39E-02,4.94E-01,
53,64,OMP,0.0012024,5.80E-05,1.06E-02,2.00E-01,2.01E-02,3.77E-01,
54,64,OMP,0.0010602,5.44E-05,1.21E-02,2.13E-01,2.24E-02,3.95E-01,
55,64,OMP,0.0011974,5.10E-05,1.07E-02,2.27E-01,1.94E-02,4.14E-01,
56,64,OMP,0.001245,4.94E-05,1.03E-02,2.35E-01,1.84E-02,4.19E-01,
57,64,OMP,0.001346,4.70E-05,9.51E-03,2.47E-01,1.67E-02,4.33E-01,
58,64,OMP,0.0012426,5.28E-05,1.03E-02,2.20E-01,1.78E-02,3.79E-01,
59,64,OMP,0.001059,5.22E-05,1.21E-02,2.22E-01,2.05E-02,3.77E-01,
60,64,OMP,0.0012294,5.40E-05,1.04E-02,2.15E-01,1.74E-02,3.58E-01,
61,64,OMP,0.0010906,4.96E-05,1.17E-02,2.34E-01,1.92E-02,3.83E-01,
62,64,OMP,0.001076,4.48E-05,1.19E-02,2.59E-01,1.92E-02,4.18E-01,
63,64,OMP,0.001226,4.42E-05,1.04E-02,2.62E-01,1.66E-02,4.17E-01,
64,64,OMP,0.00114,5.54E-05,1.12E-02,2.09E-01,1.75E-02,3.27E-01,
65,64,OMP,0.0013878,5.18E-05,9.22E-03,2.24E-01,1.42E-02,3.45E-01,
66,64,OMP,0.0013936,5.36E-05,9.18E-03,2.16E-01,1.39E-02,3.28E-01,
67,64,OMP,0.0011832,5.58E-05,1.08E-02,2.08E-01,1.61E-02,3.10E-01,
68,64,OMP,0.0012918,5.12E-05,9.91E-03,2.27E-01,1.46E-02,3.33E-01,
69,64,OMP,0.0012562,6.62E-05,1.02E-02,1.75E-01,1.48E-02,2.54E-01,
70,64,OMP,0.0013068,6.56E-05,9.79E-03,1.77E-01,1.40E-02,2.53E-01,
71,64,OMP,0.0014084,5.28E-05,9.09E-03,2.20E-01,1.28E-02,3.09E-01,
72,64,OMP,0.001314,5.32E-05,9.74E-03,2.18E-01,1.35E-02,3.03E-01,
73,64,OMP,0.001334,5.40E-05,9.60E-03,2.15E-01,1.31E-02,2.94E-01,
74,64,OMP,0.0014018,6.88E-05,9.13E-03,1.69E-01,1.23E-02,2.28E-01,
75,64,OMP,0.0015752,5.66E-05,8.13E-03,2.05E-01,1.08E-02,2.73E-01,
76,64,OMP,0.0014954,5.66E-05,8.56E-03,2.05E-01,1.13E-02,2.70E-01,
77,64,OMP,0.001411,6.20E-05,9.07E-03,1.87E-01,1.18E-02,2.43E-01,
78,64,OMP,0.0015962,6.06E-05,8.02E-03,1.91E-01,1.03E-02,2.45E-01,
79,64,OMP,0.0014088,6.90E-05,9.09E-03,1.68E-01,1.15E-02,2.13E-01,
80,64,OMP,0.001615,5.38E-05,7.93E-03,2.16E-01,9.91E-03,2.70E-01,
81,64,OMP,0.0015994,5.30E-05,8.00E-03,2.19E-01,9.88E-03,2.70E-01,
82,64,OMP,0.0016718,5.32E-05,7.66E-03,2.18E-01,9.34E-03,2.66E-01,
83,64,OMP,0.0016496,6.66E-05,7.76E-03,1.74E-01,9.35E-03,2.10E-01,
84,64,OMP,0.0015818,6.48E-05,8.09E-03,1.79E-01,9.63E-03,2.13E-01,
85,64,OMP,0.0032536,7.18E-05,3.93E-03,1.62E-01,4.63E-03,1.90E-01,
86,64,OMP,0.001888,6.66E-05,6.78E-03,1.74E-01,7.88E-03,2.03E-01,
87,64,OMP,0.0017276,5.64E-05,7.41E-03,2.06E-01,8.52E-03,2.36E-01,
88,64,OMP,0.0020828,9.86E-05,6.15E-03,1.18E-01,6.98E-03,1.34E-01,
89,64,OMP,0.0018892,6.76E-05,6.78E-03,1.72E-01,7.61E-03,1.93E-01,
90,64,OMP,0.0048722,0.001024,2.63E-03,1.13E-02,2.92E-03,1.26E-02,
91,64,OMP,0.0049284,8.04E-05,2.60E-03,1.44E-01,2.85E-03,1.59E-01,
92,64,OMP,0.0080646,0.0012166,1.59E-03,9.53E-03,1.73E-03,1.04E-02,
93,64,OMP,0.009454,0.0038346,1.35E-03,3.03E-03,1.46E-03,3.25E-03,
94,64,OMP,0.0065942,0.0038308,1.94E-03,3.03E-03,2.06E-03,3.22E-03,
95,64,OMP,0.0091068,0.0067034,1.41E-03,1.73E-03,1.48E-03,1.82E-03,
96,64,OMP,0.0115084,0.0060474,1.11E-03,1.92E-03,1.16E-03,2.00E-03,
1,128,SEQ,4.68E-05,5.58E-05,0,0,0,0,
1,128,OMP,7.58E-05,6.00E-05,6.17E-01,9.30E-01,6.17E+01,9.30E+01,
2,128,OMP,0.0001528,9.40E-05,3.06E-01,5.94E-01,1.53E+01,2.97E+01,
3,128,OMP,0.0001716,9.28E-05,2.73E-01,6.01E-01,9.09E+00,2.00E+01,
4,128,OMP,0.0002094,9.54E-05,2.23E-01,5.85E-01,5.59E+00,1.46E+01,
5,128,OMP,0.0002096,0.0001094,2.23E-01,5.10E-01,4.47E+00,1.02E+01,
6,128,OMP,0.0002104,9.90E-05,2.22E-01,5.64E-01,3.71E+00,9.39E+00,
7,128,OMP,0.000311,9.50E-05,1.50E-01,5.87E-01,2.15E+00,8.39E+00,
8,128,OMP,0.0002312,9.54E-05,2.02E-01,5.85E-01,2.53E+00,7.31E+00,
9,128,OMP,0.0002634,0.0001006,1.78E-01,5.55E-01,1.97E+00,6.16E+00,
10,128,OMP,0.000313,9.62E-05,1.50E-01,5.80E-01,1.50E+00,5.80E+00,
11,128,OMP,0.000269,9.82E-05,1.74E-01,5.68E-01,1.58E+00,5.17E+00,
12,128,OMP,0.0003328,0.0001006,1.41E-01,5.55E-01,1.17E+00,4.62E+00,
13,128,OMP,0.0002778,9.80E-05,1.68E-01,5.69E-01,1.30E+00,4.38E+00,
14,128,OMP,0.0003156,9.86E-05,1.48E-01,5.66E-01,1.06E+00,4.04E+00,
15,128,OMP,0.0003364,9.82E-05,1.39E-01,5.68E-01,9.27E-01,3.79E+00,
16,128,OMP,0.0005054,9.50E-05,9.26E-02,5.87E-01,5.79E-01,3.67E+00,
17,128,OMP,0.0003398,0.0001106,1.38E-01,5.05E-01,8.10E-01,2.97E+00,
18,128,OMP,0.0003846,0.0001066,1.22E-01,5.23E-01,6.76E-01,2.91E+00,
19,128,OMP,0.000374,0.0001022,1.25E-01,5.46E-01,6.59E-01,2.87E+00,
20,128,OMP,0.000375,0.0001006,1.25E-01,5.55E-01,6.24E-01,2.77E+00,
21,128,OMP,0.0004296,0.0001022,1.09E-01,5.46E-01,5.19E-01,2.60E+00,
22,128,OMP,0.0005268,0.000101,8.88E-02,5.52E-01,4.04E-01,2.51E+00,
23,128,OMP,0.0004566,0.0001086,1.02E-01,5.14E-01,4.46E-01,2.23E+00,
24,128,OMP,0.0005196,0.0001136,9.01E-02,4.91E-01,3.75E-01,2.05E+00,
25,128,OMP,0.0004912,0.0001292,9.53E-02,4.32E-01,3.81E-01,1.73E+00,
26,128,OMP,0.0006386,0.0001052,7.33E-02,5.30E-01,2.82E-01,2.04E+00,
27,128,OMP,0.0005216,0.0001058,8.97E-02,5.27E-01,3.32E-01,1.95E+00,
28,128,OMP,0.0006182,0.0001064,7.57E-02,5.24E-01,2.70E-01,1.87E+00,
29,128,OMP,0.0005658,0.0001032,8.27E-02,5.41E-01,2.85E-01,1.86E+00,
30,128,OMP,0.0006834,0.0001024,6.85E-02,5.45E-01,2.28E-01,1.82E+00,
31,128,OMP,0.0005884,0.0001082,7.95E-02,5.16E-01,2.57E-01,1.66E+00,
32,128,OMP,0.0007366,9.70E-05,6.35E-02,5.75E-01,1.99E-01,1.80E+00,
33,128,OMP,0.0006686,0.0001026,7.00E-02,5.44E-01,2.12E-01,1.65E+00,
34,128,OMP,0.0006338,0.0001068,7.38E-02,5.22E-01,2.17E-01,1.54E+00,
35,128,OMP,0.000646,0.0001078,7.24E-02,5.18E-01,2.07E-01,1.48E+00,
36,128,OMP,0.0008292,9.48E-05,5.64E-02,5.89E-01,1.57E-01,1.64E+00,
37,128,OMP,0.0007912,9.64E-05,5.92E-02,5.79E-01,1.60E-01,1.56E+00,
38,128,OMP,0.000808,0.0001068,5.79E-02,5.22E-01,1.52E-01,1.37E+00,
39,128,OMP,0.0008484,9.78E-05,5.52E-02,5.71E-01,1.41E-01,1.46E+00,
40,128,OMP,0.0008504,0.0001036,5.50E-02,5.39E-01,1.38E-01,1.35E+00,
41,128,OMP,0.0008386,9.58E-05,5.58E-02,5.82E-01,1.36E-01,1.42E+00,
42,128,OMP,0.0007632,0.0001098,6.13E-02,5.08E-01,1.46E-01,1.21E+00,
43,128,OMP,0.0008526,9.82E-05,5.49E-02,5.68E-01,1.28E-01,1.32E+00,
44,128,OMP,0.0008336,0.000105,5.61E-02,5.31E-01,1.28E-01,1.21E+00,
45,128,OMP,0.0008328,9.24E-05,5.62E-02,6.04E-01,1.25E-01,1.34E+00,
46,128,OMP,0.0007886,9.30E-05,5.93E-02,6.00E-01,1.29E-01,1.30E+00,
47,128,OMP,0.0009174,0.0001,5.10E-02,5.58E-01,1.09E-01,1.19E+00,
48,128,OMP,0.0008466,9.64E-05,5.53E-02,5.79E-01,1.15E-01,1.21E+00,
49,128,OMP,0.0008704,0.000105,5.38E-02,5.31E-01,1.10E-01,1.08E+00,
50,128,OMP,0.000922,8.72E-05,5.08E-02,6.40E-01,1.02E-01,1.28E+00,
51,128,OMP,0.0009316,9.54E-05,5.02E-02,5.85E-01,9.85E-02,1.15E+00,
52,128,OMP,0.0010008,0.0001044,4.68E-02,5.34E-01,8.99E-02,1.03E+00,
53,128,OMP,0.0009934,9.16E-05,4.71E-02,6.09E-01,8.89E-02,1.15E+00,
54,128,OMP,0.0010286,0.0001012,4.55E-02,5.51E-01,8.43E-02,1.02E+00,
55,128,OMP,0.0010174,8.04E-05,4.60E-02,6.94E-01,8.36E-02,1.26E+00,
56,128,OMP,0.000979,0.0001022,4.78E-02,5.46E-01,8.54E-02,9.75E-01,
57,128,OMP,0.0010806,8.34E-05,4.33E-02,6.69E-01,7.60E-02,1.17E+00,
58,128,OMP,0.0011014,9.96E-05,4.25E-02,5.60E-01,7.33E-02,9.66E-01,
59,128,OMP,0.0010706,8.72E-05,4.37E-02,6.40E-01,7.41E-02,1.08E+00,
60,128,OMP,0.0011234,0.000101,4.17E-02,5.52E-01,6.94E-02,9.21E-01,
61,128,OMP,0.0010946,8.44E-05,4.28E-02,6.61E-01,7.01E-02,1.08E+00,
62,128,OMP,0.001168,9.08E-05,4.01E-02,6.15E-01,6.46E-02,9.91E-01,
63,128,OMP,0.001128,9.90E-05,4.15E-02,5.64E-01,6.59E-02,8.95E-01,
64,128,OMP,0.001122,9.38E-05,4.17E-02,5.95E-01,6.52E-02,9.30E-01,
65,128,OMP,0.0012006,9.54E-05,3.90E-02,5.85E-01,6.00E-02,9.00E-01,
66,128,OMP,0.0011442,8.84E-05,4.09E-02,6.31E-01,6.20E-02,9.56E-01,
67,128,OMP,0.0011996,8.62E-05,3.90E-02,6.47E-01,5.82E-02,9.66E-01,
68,128,OMP,0.0012394,8.56E-05,3.78E-02,6.52E-01,5.55E-02,9.59E-01,
69,128,OMP,0.0012648,9.52E-05,3.70E-02,5.86E-01,5.36E-02,8.49E-01,
70,128,OMP,0.0013762,9.72E-05,3.40E-02,5.74E-01,4.86E-02,8.20E-01,
71,128,OMP,0.001441,9.30E-05,3.25E-02,6.00E-01,4.57E-02,8.45E-01,
72,128,OMP,0.001396,9.88E-05,3.35E-02,5.65E-01,4.66E-02,7.84E-01,
73,128,OMP,0.0013342,9.68E-05,3.51E-02,5.76E-01,4.81E-02,7.90E-01,
74,128,OMP,0.0013638,9.46E-05,3.43E-02,5.90E-01,4.64E-02,7.97E-01,
75,128,OMP,0.0013366,9.10E-05,3.50E-02,6.13E-01,4.67E-02,8.18E-01,
76,128,OMP,0.0015354,9.02E-05,3.05E-02,6.19E-01,4.01E-02,8.14E-01,
77,128,OMP,0.0014004,8.80E-05,3.34E-02,6.34E-01,4.34E-02,8.23E-01,
78,128,OMP,0.0015542,9.28E-05,3.01E-02,6.01E-01,3.86E-02,7.71E-01,
79,128,OMP,0.001538,9.88E-05,3.04E-02,5.65E-01,3.85E-02,7.15E-01,
80,128,OMP,0.0015172,0.0001044,3.08E-02,5.34E-01,3.86E-02,6.68E-01,
81,128,OMP,0.0015076,8.68E-05,3.10E-02,6.43E-01,3.83E-02,7.94E-01,
82,128,OMP,0.0014962,9.78E-05,3.13E-02,5.71E-01,3.81E-02,6.96E-01,
83,128,OMP,0.00159,9.46E-05,2.94E-02,5.90E-01,3.55E-02,7.11E-01,
84,128,OMP,0.0015654,9.18E-05,2.99E-02,6.08E-01,3.56E-02,7.24E-01,
85,128,OMP,0.0015888,9.86E-05,2.95E-02,5.66E-01,3.47E-02,6.66E-01,
86,128,OMP,0.0034256,9.96E-05,1.37E-02,5.60E-01,1.59E-02,6.51E-01,
87,128,OMP,0.004086,0.0001152,1.15E-02,4.84E-01,1.32E-02,5.57E-01,
88,128,OMP,0.002032,9.88E-05,2.30E-02,5.65E-01,2.62E-02,6.42E-01,
89,128,OMP,0.0021784,0.0001156,2.15E-02,4.83E-01,2.41E-02,5.42E-01,
90,128,OMP,0.0025894,0.0001032,1.81E-02,5.41E-01,2.01E-02,6.01E-01,
91,128,OMP,0.0056464,0.0019816,8.29E-03,2.82E-02,9.11E-03,3.09E-02,
92,128,OMP,0.0076396,0.0010532,6.13E-03,5.30E-02,6.66E-03,5.76E-02,
93,128,OMP,0.0091458,0.0039874,5.12E-03,1.40E-02,5.50E-03,1.50E-02,
94,128,OMP,0.0099724,0.0067338,4.69E-03,8.29E-03,4.99E-03,8.82E-03,
95,128,OMP,0.0089438,0.0038614,5.23E-03,1.45E-02,5.51E-03,1.52E-02,
96,128,OMP,0.0089788,0.0066634,5.21E-03,8.37E-03,5.43E-03,8.72E-03,
1,256,SEQ,0.0001804,0.0004342,0,0,0,0,
1,256,OMP,0.0002508,0.0004198,0.7192982456,1.034302049,71.92982456,103.4302049,
2,256,OMP,0.0003456,0.0003966,0.5219907407,1.09480585,26.09953704,54.74029249,
3,256,OMP,0.000343,0.0004836,0.5259475219,0.8978494624,17.53158406,29.92831541,
4,256,OMP,0.0003178,0.0006004,0.5676526117,0.7231845436,14.19131529,18.07961359,
5,256,OMP,0.000336,0.0004456,0.5369047619,0.9744165171,10.73809524,19.48833034,
6,256,OMP,0.0002828,0.0004416,0.6379066478,0.9832427536,10.63177746,16.38737923,
7,256,OMP,0.0002956,0.0004216,0.6102841678,1.029886148,8.718345254,14.71265926,
8,256,OMP,0.0003062,0.0004934,0.5891574135,0.880016214,7.364467668,11.00020268,
9,256,OMP,0.0003326,0.0004384,0.5423932652,0.990419708,6.026591835,11.00466342,
10,256,OMP,0.000349,0.0004382,0.5169054441,0.9908717481,5.169054441,9.908717481,
11,256,OMP,0.0003208,0.0004572,0.5623441397,0.9496937883,5.112219451,8.633579893,
12,256,OMP,0.000345,0.0004878,0.5228985507,0.8901189012,4.357487923,7.41765751,
13,256,OMP,0.0003886,0.0004486,0.4642305713,0.9679001337,3.571004394,7.445385644,
14,256,OMP,0.0004006,0.0004886,0.4503245132,0.8886614818,3.216603666,6.347582013,
15,256,OMP,0.0003942,0.000481,0.4576357179,0.9027027027,3.050904786,6.018018018,
16,256,OMP,0.0003894,0.000489,0.4632768362,0.8879345603,2.895480226,5.549591002,
17,256,OMP,0.000421,0.0004804,0.4285035629,0.9038301415,2.520609194,5.316647891,
18,256,OMP,0.0004708,0.0004784,0.3831775701,0.9076086957,2.128764278,5.042270531,
19,256,OMP,0.0004606,0.0004384,0.3916630482,0.990419708,2.061384464,5.212735305,
20,256,OMP,0.0004668,0.0004682,0.3864610111,0.9273814609,1.932305056,4.636907305,
21,256,OMP,0.000502,0.0005178,0.3593625498,0.8385477018,1.711250237,3.993084294,
22,256,OMP,0.0005378,0.0005174,0.3354406843,0.8391959799,1.524730383,3.814527181,
23,256,OMP,0.0005064,0.0004256,0.3562401264,1.020206767,1.548870115,4.435681595,
24,256,OMP,0.0005296,0.0004362,0.3406344411,0.9954149473,1.419310171,4.14756228,
25,256,OMP,0.0005544,0.0003786,0.3253968254,1.146856841,1.301587302,4.587427364,
26,256,OMP,0.0005832,0.0004316,0.3093278464,1.006024096,1.189722486,3.869323448,
27,256,OMP,0.0005764,0.0004192,0.3129770992,1.035782443,1.159174442,3.836231269,
28,256,OMP,0.000578,0.0004254,0.3121107266,1.020686413,1.114681167,3.645308617,
29,256,OMP,0.0006098,0.0004594,0.2958346999,0.9451458424,1.020119655,3.259123594,
30,256,OMP,0.000645,0.0004586,0.2796899225,0.9467945922,0.9322997416,3.155981974,
31,256,OMP,0.000635,0.0004112,0.2840944882,1.055933852,0.9164338329,3.406238233,
32,256,OMP,0.0006496,0.0004434,0.2777093596,0.9792512404,0.8678417488,3.060160126,
33,256,OMP,0.0006716,0.0004496,0.2686122692,0.965747331,0.8139765734,2.926507064,
34,256,OMP,0.000695,0.0004244,0.2595683453,1.023091423,0.7634363098,3.009092421,
35,256,OMP,0.0007066,0.0003956,0.2553071044,1.097573306,0.7294488698,3.135923732,
36,256,OMP,0.0007158,0.0004468,0.2520257055,0.9717994628,0.7000714042,2.699442952,
37,256,OMP,0.0007528,0.0003758,0.2396386823,1.155401809,0.6476721142,3.122707593,
38,256,OMP,0.000763,0.0003788,0.2364351245,1.14625132,0.6221976961,3.016450842,
39,256,OMP,0.0008244,0.0004012,0.2188258127,1.08225324,0.5610918275,2.775008308,
40,256,OMP,0.0007864,0.0004004,0.2293997965,1.084415584,0.5734994914,2.711038961,
41,256,OMP,0.0008164,0.00045,0.2209701127,0.9648888889,0.5389514944,2.353387534,
42,256,OMP,0.0008254,0.0004172,0.2185606978,1.040747843,0.5203826139,2.477971054,
43,256,OMP,0.0008332,0.0004502,0.2165146423,0.9644602399,0.5035224241,2.24293079,
44,256,OMP,0.0008402,0.0004278,0.2147107831,1.014960262,0.4879790526,2.306727868,
45,256,OMP,0.0008558,0.000423,0.2107969152,1.026477541,0.4684375893,2.281061203,
46,256,OMP,0.0008768,0.0004692,0.2057481752,0.9254049446,0.4472786417,2.01174988,
47,256,OMP,0.000885,0.000441,0.2038418079,0.9845804989,0.4337059743,2.094852125,
48,256,OMP,0.0008926,0.00044,0.2021062066,0.9868181818,0.4210545971,2.055871212,
49,256,OMP,0.0009282,0.000455,0.1943546649,0.9542857143,0.3966421734,1.947521866,
50,256,OMP,0.0009388,0.0004276,0.1921602045,1.015434986,0.384320409,2.030869972,
51,256,OMP,0.000944,0.0004486,0.1911016949,0.9679001337,0.3747092057,1.8978434,
52,256,OMP,0.0009828,0.0004102,0.1835571836,1.058508045,0.3529945838,2.035592394,
53,256,OMP,0.0009798,0.000447,0.184119208,0.9713646532,0.3473947321,1.832763497,
54,256,OMP,0.0009928,0.0004256,0.1817082998,1.020206767,0.3364968514,1.889271791,
55,256,OMP,0.0010182,0.000442,0.1771754076,0.9823529412,0.3221371047,1.786096257,
56,256,OMP,0.0010622,0.0004676,0.169836189,0.9285714286,0.303278909,1.658163265,
57,256,OMP,0.0010578,0.0004416,0.1705426357,0.9832427536,0.2991976064,1.724987287,
58,256,OMP,0.001116,0.000451,0.1616487455,0.9627494457,0.2787047337,1.659912837,
59,256,OMP,0.001114,0.0004684,0.1619389587,0.9269854825,0.2744728114,1.571161835,
60,256,OMP,0.001123,0.0003996,0.1606411398,1.086586587,0.267735233,1.810977644,
61,256,OMP,0.0011314,0.0004464,0.1594484709,0.9726702509,0.2613909359,1.594541395,
62,256,OMP,0.0011306,0.0004404,0.1595612949,0.9859218892,0.2573569272,1.590196595,
63,256,OMP,0.0011618,0.0004698,0.1552762954,0.9242230736,0.2464703102,1.467020752,
64,256,OMP,0.0011944,0.000423,0.1510381782,1.026477541,0.2359971534,1.603871158,
65,256,OMP,0.0012056,0.0004666,0.1496350365,0.9305615088,0.2302077485,1.43163309,
66,256,OMP,0.0012682,0.000459,0.1422488566,0.9459694989,0.2155285707,1.43328712,
67,256,OMP,0.0012344,0.0004778,0.1461438756,0.9087484303,0.2181251874,1.356340941,
68,256,OMP,0.0012924,0.000468,0.1395852677,0.9277777778,0.2052724525,1.364379085,
69,256,OMP,0.0012844,0.0004738,0.140454687,0.9164204306,0.2035575174,1.328145552,
70,256,OMP,0.00133,0.0004586,0.1356390977,0.9467945922,0.1937701396,1.352563703,
71,256,OMP,0.0013132,0.0004604,0.1373743527,0.9430929626,0.1934850038,1.328299947,
72,256,OMP,0.0013404,0.0004342,0.1345866905,1,0.1869259591,1.388888889,
73,256,OMP,0.0013182,0.000463,0.1368532848,0.9377969762,0.1874702531,1.284653392,
74,256,OMP,0.0013634,0.0004484,0.1323162682,0.9683318466,0.1788057678,1.308556549,
75,256,OMP,0.001377,0.0004522,0.1310094408,0.9601946042,0.1746792544,1.280259472,
76,256,OMP,0.0014574,0.0004688,0.1237820777,0.9261945392,0.1628711548,1.218677025,
77,256,OMP,0.0014356,0.0004776,0.1256617442,0.9091289782,0.1631970704,1.180686985,
78,256,OMP,0.0014958,0.0004886,0.1206043589,0.8886614818,0.1546209729,1.139309592,
79,256,OMP,0.0015164,0.0004644,0.118965972,0.9349698536,0.150589838,1.183506144,
80,256,OMP,0.00152,0.0004778,0.1186842105,0.9087484303,0.1483552632,1.135935538,
81,256,OMP,0.0015808,0.0004464,0.1141194332,0.9726702509,0.1408881891,1.20082747,
82,256,OMP,0.0015818,0.0004874,0.1140472879,0.890849405,0.1390820584,1.086401713,
83,256,OMP,0.0016126,0.000472,0.1118690314,0.9199152542,0.1347819655,1.108331632,
84,256,OMP,0.001635,0.0004638,0.1103363914,0.9361793877,0.1313528469,1.114499271,
85,256,OMP,0.0034824,0.0004828,0.05180335401,0.8993371997,0.06094512236,1.058043764,
86,256,OMP,0.002258,0.0005056,0.07989371125,0.8587816456,0.09289966424,0.9985833088,
87,256,OMP,0.0023962,0.0004364,0.07528586929,0.9949587534,0.08653548195,1.143630751,
88,256,OMP,0.0032626,0.0014244,0.05529332434,0.3048301039,0.06283332312,0.3463978453,
89,256,OMP,0.00294,0.0004624,0.06136054422,0.9390138408,0.06894443171,1.055071731,
90,256,OMP,0.002237,0.0004642,0.08064371927,0.9353726842,0.08960413252,1.039302982,
91,256,OMP,0.0045484,0.0004706,0.03966229883,0.9226519337,0.04358494377,1.013903224,
92,256,OMP,0.0051942,0.001388,0.03473104617,0.3128242075,0.03775113714,0.3400263125,
93,256,OMP,0.0071448,0.0022974,0.02524913224,0.1889962566,0.02714960455,0.2032217813,
94,256,OMP,0.0084844,0.0050422,0.02126255245,0.08611320455,0.02261973665,0.09160979208,
95,256,OMP,0.0100408,0.0068104,0.01796669588,0.06375543287,0.01891231145,0.06711098197,
96,256,OMP,0.0087706,0.0076676,0.02056871822,0.05662788878,0.02142574814,0.05898738414,
1,512,SEQ,0.0011562,0.0029034,0,0,0,0,
1,512,OMP,0.0009854,0.0020102,1.173330627,1.444333897,117.3330627,144.4333897,
2,512,OMP,0.000973,0.0016854,1.188283659,1.722677109,59.41418294,86.13385546,
3,512,OMP,0.0008388,0.0010756,1.378397711,2.699330606,45.94659037,89.97768687,
4,512,OMP,0.0007626,0.0017944,1.516129032,1.618033883,37.90322581,40.45084708,
5,512,OMP,0.0006812,0.0008184,1.697298884,3.547653959,33.94597769,70.95307918,
6,512,OMP,0.000656,0.0008936,1.7625,3.249104745,29.375,54.15174575,
7,512,OMP,0.000631,0.0006672,1.832329635,4.351618705,26.17613765,62.1659815,
8,512,OMP,0.0005552,0.0021744,2.082492795,1.335264901,26.03115994,16.69081126,
9,512,OMP,0.000545,0.0007188,2.12146789,4.039232053,23.57186544,44.88035615,
10,512,OMP,0.0005844,0.000928,1.978439425,3.128663793,19.78439425,31.28663793,
11,512,OMP,0.0005292,0.001181,2.184807256,2.458425064,19.86188415,22.34931876,
12,512,OMP,0.0005528,0.0008224,2.091534009,3.530398833,17.42945007,29.41999027,
13,512,OMP,0.000544,0.0008138,2.125367647,3.567707053,16.3489819,27.44390041,
14,512,OMP,0.0005764,0.0008332,2.005898681,3.484637542,14.32784772,24.89026816,
15,512,OMP,0.0005184,0.0013306,2.230324074,2.182023147,14.86882716,14.54682098,
16,512,OMP,0.000545,0.002354,2.12146789,1.233389975,13.25917431,7.708687341,
17,512,OMP,0.000616,0.0012852,1.876948052,2.259103641,11.04087089,13.28884495,
18,512,OMP,0.000596,0.0010432,1.939932886,2.783167178,10.77740492,15.46203988,
19,512,OMP,0.0005974,0.001066,1.935386676,2.723639775,10.18624566,14.33494618,
20,512,OMP,0.000578,0.0010676,2.000346021,2.719557887,10.0017301,13.59778943,
21,512,OMP,0.0006234,0.0009888,1.85466795,2.936286408,8.831752143,13.98231623,
22,512,OMP,0.0006396,0.0011276,1.807692308,2.574849237,8.216783217,11.70386017,
23,512,OMP,0.0006548,0.001149,1.765729994,2.52689295,7.67708693,10.98649109,
24,512,OMP,0.0006768,0.001149,1.708333333,2.52689295,7.118055556,10.52872063,
25,512,OMP,0.000672,0.0011608,1.720535714,2.501206065,6.882142857,10.00482426,
26,512,OMP,0.0007084,0.0012922,1.632128741,2.24686581,6.277418234,8.641791578,
27,512,OMP,0.0006978,0.001244,1.656921754,2.33392283,6.136747237,8.644158628,
28,512,OMP,0.0007164,0.0013466,1.613902848,2.156096836,5.763938741,7.700345845,
29,512,OMP,0.0007508,0.0014394,1.539957379,2.017090454,5.310197858,6.955484325,
30,512,OMP,0.0007838,0.0017188,1.475121204,1.689201769,4.917070681,5.630672562,
31,512,OMP,0.0008086,0.0020758,1.429878803,1.398689662,4.612512267,4.511902135,
32,512,OMP,0.000814,0.0026422,1.42039312,1.098857013,4.438728501,3.433928166,
33,512,OMP,0.000814,0.0023042,1.42039312,1.260046871,4.304221577,3.818323851,
34,512,OMP,0.0008626,0.0017436,1.340366334,1.665175499,3.942253925,4.897574997,
35,512,OMP,0.0008814,0.001465,1.311776719,1.981843003,3.747933482,5.662408581,
36,512,OMP,0.0008496,0.0014724,1.360875706,1.971882641,3.780210295,5.477451779,
37,512,OMP,0.0009044,0.001563,1.27841663,1.857581574,3.455180081,5.02049074,
38,512,OMP,0.000889,0.0015678,1.30056243,1.851894374,3.42253271,4.873406248,
39,512,OMP,0.0009426,0.0015484,1.226607257,1.875096874,3.145146812,4.807940703,
40,512,OMP,0.0009054,0.001708,1.277004639,1.699882904,3.192511597,4.24970726,
41,512,OMP,0.000929,0.0016262,1.244564047,1.785389251,3.035522067,4.354607929,
42,512,OMP,0.000946,0.001772,1.222198732,1.638487585,2.90999698,3.901160916,
43,512,OMP,0.0010038,0.0017494,1.151823072,1.659654739,2.678658308,3.859662183,
44,512,OMP,0.00097,0.0017838,1.191958763,1.62764884,2.708997188,3.699201908,
45,512,OMP,0.0010078,0.0018696,1.147251439,1.552952503,2.549447642,3.451005563,
46,512,OMP,0.0010354,0.001927,1.116669886,1.506694344,2.427543231,3.275422486,
47,512,OMP,0.0010564,0.001866,1.094471791,1.555948553,2.328663385,3.310528836,
48,512,OMP,0.0010622,0.0020532,1.088495575,1.41408533,2.267699115,2.946011105,
49,512,OMP,0.0011174,0.0021096,1.034723465,1.376279863,2.111680541,2.808734415,
50,512,OMP,0.0010984,0.002074,1.052621996,1.399903568,2.105243991,2.799807136,
51,512,OMP,0.0011292,0.002093,1.023910733,1.387195413,2.007668104,2.719991006,
52,512,OMP,0.0011302,0.0021226,1.023004778,1.367850749,1.967316881,2.63048221,
53,512,OMP,0.0011214,0.0020624,1.031032638,1.407777347,1.9453446,2.656183673,
54,512,OMP,0.0011574,0.0020628,0.9989631934,1.407504363,1.84993184,2.606489561,
55,512,OMP,0.0011712,0.0021724,0.987192623,1.3364942,1.794895678,2.429989454,
56,512,OMP,0.0011936,0.0022604,0.9686662198,1.284462927,1.729761107,2.293683798,
57,512,OMP,0.0012112,0.0023286,0.9545904888,1.246843597,1.674720156,2.187444907,
58,512,OMP,0.0012254,0.0024338,0.9435286437,1.192949297,1.626773524,2.056809133,
59,512,OMP,0.001277,0.0024104,0.905403289,1.204530368,1.534581846,2.041576896,
60,512,OMP,0.0012902,0.0024282,0.8961401333,1.195700519,1.493566889,1.992834198,
61,512,OMP,0.0012832,0.0024084,0.9010286783,1.205530643,1.477096194,1.976279742,
62,512,OMP,0.0013222,0.002561,0.8744516715,1.133697774,1.410405922,1.828544797,
63,512,OMP,0.0013248,0.002714,0.8727355072,1.069786293,1.385294456,1.698073481,
64,512,OMP,0.0013526,0.0025982,0.8547981665,1.117465938,1.335622135,1.746040528,
65,512,OMP,0.0013632,0.0026606,0.8481514085,1.091257611,1.304848321,1.678857863,
66,512,OMP,0.0013686,0.002579,0.8448049101,1.125785188,1.28000744,1.705735133,
67,512,OMP,0.0014116,0.0027142,0.8190705582,1.069707464,1.22249337,1.596578305,
68,512,OMP,0.0013964,0.0025314,0.8279862504,1.146954255,1.217626839,1.686697433,
69,512,OMP,0.0014402,0.0026392,0.8028051659,1.100106093,1.163485748,1.594356656,
70,512,OMP,0.0014306,0.002629,0.8081923668,1.104374287,1.154560524,1.577677553,
71,512,OMP,0.0014864,0.0025132,0.7778525296,1.155260226,1.095566943,1.627127079,
72,512,OMP,0.001533,0.002515,0.7542074364,1.1544334,1.047510328,1.603379722,
73,512,OMP,0.0015382,0.002721,0.7516577818,1.067034179,1.029668194,1.461690656,
74,512,OMP,0.001534,0.002516,0.7537157757,1.153974563,1.018534832,1.559425085,
75,512,OMP,0.001548,0.0025922,0.7468992248,1.120052465,0.9958656331,1.493403287,
76,512,OMP,0.0015906,0.002798,0.7268955111,1.037669764,0.956441462,1.365354953,
77,512,OMP,0.0015968,0.0028462,0.7240731463,1.020096971,0.9403547354,1.324801262,
78,512,OMP,0.0015988,0.0026526,0.7231673755,1.094548745,0.9271376609,1.403267621,
79,512,OMP,0.0016298,0.0024346,0.7094121978,1.192557299,0.8979901238,1.509566201,
80,512,OMP,0.0016958,0.0026956,0.6818020993,1.077088589,0.8522526241,1.346360736,
81,512,OMP,0.0016936,0.002633,0.6826877657,1.102696544,0.8428244021,1.361353758,
82,512,OMP,0.0017068,0.002704,0.677408015,1.073742604,0.8261073354,1.309442199,
83,512,OMP,0.0017238,0.0025588,0.6707274626,1.134672503,0.8081053766,1.367075305,
84,512,OMP,0.0017708,0.00269,0.6529252315,1.079330855,0.7772919423,1.284917685,
85,512,OMP,0.0018314,0.0026618,0.6313203014,1.090765647,0.7427297664,1.283253703,
86,512,OMP,0.0018034,0.0026614,0.6411223245,1.090929586,0.745491075,1.268522774,
87,512,OMP,0.0025528,0.0025404,0.4529144469,1.142890883,0.5205913183,1.313667682,
88,512,OMP,0.0035022,0.0025772,0.3301353435,1.126571473,0.3751537994,1.280194856,
89,512,OMP,0.0041348,0.0025428,0.2796265841,1.141812176,0.3141871732,1.282935029,
90,512,OMP,0.0021672,0.0027532,0.5334994463,1.0545547,0.5927771625,1.171727444,
91,512,OMP,0.0030606,0.0032996,0.3777690649,0.8799248394,0.4151308405,0.9669503729,
92,512,OMP,0.004413,0.002703,0.2619986404,1.074139845,0.2847811308,1.167543309,
93,512,OMP,0.0093094,0.00729,0.1241970481,0.3982716049,0.1335452131,0.4282490376,
94,512,OMP,0.0091752,0.006363,0.1260136019,0.4562942008,0.1340570233,0.4854193626,
95,512,OMP,0.0072522,0.0062612,0.1594274841,0.4637130263,0.1678184043,0.488118975,
96,512,OMP,0.0098842,0.0094966,0.1169745655,0.305730472,0.1218485057,0.3184692416,
1,1024,SEQ,0.0051918,0.0209824,0,0,0,0,
1,1024,OMP,0.0039328,0.009744,1.320128153,2.153366174,132.0128153,215.3366174,
2,1024,OMP,0.0028634,0.0077892,1.813159181,2.693781133,90.65795907,134.6890566,
3,1024,OMP,0.0023488,0.0049014,2.210405313,4.280899335,73.68017711,142.6966445,
4,1024,OMP,0.0019046,0.006562,2.725926704,3.197561719,68.14816759,79.93904297,
5,1024,OMP,0.0016148,0.003397,3.215135001,6.176744186,64.30270002,123.5348837,
6,1024,OMP,0.0016222,0.0034004,3.2004685,6.170568168,53.34114166,102.8428028,
7,1024,OMP,0.0013364,0.0027532,3.884914696,7.621095453,55.49878137,108.8727922,
8,1024,OMP,0.0014148,0.0087648,3.669635284,2.393939394,45.87044105,29.92424242,
9,1024,OMP,0.0012624,0.0026792,4.112642586,7.83159152,45.69602873,87.01768355,
10,1024,OMP,0.001133,0.0022458,4.582347749,9.342951287,45.82347749,93.42951287,
11,1024,OMP,0.0011702,0.0025174,4.436677491,8.334948757,40.33343174,75.77226142,
12,1024,OMP,0.001135,0.0031018,4.574273128,6.764588304,38.11894273,56.3715692,
13,1024,OMP,0.0010772,0.0031948,4.819717787,6.567672468,37.07475221,50.52055744,
14,1024,OMP,0.001087,0.0023264,4.776264949,9.019257221,34.11617821,64.42326587,
15,1024,OMP,0.0010898,0.0017846,4.763993393,11.75748067,31.75995596,78.38320445,
16,1024,OMP,0.0011592,0.0160354,4.478778468,1.308504933,27.99236542,8.17815583,
17,1024,OMP,0.001,0.0018006,5.1918,11.65300455,30.54,68.54708561,
18,1024,OMP,0.0010192,0.0027836,5.09399529,7.537864636,28.29997384,41.87702575,
19,1024,OMP,0.00096,0.0024564,5.408125,8.541931282,28.46381579,44.95753306,
20,1024,OMP,0.0010538,0.0017656,4.926741317,11.88400544,24.63370659,59.42002719,
21,1024,OMP,0.0009902,0.0053212,5.243183195,3.943170713,24.96753903,18.7770034,
22,1024,OMP,0.0010168,0.0042966,5.106018883,4.883489271,23.20917674,22.1976785,
23,1024,OMP,0.0010696,0.002032,4.853964099,10.32598425,21.10419173,44.8955837,
24,1024,OMP,0.0010582,0.001878,4.906255906,11.17273695,20.44273294,46.55307064,
25,1024,OMP,0.0009838,0.0034754,5.277292133,6.037405766,21.10916853,24.14962306,
26,1024,OMP,0.0010314,0.0036208,5.033740547,5.794962439,19.36054056,22.28831707,
27,1024,OMP,0.0010674,0.0026786,4.863968522,7.833345778,18.01469823,29.01239177,
28,1024,OMP,0.001021,0.0023134,5.085014691,9.069940348,18.16076676,32.3926441,
29,1024,OMP,0.0010778,0.0023782,4.8170347,8.822807165,16.61046448,30.42347298,
30,1024,OMP,0.0010972,0.002224,4.731862924,9.434532374,15.77287641,31.44844125,
31,1024,OMP,0.0010952,0.004316,4.740504018,4.861538462,15.29194844,15.68238213,
32,1024,OMP,0.0011264,0.0136406,4.609197443,1.538231456,14.40374201,4.8069733,
33,1024,OMP,0.001095,0.004636,4.741369863,4.525970664,14.36778746,13.71506262,
34,1024,OMP,0.0011318,0.0024236,4.58720622,8.657534247,13.491783,25.46333602,
35,1024,OMP,0.0011548,0.0026934,4.495843436,7.79030222,12.84526696,22.25800634,
36,1024,OMP,0.001186,0.0025858,4.377571669,8.114471343,12.1599213,22.54019818,
37,1024,OMP,0.0011598,0.0026808,4.476461459,7.826917338,12.09854448,21.15383064,
38,1024,OMP,0.0011866,0.0027578,4.375358166,7.608383494,11.51410044,20.02206183,
39,1024,OMP,0.001201,0.0028244,4.322897585,7.428976066,11.08435278,19.04865658,
40,1024,OMP,0.0011852,0.0028008,4.380526493,7.491573836,10.95131623,18.72893459,
41,1024,OMP,0.0012836,0.0042684,4.044717981,4.915752975,9.865165807,11.9896414,
42,1024,OMP,0.0012658,0.0055882,4.101595829,3.754768977,9.765704354,8.939926137,
43,1024,OMP,0.0012882,0.0059594,4.030274802,3.520891365,9.372732098,8.188119453,
44,1024,OMP,0.0012688,0.0058076,4.091897856,3.612921,9.299767855,8.211184091,
45,1024,OMP,0.0013374,0.0040864,3.88200987,5.134690681,8.6266886,11.41042374,
46,1024,OMP,0.0013056,0.0032776,3.9765625,6.401757383,8.644701087,13.91686388,
47,1024,OMP,0.0013628,0.0033396,3.809656589,6.282908133,8.105652318,13.36788964,
48,1024,OMP,0.0013408,0.0034698,3.872165871,6.047149692,8.067012232,12.59822852,
49,1024,OMP,0.0013836,0.0034842,3.752385082,6.022157167,7.65792874,12.29011667,
50,1024,OMP,0.0013786,0.0034906,3.765994487,6.011115568,7.531988974,12.02223114,
51,1024,OMP,0.001377,0.0037636,3.77037037,5.575087682,7.392883079,10.93154447,
52,1024,OMP,0.0013764,0.003637,3.772013949,5.769150399,7.25387298,11.09452,
53,1024,OMP,0.0014294,0.0037878,3.632153351,5.539468821,6.85311953,10.45182796,
54,1024,OMP,0.0014802,0.0039624,3.507498987,5.295376539,6.495368494,9.806252851,
55,1024,OMP,0.0014664,0.003811,3.540507365,5.505746523,6.437286118,10.01044822,
56,1024,OMP,0.0014966,0.0040616,3.46906321,5.166042939,6.194755732,9.225076676,
57,1024,OMP,0.0015026,0.003998,3.455210968,5.248224112,6.061773627,9.207410723,
58,1024,OMP,0.0015206,0.0042518,3.414310141,4.9349452,5.886741622,8.508526206,
59,1024,OMP,0.0015898,0.0039992,3.265693798,5.24664933,5.535074234,8.892625983,
60,1024,OMP,0.0015606,0.0041638,3.326797386,5.039242999,5.544662309,8.398738332,
61,1024,OMP,0.001592,0.0061362,3.261180905,3.419445259,5.346198204,5.605647966,
62,1024,OMP,0.0016156,0.0098816,3.213542956,2.123380829,5.1831338,3.424807789,
63,1024,OMP,0.0016244,0.0123566,3.196133957,1.698072285,5.073228503,2.695352834,
64,1024,OMP,0.001678,0.01729,3.094040524,1.213556969,4.834438319,1.896182765,
65,1024,OMP,0.0016604,0.012118,3.126836907,1.731506849,4.810518318,2.663856691,
66,1024,OMP,0.001706,0.0106232,3.043259086,1.975148731,4.610998615,2.992649593,
67,1024,OMP,0.001726,0.008045,3.007995365,2.608129273,4.489545321,3.892730258,
68,1024,OMP,0.0018128,0.004768,2.863967343,4.400671141,4.211716681,6.471575207,
69,1024,OMP,0.0017408,0.0050508,2.982421875,4.15427259,4.322350543,6.020684914,
70,1024,OMP,0.0017894,0.0049028,2.90141947,4.279676919,4.144884957,6.11382417,
71,1024,OMP,0.001864,0.0048786,2.785300429,4.300905998,3.922958351,6.057614081,
72,1024,OMP,0.0018722,0.0051418,2.773101164,4.080749932,3.851529395,5.667708239,
73,1024,OMP,0.0018568,0.0051866,2.796100819,4.04550187,3.830275094,5.541783384,
74,1024,OMP,0.0019034,0.0053814,2.727645266,3.899059724,3.686007117,5.268999627,
75,1024,OMP,0.0019034,0.0053016,2.727645266,3.957748604,3.636860355,5.276998139,
76,1024,OMP,0.0019774,0.0053566,2.625568929,3.917111601,3.454695959,5.154094211,
77,1024,OMP,0.0019514,0.0056004,2.660551399,3.746589529,3.455261557,4.865700687,
78,1024,OMP,0.001967,0.0054778,2.639450941,3.830442879,3.383911462,4.910824203,
79,1024,OMP,0.0020312,0.0058074,2.556025994,3.613045425,3.235475942,4.573475221,
80,1024,OMP,0.0020642,0.0058442,2.515163259,3.590294651,3.143954074,4.487868314,
81,1024,OMP,0.0020284,0.0058038,2.559554329,3.615286536,3.159943615,4.463316712,
82,1024,OMP,0.0020746,0.0060486,2.502554709,3.468968026,3.051895987,4.230448812,
83,1024,OMP,0.0021196,0.006135,2.44942442,3.420114099,2.951113759,4.120619397,
84,1024,OMP,0.0021612,0.006211,2.402276513,3.37826437,2.859852992,4.021743297,
85,1024,OMP,0.0021592,0.0061018,2.404501667,3.438723,2.828825491,4.04555647,
86,1024,OMP,0.0021486,0.0062672,2.416364144,3.347970385,2.809725749,3.89298882,
87,1024,OMP,0.0021872,0.0063998,2.373719824,3.278602456,2.728413591,3.76850857,
88,1024,OMP,0.0037624,0.0063656,1.379917074,3.296217167,1.568087584,3.745701326,
89,1024,OMP,0.0068216,0.008399,0.761082444,2.498202167,0.8551488135,2.806968727,
90,1024,OMP,0.0045108,0.0075808,1.150971003,2.767834529,1.27885667,3.075371699,
91,1024,OMP,0.0065034,0.0086104,0.7983208783,2.436867045,0.8772756905,2.677875873,
92,1024,OMP,0.0055664,0.0075316,0.932703363,2.785915343,1.013808003,3.028168851,
93,1024,OMP,0.0058166,0.0079848,0.8925832961,2.627792806,0.959766985,2.825583663,
94,1024,OMP,0.010275,0.0068012,0.5052846715,3.085102629,0.5375368846,3.282024073,
95,1024,OMP,0.0090406,0.0107944,0.5742760436,1.943822723,0.6045010986,2.046129182,
96,1024,OMP,0.0091192,0.012611,0.5693262567,1.663817302,0.5930481841,1.733143023,
1,2048,SEQ,0.0312388,0.0872846,0,0,0,0,
1,2048,OMP,0.0167768,0.0493268,1.862023747,1.769516774,186.2023747,176.9516774,
2,2048,OMP,0.0107836,0.0251434,2.896880448,3.471471639,144.8440224,173.5735819,
3,2048,OMP,0.0084336,0.0180944,3.704088408,4.823846052,123.4696136,160.7948684,
4,2048,OMP,0.0066892,0.019733,4.670035281,4.423280799,116.750882,110.58202,
5,2048,OMP,0.0054946,0.0115944,5.685363812,7.528168771,113.7072762,150.5633754,
6,2048,OMP,0.0048052,0.010303,6.501040539,8.471765505,108.3506757,141.1960918,
7,2048,OMP,0.0043146,0.0090334,7.240254021,9.662430536,103.4322003,138.0347219,
8,2048,OMP,0.0038922,0.0248216,8.026000719,3.516477584,100.325009,43.9559698,
9,2048,OMP,0.0035868,0.0078022,8.709378834,11.18717798,96.77087593,124.3019775,
10,2048,OMP,0.0033424,0.0070332,9.346218286,12.41036797,93.46218286,124.1036797,
11,2048,OMP,0.0029844,0.010602,10.46736362,8.23284286,95.15785113,74.844026,
12,2048,OMP,0.002821,0.0076768,11.07366182,11.36991976,92.28051518,94.74933132,
13,2048,OMP,0.0026652,0.0069712,11.72099655,12.52074248,90.16151191,96.31340372,
14,2048,OMP,0.0025672,0.0056398,12.16843253,15.47654172,86.91737524,110.5467266,
15,2048,OMP,0.0025956,0.005303,12.03529049,16.45947577,80.23526994,109.7298385,
16,2048,OMP,0.0023664,0.0399964,13.20098039,2.182311408,82.50612745,13.6394463,
17,2048,OMP,0.0024374,0.0049542,12.81644375,17.61830366,75.3908456,103.6370804,
18,2048,OMP,0.0023012,0.0046916,13.57500435,18.60444198,75.41669081,103.358011,
19,2048,OMP,0.002318,0.0058642,13.47661777,14.884315,70.92956723,78.33849998,
20,2048,OMP,0.002279,0.0055248,13.70724002,15.79868955,68.53620009,78.99344773,
21,2048,OMP,0.0022084,0.0074832,14.14544467,11.66407419,67.35926031,55.54321044,
22,2048,OMP,0.0021572,0.0056016,14.48117931,15.58208369,65.8235423,70.82765314,
23,2048,OMP,0.0021304,0.0049304,14.66334961,17.70335064,63.75369394,76.97108974,
24,2048,OMP,0.0020834,0.0077848,14.99414419,11.21218272,62.47560078,46.71742798,
25,2048,OMP,0.0020958,0.0044034,14.90542991,19.82209202,59.62171963,79.28836808,
26,2048,OMP,0.0020542,0.006001,15.20728264,14.54500917,58.48954862,55.94234294,
27,2048,OMP,0.0020276,0.0038816,15.40678635,22.48675804,57.06217166,83.28428903,
28,2048,OMP,0.002075,0.004039,15.05484337,21.61044813,53.76729776,77.1801719,
29,2048,OMP,0.0020404,0.003903,15.31013527,22.363464,52.79356989,77.11539311,
30,2048,OMP,0.0020894,0.0037434,14.95108644,23.31693113,49.83695479,77.72310377,
31,2048,OMP,0.0020622,0.025713,15.14828824,3.39457084,48.86544592,10.95022852,
32,2048,OMP,0.0020658,0.0800676,15.12188982,1.090136335,47.2559057,3.406676046,
33,2048,OMP,0.0020894,0.027208,14.95108644,3.208049103,45.30632253,9.721360919,
34,2048,OMP,0.002122,0.0036832,14.72139491,23.69803432,43.29822032,69.70010094,
35,2048,OMP,0.0020862,0.0036412,14.97401975,23.97138306,42.78291357,68.48966589,
36,2048,OMP,0.0021398,0.0039672,14.59893448,22.00156282,40.55259578,61.11545226,
37,2048,OMP,0.002096,0.0042912,14.90400763,20.34037099,40.28110171,54.97397565,
38,2048,OMP,0.002203,0.0033024,14.18011802,26.43065649,37.31610005,69.55435919,
39,2048,OMP,0.0021932,0.0034608,14.24347985,25.22093158,36.5217432,64.66905532,
40,2048,OMP,0.0021786,0.0037872,14.33893326,23.04726447,35.84733315,57.61816117,
41,2048,OMP,0.002237,0.003643,13.96459544,23.95953884,34.05998888,58.43789961,
42,2048,OMP,0.0022156,0.0111812,14.09947644,7.806371409,33.570182,18.58659859,
43,2048,OMP,0.0023108,0.0119596,13.51860827,7.298287568,31.43862389,16.97276179,
44,2048,OMP,0.0023088,0.0051636,13.53031878,16.90382679,30.7507245,38.41778815,
45,2048,OMP,0.0023066,0.0043678,13.54322379,19.9836531,30.09605287,44.40811799,
46,2048,OMP,0.0023298,0.0042536,13.40836123,20.52017115,29.14861138,44.60906772,
47,2048,OMP,0.0022676,0.0046556,13.776151,18.74830312,29.31095957,39.89000664,
48,2048,OMP,0.0023308,0.005346,13.40260855,16.32708567,27.92210114,34.01476182,
49,2048,OMP,0.0024216,0.0056294,12.90006607,15.50513376,26.32666545,31.64313013,
50,2048,OMP,0.0024568,0.0076102,12.71523934,11.46942262,25.43047867,22.93884523,
51,2048,OMP,0.0024204,0.0080212,12.90646174,10.88173839,25.30678773,21.33674195,
52,2048,OMP,0.0024392,0.0087444,12.8069859,9.981771191,24.62881903,19.19571383,
53,2048,OMP,0.0023968,0.0049486,13.03354473,17.63824112,24.59159382,33.27970022,
54,2048,OMP,0.0024994,0.003943,12.49851964,22.1365965,23.14540675,40.99369722,
55,2048,OMP,0.0024628,0.0042476,12.68426182,20.54915717,23.06229421,37.36210395,
56,2048,OMP,0.002578,0.004837,12.11745539,18.0451933,21.6383132,32.22355947,
57,2048,OMP,0.0024794,0.0036938,12.59933855,23.6300287,22.10410272,41.4561907,
58,2048,OMP,0.0025184,0.0044252,12.4042249,19.72444183,21.38659466,34.00765833,
59,2048,OMP,0.0026166,0.0035452,11.93869908,24.62050096,20.23508318,41.72966264,
60,2048,OMP,0.0025558,0.0038722,12.22270913,22.541346,20.37118189,37.56891001,
61,2048,OMP,0.0025048,0.0051366,12.47157458,16.99267998,20.44520422,27.85685243,
62,2048,OMP,0.0025908,0.0300378,12.05758839,2.905825327,19.44772321,4.686815043,
63,2048,OMP,0.0026222,0.0368208,11.91320265,2.370524269,18.90984548,3.762736935,
64,2048,OMP,0.0026514,0.0706602,11.78200196,1.235272473,18.40937806,1.930113239,
65,2048,OMP,0.0026386,0.0294084,11.83915713,2.968015941,18.21408789,4.566178371,
66,2048,OMP,0.0026734,0.0299278,11.68504526,2.916505724,17.70461403,4.418948066,
67,2048,OMP,0.0027902,0.0067604,11.19589994,12.9111591,16.71029841,19.27038672,
68,2048,OMP,0.0026812,0.0038658,11.65105177,22.57866418,17.13389966,33.20391792,
69,2048,OMP,0.0027774,0.0033688,11.24749766,25.90970078,16.30072125,37.55029099,
70,2048,OMP,0.00276,0.0036174,11.3184058,24.12909825,16.16915114,34.47014035,
71,2048,OMP,0.002823,0.0046762,11.06581651,18.66571148,15.58565705,26.28973447,
72,2048,OMP,0.002933,0.0053712,10.65080123,16.25048406,14.79277948,22.57011675,
73,2048,OMP,0.002854,0.0064714,10.94562018,13.48774608,14.99400025,18.4763645,
74,2048,OMP,0.0028588,0.0062256,10.9272422,14.02027114,14.76654351,18.94631235,
75,2048,OMP,0.0028416,0.00534,10.99338401,16.34543071,14.65784535,21.79390762,
76,2048,OMP,0.0028314,0.0051202,11.03298721,17.04710753,14.51708844,22.43040465,
77,2048,OMP,0.0029216,0.0046568,10.69236035,18.74347191,13.88618227,24.34217131,
78,2048,OMP,0.0029212,0.0044126,10.69382446,19.78076418,13.71003135,25.35995407,
79,2048,OMP,0.0044986,0.0033042,6.944115947,26.4162581,8.790020186,33.43830139,
80,2048,OMP,0.0030778,0.0043872,10.14971733,19.89528629,12.68714666,24.86910786,
81,2048,OMP,0.0030666,0.0073526,10.18678667,11.87125643,12.57627984,14.65587213,
82,2048,OMP,0.0030196,0.0085434,10.34534375,10.21661165,12.61627287,12.4592825,
83,2048,OMP,0.0031902,0.0102724,9.792113347,8.497001674,11.79772692,10.23735141,
84,2048,OMP,0.0031342,0.0160858,9.967072937,5.426189558,11.86556302,6.459749474,
85,2048,OMP,0.0031606,0.014964,9.883819528,5.832972467,11.62802297,6.86232055,
86,2048,OMP,0.0032484,0.0168286,9.616672824,5.186682196,11.1821777,6.031025809,
87,2048,OMP,0.0050818,0.015445,6.14719194,5.651317579,7.065737862,6.495767332,
88,2048,OMP,0.003104,0.009093,10.06404639,9.599098207,11.43641635,10.90806614,
89,2048,OMP,0.0038414,0.0079092,8.132139324,11.03583169,9.137235196,12.39981089,
90,2048,OMP,0.004711,0.009814,6.631033751,8.893886285,7.367815279,9.882095872,
91,2048,OMP,0.0047602,0.008471,6.562497374,10.30393106,7.211535576,11.32300116,
92,2048,OMP,0.007305,0.004527,4.276358658,19.28089242,4.648215933,20.95749176,
93,2048,OMP,0.0071278,0.0062706,4.38267067,13.91965681,4.712549107,14.96737292,
94,2048,OMP,0.0082414,0.0091038,3.790472493,9.587710626,4.032417545,10.19969216,
95,2048,OMP,0.0108578,0.0097284,2.877083755,8.972143415,3.028509216,9.44436149,
96,2048,OMP,0.0105978,0.0116928,2.947668384,7.464815955,3.0704879,7.775849953,
1,4096,SEQ,0.1949686,0.3555672,0,0,0,0,
1,4096,OMP,0.0802318,0.1874654,2.430066383,1.896708406,243.0066383,189.6708406,
2,4096,OMP,0.048028,0.1041648,4.059477805,3.41350629,202.9738902,170.6753145,
3,4096,OMP,0.0363126,0.0727788,5.369172133,4.885587561,178.9724044,162.8529187,
4,4096,OMP,0.0287878,0.0514598,6.772612009,6.909610997,169.3153002,172.7402749,
5,4096,OMP,0.0233206,0.049034,8.36035951,7.251441857,167.2071902,145.0288371,
6,4096,OMP,0.020159,0.040872,9.671541247,8.699530241,161.1923541,144.9921707,
7,4096,OMP,0.0177704,0.0389562,10.97153694,9.127358418,156.736242,130.3908345,
8,4096,OMP,0.0159316,0.044954,12.23785433,7.90957868,152.9731791,98.86973351,
9,4096,OMP,0.0143748,0.034705,13.56322175,10.24541709,150.7024639,113.8379676,
10,4096,OMP,0.013057,0.027897,14.93211304,12.74571459,149.3211304,127.4571459,
11,4096,OMP,0.0119386,0.0278642,16.33094333,12.76071805,148.4631212,116.0065278,
12,4096,OMP,0.011377,0.024678,17.13708359,14.40826647,142.8090299,120.0688873,
13,4096,OMP,0.0105192,0.029009,18.53454635,12.25713399,142.5734335,94.2856461,
14,4096,OMP,0.0100582,0.0245464,19.38404486,14.48551315,138.4574633,103.4679511,
15,4096,OMP,0.0097066,0.0205088,20.08618878,17.33729911,133.9079252,115.5819941,
16,4096,OMP,0.0091862,0.0580346,21.22407524,6.126814004,132.6504703,38.29258753,
17,4096,OMP,0.0090556,0.018765,21.53016918,18.94842526,126.648054,111.4613251,
18,4096,OMP,0.0086938,0.0212262,22.42616577,16.75133561,124.5898099,93.06297563,
19,4096,OMP,0.008515,0.0187846,22.89707575,18.92865432,120.510925,99.62449644,
20,4096,OMP,0.007984,0.0168302,24.41991483,21.12673646,122.0995741,105.6336823,
21,4096,OMP,0.007861,0.034499,24.80200992,10.30659439,118.1048092,49.07902092,
22,4096,OMP,0.0077562,0.0317528,25.13712901,11.19797939,114.2596773,50.89990632,
23,4096,OMP,0.0076778,0.0157402,25.39381073,22.58975108,110.4078727,98.21630906,
24,4096,OMP,0.0077234,0.0203414,25.24388223,17.4799768,105.1828426,72.83323665,
25,4096,OMP,0.0072648,0.0169434,26.8374353,20.98558731,107.3497412,83.94234923,
26,4096,OMP,0.0073326,0.0199058,26.5892862,17.86249234,102.2664854,68.70189361,
27,4096,OMP,0.0071682,0.0152722,27.19910159,23.2819895,100.7374133,86.22959073,
28,4096,OMP,0.0072848,0.0139694,26.76375467,25.45329076,95.5848381,90.90460987,
29,4096,OMP,0.0070638,0.0145706,27.6010929,24.40305821,95.1761824,84.1484766,
30,4096,OMP,0.0070384,0.0130566,27.70069902,27.23275585,92.33566341,90.77585283,
31,4096,OMP,0.0070158,0.0499698,27.7899313,7.115641848,89.64493967,22.95368338,
32,4096,OMP,0.0070022,0.1106752,27.8439062,3.2127089,87.01220688,10.03971531,
33,4096,OMP,0.0068606,0.053976,28.41859313,6.587505558,86.11694887,19.96213805,
34,4096,OMP,0.007002,0.0122492,27.84470151,29.02778957,81.89618092,85.37585168,
35,4096,OMP,0.0069216,0.012683,28.16814031,28.03494441,80.4804009,80.09984118,
36,4096,OMP,0.0070118,0.0120176,27.80578453,29.58720543,77.23829037,82.18668176,
37,4096,OMP,0.0070012,0.0133722,27.84788322,26.59003006,75.26454924,71.86494611,
38,4096,OMP,0.0069538,0.0157678,28.037706,22.55020992,73.78343685,59.34265769,
39,4096,OMP,0.0068974,0.0142046,28.26697016,25.03183476,72.47941067,64.18419169,
40,4096,OMP,0.0069608,0.0135106,28.0095104,26.31764688,70.023776,65.79411721,
41,4096,OMP,0.007,0.0118654,27.85265714,29.96672679,67.9333101,73.08957753,
42,4096,OMP,0.0070442,0.0209546,27.67789103,16.96845561,65.89974055,40.40108479,
43,4096,OMP,0.006991,0.0327274,27.8885138,10.86451108,64.85700885,25.26630484,
44,4096,OMP,0.0070628,0.0108178,27.60500085,32.86871637,62.73863829,74.70162812,
45,4096,OMP,0.0070644,0.0113276,27.59874866,31.38945584,61.33055257,69.75434632,
46,4096,OMP,0.0071482,0.0133536,27.27520215,26.62706686,59.29391771,57.88492795,
47,4096,OMP,0.0070624,0.0110928,27.60656434,32.05387278,58.73737094,68.19972932,
48,4096,OMP,0.0072616,0.0234862,26.84926187,15.13940953,55.93596223,31.54043651,
49,4096,OMP,0.0070694,0.0117164,27.57922879,30.34782015,56.28414039,61.93432684,
50,4096,OMP,0.0070782,0.0118334,27.5449408,30.04776311,55.08988161,60.09552622,
51,4096,OMP,0.0072544,0.0303684,26.87590979,11.70846011,52.69786234,22.95776492,
52,4096,OMP,0.0073128,0.0111168,26.66127885,31.98467185,51.2716901,61.50898432,
53,4096,OMP,0.0072918,0.0138172,26.73806193,25.73366529,50.44917346,48.55408545,
54,4096,OMP,0.0073882,0.0114578,26.38918816,31.03276371,48.86886697,57.46808094,
55,4096,OMP,0.0075484,0.0116226,25.82912935,30.59274173,46.96205337,55.62316678,
56,4096,OMP,0.0076154,0.0124092,25.60188565,28.65351513,45.71765295,51.16699131,
57,4096,OMP,0.0077076,0.0163558,25.29563029,21.73951748,44.37829875,38.13950435,
58,4096,OMP,0.0076392,0.0110794,25.52212274,32.0926404,44.00365989,55.33213861,
59,4096,OMP,0.0077376,0.0103518,25.1975548,34.34834522,42.70772,58.21753426,
60,4096,OMP,0.007428,0.0101044,26.24779214,35.18934326,43.74632023,58.64890543,
61,4096,OMP,0.007683,0.0393282,25.37662371,9.041023998,41.60102248,14.82135082,
62,4096,OMP,0.0077402,0.0850044,25.18909072,4.182927001,40.62756568,6.746656454,
63,4096,OMP,0.0077292,0.1249326,25.22493919,2.846072202,40.03958602,4.517574924,
64,4096,OMP,0.0076152,0.229063,25.60255804,1.552268153,40.00399694,2.42541899,
65,4096,OMP,0.007956,0.1223526,24.50585721,2.90608618,37.70131879,4.470901816,
66,4096,OMP,0.0077314,0.0900012,25.21776134,3.950693991,38.2087293,5.985899986,
67,4096,OMP,0.0079124,0.0461228,24.64089278,7.709141683,36.7774519,11.50618162,
68,4096,OMP,0.0078754,0.016851,24.75665998,21.10065871,36.40685291,31.03038046,
69,4096,OMP,0.0081624,0.0101016,23.88618544,35.19909717,34.61766005,51.01318431,
70,4096,OMP,0.0079358,0.0108836,24.56823509,32.6699989,35.0974787,46.671427,
71,4096,OMP,0.008023,0.0107718,24.30120902,33.00907926,34.22705496,46.49166093,
72,4096,OMP,0.0079688,0.0116312,24.46649433,30.57012174,33.98124212,42.45850242,
73,4096,OMP,0.008005,0.027777,24.35585259,12.80077762,33.36418163,17.53531181,
74,4096,OMP,0.0080514,0.0149676,24.21549047,23.75579251,32.72363578,32.10242231,
75,4096,OMP,0.0081064,0.0129002,24.05119412,27.56292151,32.06825882,36.75056201,
76,4096,OMP,0.0078586,0.010041,24.8095844,35.41153272,32.64419001,46.59412199,
77,4096,OMP,0.0082172,0.0112076,23.72688994,31.72554338,30.81414278,41.20200439,
78,4096,OMP,0.0079812,0.0111972,24.42848193,31.75501018,31.31856658,40.71155151,
79,4096,OMP,0.0079322,0.0115416,24.57938529,30.80744438,31.11314594,38.99676503,
80,4096,OMP,0.007855,0.0132944,24.82095481,26.74563726,31.02619351,33.43204658,
81,4096,OMP,0.009969,0.0147772,19.55748821,24.06187911,24.14504718,29.70602359,
82,4096,OMP,0.0087478,0.0112344,22.28772949,31.64986114,27.18015791,38.59739164,
83,4096,OMP,0.0079402,0.0110794,24.55462079,32.0926404,29.58388047,38.6658318,
84,4096,OMP,0.0080232,0.0166948,24.30060325,21.29808084,28.92928958,25.35485814,
85,4096,OMP,0.0083884,0.0563948,23.2426446,6.304964287,27.34428777,7.417605044,
86,4096,OMP,0.0087922,0.042442,22.175178,8.377720183,25.7850907,9.741535096,
87,4096,OMP,0.0079022,0.0109004,24.67269874,32.61964699,28.35942384,37.49384711,
88,4096,OMP,0.0086064,0.011411,22.65390872,31.16003856,25.74307809,35.40913473,
89,4096,OMP,0.009265,0.0115668,21.04356179,30.74032576,23.64445145,34.53969187,
90,4096,OMP,0.0127434,0.0128982,15.29957468,27.56719542,16.99952742,30.63021714,
91,4096,OMP,0.0103308,0.0105994,18.87255585,33.5459743,20.73907237,36.86370802,
92,4096,OMP,0.0118408,0.0126814,16.46583001,28.03848156,17.89764132,30.47661039,
93,4096,OMP,0.0092704,0.0106816,21.03130394,33.28782205,22.61430531,35.79335704,
94,4096,OMP,0.014202,0.0250712,13.72824954,14.18229682,14.60452079,15.08754981,
95,4096,OMP,0.013728,0.0300548,14.20225816,11.83062938,14.94974543,12.45329409,
96,4096,OMP,0.0162642,0.0385778,11.98759238,9.216886396,12.4870754,9.600923329,